filepath,openness,conscientiousness,extraversion,agreeableness,neuroticism
dataset/archive/Actor_01/03-01-01-01-01-01-01.wav,52.53077739977201,60.82685559588522,73.0655865464156,85.18209523493913,62.44322090649093
dataset/archive/Actor_01/03-01-01-01-01-02-01.wav,58.241780424228004,43.971910448696185,81.42750879828694,86.74275934747618,50.51633322763481
dataset/archive/Actor_01/03-01-01-01-02-01-01.wav,69.73186786671961,70.31583997633592,69.03904625662602,75.53097161156327,56.1959408463059
dataset/archive/Actor_01/03-01-01-01-02-02-01.wav,82.06796131549157,82.52297287027284,47.49904621970405,63.6697186896219,45.57353476177546
dataset/archive/Actor_01/03-01-02-01-01-01-01.wav,68.72247585396447,84.43261001437445,87.90072333723995,51.729129392002164,53.05003058833361
dataset/archive/Actor_01/03-01-02-01-01-02-01.wav,80.65480660419118,85.86773949523001,55.53888134962244,62.38350573277462,52.9940643181848
dataset/archive/Actor_01/03-01-02-01-02-01-01.wav,49.77584433129636,58.521946479493245,83.09026950382038,76.11646929790687,44.71630059900235
dataset/archive/Actor_01/03-01-02-01-02-02-01.wav,86.97596121601705,55.31815086883113,85.72388172770795,49.52046797203347,64.50016669119474
dataset/archive/Actor_01/03-01-02-02-01-01-01.wav,80.67630155390626,84.5410474188605,42.93414883669178,56.791285931104184,68.49356822871692
dataset/archive/Actor_01/03-01-02-02-01-02-01.wav,80.90578342718217,44.70464275889697,71.59971721712805,69.69911199160558,58.05218526720654
dataset/archive/Actor_01/03-01-02-02-02-01-01.wav,42.06968810234912,85.0075321120161,43.57437891746151,58.22420145416871,78.91945768636273
dataset/archive/Actor_01/03-01-02-02-02-02-01.wav,78.01140870456574,89.49442341665491,76.46460226139394,46.523829049028905,68.49924754531858
dataset/archive/Actor_01/03-01-03-01-01-01-01.wav,70.22795636084317,64.29442027733714,45.832774079363766,68.57908756501834,73.15388889793648
dataset/archive/Actor_01/03-01-03-01-01-02-01.wav,87.0564063490643,83.38978957323786,82.67619525517784,49.46834094901319,74.70206116864038
dataset/archive/Actor_01/03-01-03-01-02-01-01.wav,82.23235163055035,42.75754113127013,52.215332353200125,41.948743723374015,48.06675723904741
dataset/archive/Actor_01/03-01-03-01-02-02-01.wav,42.01487311319628,78.68448585437639,63.41694841725449,60.7379579222182,46.63960467189959
dataset/archive/Actor_01/03-01-03-02-01-01-01.wav,81.80969286246074,80.79761919103413,83.5557678645427,58.81814138872391,75.90443589804076
dataset/archive/Actor_01/03-01-03-02-01-02-01.wav,54.98835510467109,67.59163941529144,65.60284770466568,83.41411676634115,52.07604146281349
dataset/archive/Actor_01/03-01-03-02-02-01-01.wav,73.503064952984,65.66735245953308,81.94616761233942,69.37607103967787,63.0816740889185
dataset/archive/Actor_01/03-01-03-02-02-02-01.wav,41.944421884325834,84.28146615430668,54.48697153296774,50.17902210405456,82.25236372434179
dataset/archive/Actor_01/03-01-04-01-01-01-01.wav,80.27659935244364,75.62545168439637,49.75468303386751,49.39661725011506,64.09528360670534
dataset/archive/Actor_01/03-01-04-01-01-02-01.wav,85.78706776951847,42.060186453052964,86.10684013336342,46.453941622266655,83.52730830656681
dataset/archive/Actor_01/03-01-04-01-02-01-01.wav,85.44683523671182,71.79739998002447,55.28104180110348,51.19152836929052,53.78164197087801
dataset/archive/Actor_01/03-01-04-01-02-02-01.wav,43.20300430379223,83.84930900721685,83.94546986393087,53.13661360126924,56.124858503286774
dataset/archive/Actor_01/03-01-04-02-01-01-01.wav,81.88548171191917,80.52495697003633,49.005004186915784,66.14155254511721,74.70705140009326
dataset/archive/Actor_01/03-01-04-02-01-02-01.wav,64.15047238303616,72.67181318275968,63.42845126630009,81.049287184874,60.80135132190843
dataset/archive/Actor_01/03-01-04-02-02-01-01.wav,66.99212717928408,85.23908883255694,64.19013753308539,68.52004767600465,66.40269388268781
dataset/archive/Actor_01/03-01-04-02-02-02-01.wav,69.64954833935226,83.6735195923655,69.60193944543732,61.556380132330546,75.20782434200274
dataset/archive/Actor_01/03-01-05-01-01-01-01.wav,42.97147235878478,86.52407902158211,65.92807598986086,57.79052872885033,50.0982702152394
dataset/archive/Actor_01/03-01-05-01-01-02-01.wav,52.50532224279791,55.821231262452905,77.91920612622883,56.00529868091556,82.25588992365121
dataset/archive/Actor_01/03-01-05-01-02-01-01.wav,66.89481793612764,59.9494894558747,88.90021141898575,89.16340135648412,89.00766443104915
dataset/archive/Actor_01/03-01-05-01-02-02-01.wav,40.380262283034405,78.98560253168023,67.44109745521902,49.1622553525989,60.0264295821329
dataset/archive/Actor_01/03-01-05-02-01-01-01.wav,62.056934932411295,78.92604629717115,51.06117162734561,49.6509316473304,45.80488470817136
dataset/archive/Actor_01/03-01-05-02-01-02-01.wav,45.49017851020493,83.29209255380667,49.54512724531721,78.78301046011094,63.20536902760945
dataset/archive/Actor_01/03-01-05-02-02-01-01.wav,85.12749877111142,73.71319526934332,60.78133452500312,80.31542767735408,72.56612478629822
dataset/archive/Actor_01/03-01-05-02-02-02-01.wav,82.96862431963702,55.82994270334512,83.49249628476326,54.72481695303095,45.52445779730758
dataset/archive/Actor_01/03-01-06-01-01-01-01.wav,43.65663011021346,65.12138528401321,53.815877530072314,68.46896937332193,52.036791555736066
dataset/archive/Actor_01/03-01-06-01-01-02-01.wav,68.1015383652119,87.61566439306506,59.61842468455481,41.475382664512956,79.07320601505512
dataset/archive/Actor_01/03-01-06-01-02-01-01.wav,83.27992860209497,74.87261557292575,82.64723409880727,77.16529443189981,76.23583566322175
dataset/archive/Actor_01/03-01-06-01-02-02-01.wav,58.64481494742613,73.78561889732259,44.933733519021004,64.99869961731042,55.361374057774775
dataset/archive/Actor_01/03-01-06-02-01-01-01.wav,88.17530108407118,80.78134515329562,51.94176150436353,74.61487917873094,78.47912842849351
dataset/archive/Actor_01/03-01-06-02-01-02-01.wav,81.96286418453371,57.66985984757997,55.50661855472191,70.21395907787955,52.311042509797375
dataset/archive/Actor_01/03-01-06-02-02-01-01.wav,67.25872207748026,68.3841982227902,58.96284788659839,70.44192605313896,57.14473990469966
dataset/archive/Actor_01/03-01-06-02-02-02-01.wav,60.02596971136809,74.2144840628509,45.98834569553749,62.4055918476118,52.060864677868516
dataset/archive/Actor_01/03-01-07-01-01-01-01.wav,47.24439102945772,43.70175020813118,75.6420823272836,53.993401251780156,66.98481072736845
dataset/archive/Actor_01/03-01-07-01-01-02-01.wav,88.71280114339265,87.63900267495545,67.65871474841313,44.08462417812549,54.19014646103882
dataset/archive/Actor_01/03-01-07-01-02-01-01.wav,44.79863768288947,49.41281505403275,79.47439490326784,78.2556936698723,51.67660774695194
dataset/archive/Actor_01/03-01-07-01-02-02-01.wav,87.98153627062507,75.02730078734476,81.04098204586148,70.02296871248511,60.04907020818076
dataset/archive/Actor_01/03-01-07-02-01-01-01.wav,45.2672031591425,79.05455935982152,82.66350105085586,71.45718326028074,56.445744441392094
dataset/archive/Actor_01/03-01-07-02-01-02-01.wav,61.39826845127733,50.3827208755798,65.0833653785286,69.74934401571234,59.84586556036922
dataset/archive/Actor_01/03-01-07-02-02-01-01.wav,85.02032151093711,68.36311581786407,82.47971877193999,56.82422883949671,72.64136081570976
dataset/archive/Actor_01/03-01-07-02-02-02-01.wav,48.812684568216866,71.4974026606795,75.04014550590136,47.116096738156216,61.85257899579982
dataset/archive/Actor_01/03-01-08-01-01-01-01.wav,41.320756089950066,44.39218587936585,76.96387691528089,48.908749811958785,88.31132264221944
dataset/archive/Actor_01/03-01-08-01-01-02-01.wav,55.840104460031526,48.28019632921,68.68149338630302,52.554623013811124,48.84430456505302
dataset/archive/Actor_01/03-01-08-01-02-01-01.wav,77.28125510993178,79.30889143466204,61.66970434187297,73.54243229776142,69.53985684613122
dataset/archive/Actor_01/03-01-08-01-02-02-01.wav,67.49837376644547,55.330593845724415,78.71973631041016,57.880915135238034,82.4545828828907
dataset/archive/Actor_01/03-01-08-02-01-01-01.wav,78.24797062807701,74.4526632588487,51.478663349610116,48.47681339003063,77.48660870476996
dataset/archive/Actor_01/03-01-08-02-01-02-01.wav,86.50386788023341,48.43580271928819,81.25581620735457,59.60214920024357,56.59706750976403
dataset/archive/Actor_01/03-01-08-02-02-01-01.wav,62.849972903256656,56.40825294012831,66.93458858795685,49.689687353021384,60.411433636972546
dataset/archive/Actor_01/03-01-08-02-02-02-01.wav,59.73655147545621,75.80405107254415,44.09817614748113,77.23824288335311,53.773269906581554
dataset/archive/Actor_02/03-01-01-01-01-01-02.wav,56.112969262487205,79.0331348726213,56.826127774918575,68.39059223609213,61.40566422404017
dataset/archive/Actor_02/03-01-01-01-01-02-02.wav,59.70978766613032,67.75003941822375,55.341271899970174,87.80066744274326,69.34116413253294
dataset/archive/Actor_02/03-01-01-01-02-01-02.wav,78.97138302555936,64.98202097914383,80.43763708334079,45.41286188835775,45.522381267670895
dataset/archive/Actor_02/03-01-01-01-02-02-02.wav,87.46763863372222,58.88614549801891,63.01070261644672,80.1081710471183,40.15637533034897
dataset/archive/Actor_02/03-01-02-01-01-01-02.wav,40.09193734851364,74.69365388833413,43.61807313201321,76.8158214920044,67.76927334385368
dataset/archive/Actor_02/03-01-02-01-01-02-02.wav,66.0502510164501,83.62778918447637,74.84553733937783,74.45102076384183,40.30535486663372
dataset/archive/Actor_02/03-01-02-01-02-01-02.wav,87.68101065867168,67.74778610094269,40.43053757372288,58.062086124810556,87.11875041134381
dataset/archive/Actor_02/03-01-02-01-02-02-02.wav,58.60213978459395,44.94209088021924,78.48158455088397,46.36478874891161,52.05397625198083
dataset/archive/Actor_02/03-01-02-02-01-01-02.wav,62.0089058574837,75.53932788352012,59.66753407518341,78.22611380788982,40.50080082134497
dataset/archive/Actor_02/03-01-02-02-01-02-02.wav,46.392636171679655,86.95128807761495,71.03990416131253,80.72455802737423,86.07055513633506
dataset/archive/Actor_02/03-01-02-02-02-01-02.wav,72.94145018207783,82.69980875610806,54.47338126022362,44.3085053273866,52.91129981586616
dataset/archive/Actor_02/03-01-02-02-02-02-02.wav,65.39452756345423,80.81346596162096,70.27787302519243,55.00384146104179,69.14762858267919
dataset/archive/Actor_02/03-01-03-01-01-01-02.wav,82.92019883106602,52.430854100333946,68.48461295574053,43.59430285671159,41.900273200502234
dataset/archive/Actor_02/03-01-03-01-01-02-02.wav,56.1726137585669,59.260719533974765,63.964080434414704,59.7794609569013,41.556386720735006
dataset/archive/Actor_02/03-01-03-01-02-01-02.wav,88.23319492727799,65.24349870420937,67.84823765714101,51.3099889869721,71.72102569276734
dataset/archive/Actor_02/03-01-03-01-02-02-02.wav,80.03380101979502,70.69893955789861,63.32755200991021,55.228832603881514,84.91871826587641
dataset/archive/Actor_02/03-01-03-02-01-01-02.wav,65.44606716984559,86.06528292474965,54.70377198039965,54.72997158617906,73.17791140123208
dataset/archive/Actor_02/03-01-03-02-01-02-02.wav,56.74569338562346,49.56449636149307,71.2395004513469,79.85825073086366,62.98117331456666
dataset/archive/Actor_02/03-01-03-02-02-01-02.wav,57.60302481898516,86.55200355320963,82.82047584374195,40.9130283849132,82.77189250693442
dataset/archive/Actor_02/03-01-03-02-02-02-02.wav,88.5436700245948,57.97572523322246,42.34848966264306,87.06270804947924,48.813244587626166
dataset/archive/Actor_02/03-01-04-01-01-01-02.wav,63.11327820256193,86.77912581737962,89.81315365599019,84.67263052512453,67.97098285199843
dataset/archive/Actor_02/03-01-04-01-01-02-02.wav,88.78685095584491,79.02790727910578,83.77923646507577,77.69993757700642,68.6185786166763
dataset/archive/Actor_02/03-01-04-01-02-01-02.wav,80.46680678024961,81.4311301768526,58.65440417402865,51.99915984068756,61.614055708335165
dataset/archive/Actor_02/03-01-04-01-02-02-02.wav,41.37504540013399,56.44943487798941,62.580774814642524,76.89880120530319,67.41522606012668
dataset/archive/Actor_02/03-01-04-02-01-01-02.wav,71.25716487600074,78.83282650053368,53.01498293919689,89.33184320332414,67.14044679794534
dataset/archive/Actor_02/03-01-04-02-01-02-02.wav,47.039423192228995,49.585667238418296,50.73594354696036,43.043037398303795,82.78481074423696
dataset/archive/Actor_02/03-01-04-02-02-01-02.wav,88.3244496693033,60.81026223401889,82.49774671832577,46.15463689183897,71.65447021929452
dataset/archive/Actor_02/03-01-04-02-02-02-02.wav,70.77640059414888,49.71536743756506,80.33394691084291,51.73852362636371,54.105534073247895
dataset/archive/Actor_02/03-01-05-01-01-01-02.wav,52.21547203012639,52.440244406956964,86.16032213796694,83.38186783157387,59.97070780394242
dataset/archive/Actor_02/03-01-05-01-01-02-02.wav,46.236087643408425,85.53520722635484,59.70039575519576,88.29864711444698,68.99765249380285
dataset/archive/Actor_02/03-01-05-01-02-01-02.wav,60.039899354905685,46.05458844761568,82.85159652254146,86.32237582395021,52.753356981805645
dataset/archive/Actor_02/03-01-05-01-02-02-02.wav,71.6289470467166,63.93354429295722,51.12419584907939,63.381589535476536,79.93766809634603
dataset/archive/Actor_02/03-01-05-02-01-01-02.wav,54.65892071002971,40.650367145778624,69.18177978741807,89.40354024025743,64.76782988108613
dataset/archive/Actor_02/03-01-05-02-01-02-02.wav,68.2578826890836,57.222738654578535,48.63920908699022,87.31238306208473,55.59688066118832
dataset/archive/Actor_02/03-01-05-02-02-01-02.wav,55.894341298576904,72.43129277535917,43.04292834484918,82.82418262640152,71.72589171938898
dataset/archive/Actor_02/03-01-05-02-02-02-02.wav,72.9987023165848,50.922683395849575,55.09289809786014,80.3989196180489,71.66624486933075
dataset/archive/Actor_02/03-01-06-01-01-01-02.wav,89.07779569897527,48.733316561064534,84.15759671476663,84.9733194373739,63.00875350237391
dataset/archive/Actor_02/03-01-06-01-01-02-02.wav,66.68603710479827,71.30488434031432,52.371926357180456,42.97423917045048,71.72602611204697
dataset/archive/Actor_02/03-01-06-01-02-01-02.wav,70.39346160671286,64.2893268015713,73.18620587477128,62.54273500549378,59.383502289106154
dataset/archive/Actor_02/03-01-06-01-02-02-02.wav,81.56470045146588,71.45673169212061,61.020534560836225,82.22435155202982,61.80855849092685
dataset/archive/Actor_02/03-01-06-02-01-01-02.wav,78.555989415373,89.6758610693195,50.515556383778744,82.88384210168238,44.246395229808044
dataset/archive/Actor_02/03-01-06-02-01-02-02.wav,56.84772404124841,52.547410350535735,44.57660724300041,48.561800078398015,58.28204908770721
dataset/archive/Actor_02/03-01-06-02-02-01-02.wav,43.841244142313855,77.01127178742595,74.98040728902014,86.80291709131924,43.241451986481586
dataset/archive/Actor_02/03-01-06-02-02-02-02.wav,67.09228711229282,45.50012652480478,61.03070115320771,76.19198496071283,50.42674728770652
dataset/archive/Actor_02/03-01-07-01-01-01-02.wav,75.58407533428114,48.15259133789926,44.83300730886588,87.91657903104613,49.56368022711783
dataset/archive/Actor_02/03-01-07-01-01-02-02.wav,72.32637829225318,47.88432641788332,52.72921610448558,66.55681198105486,54.14365945609234
dataset/archive/Actor_02/03-01-07-01-02-01-02.wav,46.84221307070341,83.22609888219452,63.1512640736124,63.298000472206425,66.91997484024517
dataset/archive/Actor_02/03-01-07-01-02-02-02.wav,64.23147209095588,67.70170539767572,52.17676744028639,48.442378698376984,45.61255409677644
dataset/archive/Actor_02/03-01-07-02-01-01-02.wav,75.97050863125938,54.13984512586247,62.55817450243917,50.410055779088765,88.27164666766166
dataset/archive/Actor_02/03-01-07-02-01-02-02.wav,84.47425921956884,62.06453593918867,53.722034488979546,56.18664531996312,82.94288805161901
dataset/archive/Actor_02/03-01-07-02-02-01-02.wav,67.79634950079574,40.90980999544823,46.75171214272998,56.75746708131395,53.93059409874184
dataset/archive/Actor_02/03-01-07-02-02-02-02.wav,71.26248281107691,53.21026900665866,40.96026198875408,73.93442698138327,53.61330706977136
dataset/archive/Actor_02/03-01-08-01-01-01-02.wav,82.31161317440933,54.10659966297969,77.84265775790391,85.73518481990882,44.80997018409917
dataset/archive/Actor_02/03-01-08-01-01-02-02.wav,43.912974676765344,79.19713963552265,82.9999129822351,70.52266814847701,78.90850159711232
dataset/archive/Actor_02/03-01-08-01-02-01-02.wav,89.85071551050477,42.44957465568841,48.89200070212456,73.95716568927381,69.36610576972134
dataset/archive/Actor_02/03-01-08-01-02-02-02.wav,70.81326938878101,65.63934853391532,79.40803630356424,47.907085327295455,81.09299989165629
dataset/archive/Actor_02/03-01-08-02-01-01-02.wav,58.758888315785654,86.58701261746053,71.15351833160327,80.06674443418747,44.32902956452955
dataset/archive/Actor_02/03-01-08-02-01-02-02.wav,48.347995881747984,43.611875309492376,46.74279143471023,59.82745259645903,51.12748455202983
dataset/archive/Actor_02/03-01-08-02-02-01-02.wav,53.18476099949808,68.26192522816729,49.55798677997489,83.07727999455184,71.16100806291496
dataset/archive/Actor_02/03-01-08-02-02-02-02.wav,84.8809607638205,88.9784022726715,50.29541461310719,88.12989001735326,45.184746634663085
dataset/archive/Actor_03/03-01-01-01-01-01-03.wav,55.348470550093786,87.22536748488913,52.55783181987445,43.179216476664024,76.98455794939217
dataset/archive/Actor_03/03-01-01-01-01-02-03.wav,64.41448532759503,51.01440084219361,70.49539453905815,46.516937676066725,83.94854102926502
dataset/archive/Actor_03/03-01-01-01-02-01-03.wav,45.363995552369325,43.44617856624265,65.5269764885978,71.08045980396237,72.79779959130752
dataset/archive/Actor_03/03-01-01-01-02-02-03.wav,84.68017979922527,74.73401965698815,74.65135323807581,49.504420060481905,70.7632755626278
dataset/archive/Actor_03/03-01-02-01-01-01-03.wav,63.83306949074073,86.29079038651275,50.74012003962079,76.06590515485644,47.383846391125715
dataset/archive/Actor_03/03-01-02-01-01-02-03.wav,84.67784215234703,61.3441081281366,78.58358062669522,56.29914944762527,46.92549592798299
dataset/archive/Actor_03/03-01-02-01-02-01-03.wav,89.53689137474208,70.5250528148654,50.86573739154596,86.20260475773921,64.21231232358026
dataset/archive/Actor_03/03-01-02-01-02-02-03.wav,81.48464205772078,54.50387901490268,41.819261465050694,64.8910040505654,54.8298728974724
dataset/archive/Actor_03/03-01-02-02-01-01-03.wav,77.69848337646218,49.250624561406106,89.45411075193404,77.30745570451727,47.2100854994455
dataset/archive/Actor_03/03-01-02-02-01-02-03.wav,84.55928409953543,62.94653025635054,49.12657250655329,82.3185021987131,55.90617516403727
dataset/archive/Actor_03/03-01-02-02-02-01-03.wav,63.12336434373528,58.07047697667912,41.19634680849769,64.7458643403959,58.614637616228634
dataset/archive/Actor_03/03-01-02-02-02-02-03.wav,61.84092974779628,69.77377301882046,41.377717979984624,43.20090239788506,84.3668594467261
dataset/archive/Actor_03/03-01-03-01-01-01-03.wav,64.60579598580274,84.00598764879435,74.66519918035078,61.5577204190173,47.65045834464394
dataset/archive/Actor_03/03-01-03-01-01-02-03.wav,77.3725825075583,55.70709277506444,49.03347074755442,43.32501832495763,80.00422805041822
dataset/archive/Actor_03/03-01-03-01-02-01-03.wav,47.89535377540654,59.11870494664996,42.834775477940916,51.41042936154824,55.079436068124366
dataset/archive/Actor_03/03-01-03-01-02-02-03.wav,89.72198215260718,64.61766581678894,82.73427518829526,49.129161601433445,79.76355099210278
dataset/archive/Actor_03/03-01-03-02-01-01-03.wav,87.37398783024463,63.19085200899062,57.73067149096372,88.58464074805467,56.06398059965781
dataset/archive/Actor_03/03-01-03-02-01-02-03.wav,53.37775761812037,57.27748722845805,63.72852039770911,81.78003561757085,58.6658335400059
dataset/archive/Actor_03/03-01-03-02-02-01-03.wav,67.12099234408154,65.59417980244783,70.29964401285294,70.13547394945533,40.88945577030031
dataset/archive/Actor_03/03-01-03-02-02-02-03.wav,49.43413161103646,80.56801065609376,45.86949644971428,70.53903967998104,44.542591211535616
dataset/archive/Actor_03/03-01-04-01-01-01-03.wav,72.70195849505888,78.0517721306455,81.1525543325646,84.73828258066501,54.75513499618725
dataset/archive/Actor_03/03-01-04-01-01-02-03.wav,67.39157695020477,74.41208547399793,53.25695154052184,83.04003277147127,79.80680520782522
dataset/archive/Actor_03/03-01-04-01-02-01-03.wav,87.5116648809879,51.3227156219823,77.9694943120617,40.501070114276516,75.1910843845337
dataset/archive/Actor_03/03-01-04-01-02-02-03.wav,49.24132129765482,40.78652828298215,40.753653752459485,66.6804486212281,84.6401550807335
dataset/archive/Actor_03/03-01-04-02-01-01-03.wav,70.56489316711043,40.62235160408851,65.24865936778771,69.3086703222182,59.53731367511334
dataset/archive/Actor_03/03-01-04-02-01-02-03.wav,89.60991197712298,76.13152955604335,46.58356774809119,62.646924690818665,67.6963120668861
dataset/archive/Actor_03/03-01-04-02-02-01-03.wav,50.78934840171032,50.8940155436628,54.36817329582762,83.10457720994467,70.64195841933116
dataset/archive/Actor_03/03-01-04-02-02-02-03.wav,74.15484825053751,82.18366706351313,58.114848712992774,43.73936403890642,50.06848982386057
dataset/archive/Actor_03/03-01-05-01-01-01-03.wav,40.077377020055394,53.59571095521767,68.25754557205715,54.79866992361355,68.50689477331593
dataset/archive/Actor_03/03-01-05-01-01-02-03.wav,75.13718730782992,44.153864651541156,80.9525043640169,41.36026299157979,52.256082496730926
dataset/archive/Actor_03/03-01-05-01-02-01-03.wav,44.479600502951826,47.75933017982792,51.79243389592469,48.75507356811684,61.168379836306485
dataset/archive/Actor_03/03-01-05-01-02-02-03.wav,53.35675041899278,55.241284501278116,43.61986124409334,89.92108938576251,55.754633391561086
dataset/archive/Actor_03/03-01-05-02-01-01-03.wav,82.45318566043632,54.31653978104671,68.72788805172944,67.6833510900997,53.641196853825925
dataset/archive/Actor_03/03-01-05-02-01-02-03.wav,43.987000210072395,68.81950717388696,71.1188331405144,62.81500389607477,44.95714046827827
dataset/archive/Actor_03/03-01-05-02-02-01-03.wav,81.06602023179276,42.391412513110645,81.3770608285928,77.69146259818025,83.58218340631532
dataset/archive/Actor_03/03-01-05-02-02-02-03.wav,55.954732445551,64.93074325781754,67.81216269285858,48.07668921671568,75.15029976628915
dataset/archive/Actor_03/03-01-06-01-01-01-03.wav,78.76955127085222,72.10556864623817,88.52565935423812,56.9574348623846,59.46597729776313
dataset/archive/Actor_03/03-01-06-01-01-02-03.wav,51.79790138163767,77.62507860556376,87.5788562693779,82.4455087981552,78.6576187813298
dataset/archive/Actor_03/03-01-06-01-02-01-03.wav,63.65495571998194,51.64622545883363,89.0557167640518,57.60424392386877,55.30743630657307
dataset/archive/Actor_03/03-01-06-01-02-02-03.wav,45.92798135747689,62.55270171146469,53.10854806494399,83.56362622508928,78.76143399846666
dataset/archive/Actor_03/03-01-06-02-01-01-03.wav,41.757720569918334,62.5015930072112,58.316242693226584,53.14225718885977,59.08173418696852
dataset/archive/Actor_03/03-01-06-02-01-02-03.wav,85.49650424167683,61.37638903304176,61.82810864259177,68.50839915459213,53.606680681813
dataset/archive/Actor_03/03-01-06-02-02-01-03.wav,41.44955843306881,87.78224877617876,46.89134842985074,42.61867056791361,48.62749414549768
dataset/archive/Actor_03/03-01-06-02-02-02-03.wav,75.33011288014652,44.408710022747854,55.33726204771786,41.83740744099778,77.93411218709856
dataset/archive/Actor_03/03-01-07-01-01-01-03.wav,84.37769558592021,82.78909132175565,47.7022204196888,53.240663930192966,57.637154610328395
dataset/archive/Actor_03/03-01-07-01-01-02-03.wav,75.15358749373729,49.249913359169305,57.54781867271819,59.11974516761222,40.22226761498184
dataset/archive/Actor_03/03-01-07-01-02-01-03.wav,51.4474565259133,71.12538281865997,61.796621333272356,57.605917380748764,53.223574497356395
dataset/archive/Actor_03/03-01-07-01-02-02-03.wav,43.567739374288266,80.44349767107921,53.31029256107978,77.41323595392329,75.97511814885021
dataset/archive/Actor_03/03-01-07-02-01-01-03.wav,71.3953729865658,68.9678090251094,48.307732557036076,79.54181948607504,83.35065498843502
dataset/archive/Actor_03/03-01-07-02-01-02-03.wav,76.33192620834944,82.7782407277054,63.61033926482927,62.58500797293814,74.79174808729661
dataset/archive/Actor_03/03-01-07-02-02-01-03.wav,83.93550241551232,54.01501574377232,55.00746237415114,67.22902483932525,86.46242914322156
dataset/archive/Actor_03/03-01-07-02-02-02-03.wav,47.846628962314846,57.19900142478434,63.51027487696241,82.23157928047766,73.35816117867378
dataset/archive/Actor_03/03-01-08-01-01-01-03.wav,75.49726876139275,43.71678360641802,56.300412852955674,87.84035896742348,87.5843609411058
dataset/archive/Actor_03/03-01-08-01-01-02-03.wav,48.15335167213133,58.20332623775301,69.47511257553187,64.64174468134347,76.45176869131765
dataset/archive/Actor_03/03-01-08-01-02-01-03.wav,83.38904532471048,63.69566195445495,62.922608891267956,85.96528084772234,79.95480368339699
dataset/archive/Actor_03/03-01-08-01-02-02-03.wav,70.3097956445394,61.445982817447245,77.1889965720397,62.78738798120203,50.462220326229556
dataset/archive/Actor_03/03-01-08-02-01-01-03.wav,72.33766906742821,81.3862133971889,55.04782655601774,45.02444702284996,73.38742739398491
dataset/archive/Actor_03/03-01-08-02-01-02-03.wav,68.24138188091827,82.70263387480733,58.68604612073311,69.59357161902498,79.27866934768221
dataset/archive/Actor_03/03-01-08-02-02-01-03.wav,66.55610316071281,87.80319468724464,43.72314968572181,80.98600606169776,42.30059106560815
dataset/archive/Actor_03/03-01-08-02-02-02-03.wav,40.581449503889694,46.10907537872923,83.3446154459745,43.123779858263745,75.68796992175322
dataset/archive/Actor_04/03-01-01-01-01-01-04.wav,63.466545067480084,55.90503195870671,82.42522412161411,50.75653019077585,83.93086927862788
dataset/archive/Actor_04/03-01-01-01-01-02-04.wav,68.36912917052253,72.65980254656154,87.74171609403456,68.49252195941904,50.60413184537101
dataset/archive/Actor_04/03-01-01-01-02-01-04.wav,52.308377969750424,65.52470911224536,47.515902210671385,75.80852907530435,67.72252742547475
dataset/archive/Actor_04/03-01-01-01-02-02-04.wav,70.1977160946434,47.73771650573458,63.48715897759231,87.28873842803888,78.09668461457724
dataset/archive/Actor_04/03-01-02-01-01-01-04.wav,65.40309970469828,51.52929658247187,89.53160254699247,63.75133087496722,73.57205972685179
dataset/archive/Actor_04/03-01-02-01-01-02-04.wav,56.87053983969304,64.03757707019574,46.34156316726383,64.24116029853802,71.13372791842879
dataset/archive/Actor_04/03-01-02-01-02-01-04.wav,61.4034411417656,80.52119873612699,46.19165691514233,85.2367168926303,50.12359171137474
dataset/archive/Actor_04/03-01-02-01-02-02-04.wav,40.59132093545345,81.98637185351286,49.65138976958408,62.86729544741594,47.27145842195257
dataset/archive/Actor_04/03-01-02-02-01-01-04.wav,41.70686441334715,84.87654267492033,55.83092050159848,54.56413298917487,82.4980863028
dataset/archive/Actor_04/03-01-02-02-01-02-04.wav,80.01338551657469,85.63272012453268,80.67833345514586,74.87254107773094,72.69639836080003
dataset/archive/Actor_04/03-01-02-02-02-01-04.wav,43.44078188597669,56.6871038584463,48.77117708949744,43.4667505407507,74.9488574427648
dataset/archive/Actor_04/03-01-02-02-02-02-04.wav,84.39734023387153,58.50658969579267,46.72460738849972,77.35230116671997,53.30633156607503
dataset/archive/Actor_04/03-01-03-01-01-01-04.wav,59.951131790463094,44.10493945715517,69.33826011154513,70.21399527937078,84.35700706210463
dataset/archive/Actor_04/03-01-03-01-01-02-04.wav,42.648284398753994,59.36691422978322,88.17415837105474,71.98544073189471,50.169131946204246
dataset/archive/Actor_04/03-01-03-01-02-01-04.wav,84.57258067514726,74.1622246123762,63.661232026696595,64.27771724056188,64.45792327884642
dataset/archive/Actor_04/03-01-03-01-02-02-04.wav,44.88854423202045,59.30928283612302,53.775522746195506,70.28142050404682,77.6924127201121
dataset/archive/Actor_04/03-01-03-02-01-01-04.wav,41.62509104638065,60.015874468206086,59.15108855527757,72.27209204719924,74.41858603083848
dataset/archive/Actor_04/03-01-03-02-01-02-04.wav,53.439091118746184,41.70343070926176,46.380054602669446,61.55764963396543,89.77817244086864
dataset/archive/Actor_04/03-01-03-02-02-01-04.wav,72.02002825363212,46.96360710416575,43.023118117841136,89.12548797545669,79.50105464162344
dataset/archive/Actor_04/03-01-03-02-02-02-04.wav,51.477540721356945,40.694581298320315,51.998685588420386,60.02181805253156,65.69588322775255
dataset/archive/Actor_04/03-01-04-01-01-01-04.wav,84.58637406677693,56.08665995220339,40.275838479470615,57.9318058839831,86.28792578553613
dataset/archive/Actor_04/03-01-04-01-01-02-04.wav,71.04748021730167,67.06203655082794,57.879169153979305,78.1884333052711,80.98304350154446
dataset/archive/Actor_04/03-01-04-01-02-01-04.wav,70.25731431821897,70.38330853225561,43.46931001802597,45.609316224894286,62.83849008427405
dataset/archive/Actor_04/03-01-04-01-02-02-04.wav,76.44831031759388,84.12168448058668,87.97446399929794,51.10395879779252,83.24228846259113
dataset/archive/Actor_04/03-01-04-02-01-01-04.wav,66.59539589259629,75.05127267186505,81.81361805999985,56.315739588870784,66.94590627647614
dataset/archive/Actor_04/03-01-04-02-01-02-04.wav,79.76587618713367,63.27825576339164,86.49967572631891,48.80485166634858,87.33808802743354
dataset/archive/Actor_04/03-01-04-02-02-01-04.wav,52.73309732263139,63.33777334127376,72.53099844757112,40.22375851844173,65.09330834671579
dataset/archive/Actor_04/03-01-04-02-02-02-04.wav,55.819986675099386,89.81079233443631,71.73385738650151,57.617849671666804,80.88107468505486
dataset/archive/Actor_04/03-01-05-01-01-01-04.wav,65.42227323586562,87.85668062777921,66.70370786021252,83.42225898523903,63.262169600239375
dataset/archive/Actor_04/03-01-05-01-01-02-04.wav,87.45140337667664,72.57457244841832,54.72185118847906,73.03785825879254,60.53636606410831
dataset/archive/Actor_04/03-01-05-01-02-01-04.wav,42.10219640114362,58.76505485916658,83.22068489350279,51.5111725782861,49.472318792635136
dataset/archive/Actor_04/03-01-05-01-02-02-04.wav,56.06809882315289,77.8445940530955,77.1683325083456,71.27552427478014,73.3539531502781
dataset/archive/Actor_04/03-01-05-02-01-01-04.wav,46.850871493409834,63.48615416999358,51.36520486550759,50.782406761451,89.85626881500356
dataset/archive/Actor_04/03-01-05-02-01-02-04.wav,64.26299442200693,58.55424527502455,49.34973455332585,58.57964071558874,45.27320100401657
dataset/archive/Actor_04/03-01-05-02-02-01-04.wav,87.81589214068984,72.49347194810541,56.1756212166313,52.941224134380505,58.88971829068381
dataset/archive/Actor_04/03-01-05-02-02-02-04.wav,76.74125434761473,85.61736291128153,45.05741008691283,60.25633224727835,44.86094968277261
dataset/archive/Actor_04/03-01-06-01-01-01-04.wav,59.24149823682083,44.574358372532934,71.70301193808564,61.83472866886751,80.87933024775523
dataset/archive/Actor_04/03-01-06-01-01-02-04.wav,65.35154927099968,43.99002998403367,73.927231049535,57.30535001256459,52.46326215861767
dataset/archive/Actor_04/03-01-06-01-02-01-04.wav,52.62703463671323,67.93887226370062,73.4218794826067,70.02510807395754,72.63268067618921
dataset/archive/Actor_04/03-01-06-01-02-02-04.wav,46.879977389675624,85.31762054368895,49.623496639496224,53.20224486393974,56.04670348945733
dataset/archive/Actor_04/03-01-06-02-01-01-04.wav,80.59294371490681,55.149355624416884,83.23715008922952,80.49398126674038,55.6608822471964
dataset/archive/Actor_04/03-01-06-02-01-02-04.wav,79.50373370253442,89.03994686529032,85.17146257177893,87.97689613467244,72.49771037117932
dataset/archive/Actor_04/03-01-06-02-02-01-04.wav,51.72065597375808,63.579728150919394,42.093746503828775,54.33907931302764,69.59299975712919
dataset/archive/Actor_04/03-01-06-02-02-02-04.wav,41.387541701725844,82.35847777018583,43.492096259638245,73.11780616479575,80.02978493918462
dataset/archive/Actor_04/03-01-07-01-01-01-04.wav,40.0849102156376,42.95558146857814,82.23027218010482,82.53017294633673,77.4995919704273
dataset/archive/Actor_04/03-01-07-01-01-02-04.wav,69.43645370680879,57.17811849390897,47.98999852305957,71.47774045591564,50.21017799684766
dataset/archive/Actor_04/03-01-07-01-02-01-04.wav,66.13622950026388,68.60440075955307,87.59714173383676,73.6288373420814,53.33437886992398
dataset/archive/Actor_04/03-01-07-01-02-02-04.wav,75.24216163387561,64.35165489637372,80.58823419189616,61.79837206943371,49.357358954499084
dataset/archive/Actor_04/03-01-07-02-01-01-04.wav,55.74823610497232,44.602975161303895,46.97657520752038,65.25497482251025,48.63299859834127
dataset/archive/Actor_04/03-01-07-02-01-02-04.wav,43.79991062570909,72.72801374671232,83.25982776702764,85.77247744406529,80.86863860103765
dataset/archive/Actor_04/03-01-07-02-02-01-04.wav,63.10758986147705,81.23245192895963,84.82967645259444,84.26134109861522,61.61617467679976
dataset/archive/Actor_04/03-01-07-02-02-02-04.wav,81.22432268406001,61.7706257190313,87.44677857574094,59.69786136211643,61.62120514922893
dataset/archive/Actor_04/03-01-08-01-01-01-04.wav,54.571260319096034,76.98233087469012,48.441928803802305,46.200694859157196,63.791977028830814
dataset/archive/Actor_04/03-01-08-01-01-02-04.wav,77.15623875167032,75.43364745632452,55.31128530075191,57.0574094070331,50.169375272808836
dataset/archive/Actor_04/03-01-08-01-02-01-04.wav,87.61907025048652,74.30140442893394,42.70669981034639,49.8364730222039,76.05825704615319
dataset/archive/Actor_04/03-01-08-01-02-02-04.wav,46.87459855603613,67.50742422130007,87.82186012544504,42.702025584094855,57.23664435721376
dataset/archive/Actor_04/03-01-08-02-01-01-04.wav,80.11701566305649,86.55499351867311,79.11436553596891,69.79365115665294,55.198282449359894
dataset/archive/Actor_04/03-01-08-02-01-02-04.wav,51.46377984645937,63.46521473692634,76.51505510571859,69.0617970955746,56.49420458070307
dataset/archive/Actor_04/03-01-08-02-02-01-04.wav,76.44233717641467,74.1361788978962,80.52850999133435,59.302942099800376,54.27426299231189
dataset/archive/Actor_04/03-01-08-02-02-02-04.wav,66.22015707387109,81.65860842253393,52.31395112001324,88.30792888898529,58.43991049111163
dataset/archive/Actor_05/03-01-01-01-01-01-05.wav,68.46342058567599,74.08564246569522,47.05013665075809,61.747702771496286,80.85812762357949
dataset/archive/Actor_05/03-01-01-01-01-02-05.wav,71.15945875183075,79.53396225861394,57.88502544608278,80.57132814932686,83.87628015496215
dataset/archive/Actor_05/03-01-01-01-02-01-05.wav,80.37799836352251,46.67592007521286,43.35879205538453,44.601708621054,41.84363450376054
dataset/archive/Actor_05/03-01-01-01-02-02-05.wav,54.81508128389444,70.8986318710692,41.5283173025287,84.40802428299222,64.29218792271324
dataset/archive/Actor_05/03-01-02-01-01-01-05.wav,44.501668783410906,53.003420098382655,41.95750736593159,42.824790237012486,45.28599892122297
dataset/archive/Actor_05/03-01-02-01-01-02-05.wav,58.801012619923696,86.02891373066325,48.281299554020826,75.23854475037564,86.58300154730146
dataset/archive/Actor_05/03-01-02-01-02-01-05.wav,65.64781237782549,67.76174987356796,49.95750324964092,70.42043108152046,40.50239137887936
dataset/archive/Actor_05/03-01-02-01-02-02-05.wav,61.910110227942475,65.75282224331974,66.70608557229589,58.19374332288995,59.402102037974984
dataset/archive/Actor_05/03-01-02-02-01-01-05.wav,42.32899345571931,46.727763742045155,45.07258757422099,71.7547977374811,85.25799265385928
dataset/archive/Actor_05/03-01-02-02-01-02-05.wav,50.00670582264771,83.62376294933074,62.68958475534582,53.827531405809474,56.70781794855667
dataset/archive/Actor_05/03-01-02-02-02-01-05.wav,85.45629659849169,47.32749851775822,79.3892016993843,43.36279059426497,82.64159076278207
dataset/archive/Actor_05/03-01-02-02-02-02-05.wav,40.729237359653524,71.54932028984565,83.73934328179146,55.93564406225119,83.42148479247419
dataset/archive/Actor_05/03-01-03-01-01-01-05.wav,75.26295799922528,57.278047997070324,71.41693095659043,79.9908299479731,72.75096210954912
dataset/archive/Actor_05/03-01-03-01-01-02-05.wav,86.56481438638566,64.7426678832008,60.415917096121795,53.49764848482103,81.12739873138091
dataset/archive/Actor_05/03-01-03-01-02-01-05.wav,75.96684982869078,54.48557728045391,74.51459399762209,85.63707266907711,72.16921054447371
dataset/archive/Actor_05/03-01-03-01-02-02-05.wav,84.73909402529122,75.01237187741332,47.06812546598539,65.9588551909759,86.56897005581095
dataset/archive/Actor_05/03-01-03-02-01-01-05.wav,51.97322034572027,68.94907033518163,41.98268806721502,52.75815234092222,81.6379817884464
dataset/archive/Actor_05/03-01-03-02-01-02-05.wav,48.38550184251912,79.41802928414144,52.52821123501432,88.4262666002728,86.88493512662993
dataset/archive/Actor_05/03-01-03-02-02-01-05.wav,80.52413297188701,86.60994797405607,74.45667051738286,47.4656422182605,53.859143464886344
dataset/archive/Actor_05/03-01-03-02-02-02-05.wav,63.263595273305356,63.42633885480859,55.38942445109277,44.27495989485231,45.77418690375002
dataset/archive/Actor_05/03-01-04-01-01-01-05.wav,57.68982232370877,80.95012620704942,64.46127381686019,65.9770184555641,86.38240527896781
dataset/archive/Actor_05/03-01-04-01-01-02-05.wav,43.14874092276348,85.72056853075055,61.35461528887633,44.03761877318857,65.67803547326722
dataset/archive/Actor_05/03-01-04-01-02-01-05.wav,57.64906508846774,82.76686738745329,61.23307133897748,86.37881003422771,81.0493454831909
dataset/archive/Actor_05/03-01-04-01-02-02-05.wav,57.48027250962892,73.09071045552925,48.64156902135379,43.42223742213003,54.71985991264946
dataset/archive/Actor_05/03-01-04-02-01-01-05.wav,65.44483397711973,80.55809961204524,77.86092640246281,55.94623591991215,56.87771276617005
dataset/archive/Actor_05/03-01-04-02-01-02-05.wav,79.69807205219817,54.38653110010839,47.85575697626217,62.61501827848862,45.32973318881529
dataset/archive/Actor_05/03-01-04-02-02-01-05.wav,44.77383822726992,87.24328263776529,75.09956958868614,75.8531745505384,54.50799281860659
dataset/archive/Actor_05/03-01-04-02-02-02-05.wav,45.32218492582651,51.808924047477674,43.9595329777697,84.3976687855508,72.25676029970609
dataset/archive/Actor_05/03-01-05-01-01-01-05.wav,68.9299262343936,51.36637997706755,67.7786013635025,59.64568935912689,57.89436477716647
dataset/archive/Actor_05/03-01-05-01-01-02-05.wav,74.52455154049443,44.44575308055014,74.39294714325399,45.01769796262433,43.314122621868805
dataset/archive/Actor_05/03-01-05-01-02-01-05.wav,80.87695220824236,73.74910222681387,41.40823187376267,89.40655421116607,79.66679835886958
dataset/archive/Actor_05/03-01-05-01-02-02-05.wav,76.91401986861763,65.84042206037489,64.07566241466316,81.65465827362331,68.58827622282146
dataset/archive/Actor_05/03-01-05-02-01-01-05.wav,54.77227898473616,56.01809146890945,45.48290353624327,64.97882613211192,65.09485234016597
dataset/archive/Actor_05/03-01-05-02-01-02-05.wav,41.37535160215466,45.10732335369216,54.42202833854428,86.20517976618862,42.61814818979935
dataset/archive/Actor_05/03-01-05-02-02-01-05.wav,77.8438904011858,48.66109272286438,61.82504666094469,52.478278303745824,67.2780256862012
dataset/archive/Actor_05/03-01-05-02-02-02-05.wav,67.63824826512378,70.94658266531947,78.09873695144498,81.81083272646634,73.44280794381845
dataset/archive/Actor_05/03-01-06-01-01-01-05.wav,61.1949638004414,54.90742529409735,64.95214874040401,53.114266982636785,77.64936726644609
dataset/archive/Actor_05/03-01-06-01-01-02-05.wav,88.33184284117378,78.48605709386676,89.08829190469737,70.97385111808822,80.84811490348793
dataset/archive/Actor_05/03-01-06-01-02-01-05.wav,81.92781930006933,85.28177118783253,43.12029317924009,83.20782338414182,41.88411879529855
dataset/archive/Actor_05/03-01-06-01-02-02-05.wav,45.696907739293756,48.572774496190895,70.07093220006563,50.209567814426364,44.052147086517536
dataset/archive/Actor_05/03-01-06-02-01-01-05.wav,65.2568158250555,43.60177729988064,81.07234924240532,47.54522737348759,86.67630627129239
dataset/archive/Actor_05/03-01-06-02-01-02-05.wav,57.97800895392565,72.7822089383107,73.72914090582532,77.21819111624748,74.97894475297755
dataset/archive/Actor_05/03-01-06-02-02-01-05.wav,52.05611518236979,45.24744317326778,65.7096345244668,89.0388011877028,85.97179613328316
dataset/archive/Actor_05/03-01-06-02-02-02-05.wav,56.32754716040121,74.6435241656192,83.40409106409933,73.52841037515437,51.17741362779549
dataset/archive/Actor_05/03-01-07-01-01-01-05.wav,84.74150595718947,77.8983193074587,49.541856728275434,43.84414613599367,43.20291526565561
dataset/archive/Actor_05/03-01-07-01-01-02-05.wav,83.19258443387665,79.01203616450726,75.1135004085742,73.89907214376176,88.74738651488876
dataset/archive/Actor_05/03-01-07-01-02-01-05.wav,63.71121673682454,67.9111285478023,53.592591405864866,40.11400342835608,64.41540806459192
dataset/archive/Actor_05/03-01-07-01-02-02-05.wav,51.33740580713925,46.21713860244766,78.93154687911331,65.99624801942285,50.75516072382744
dataset/archive/Actor_05/03-01-07-02-01-01-05.wav,56.02278931989682,83.37186439864404,41.22643558249375,64.1042241080746,45.47527689307365
dataset/archive/Actor_05/03-01-07-02-01-02-05.wav,51.56697215504069,48.23132443526771,43.42883652274338,53.60206180733138,60.81786536048058
dataset/archive/Actor_05/03-01-07-02-02-01-05.wav,69.0570424349884,67.68681145627484,75.6789860376367,60.94611365378067,76.60884451348696
dataset/archive/Actor_05/03-01-07-02-02-02-05.wav,70.33281846841973,54.42943106657334,64.57026157461985,76.23748281498337,83.14373085522027
dataset/archive/Actor_05/03-01-08-01-01-01-05.wav,86.02922507647389,61.18560246226727,61.53343800109367,47.79509985676113,83.4317548857683
dataset/archive/Actor_05/03-01-08-01-01-02-05.wav,42.29413229325342,51.577566027936285,82.36574615516452,64.82453508382056,51.4470758267461
dataset/archive/Actor_05/03-01-08-01-02-01-05.wav,83.42406121109369,40.712080476241766,89.31546560465154,72.63970775226011,82.41959506305369
dataset/archive/Actor_05/03-01-08-01-02-02-05.wav,51.00992118103325,61.01817899692853,45.20523937616242,57.97862101415494,48.4971158344639
dataset/archive/Actor_05/03-01-08-02-01-01-05.wav,86.79108038331441,85.5959590798176,65.83501142753238,48.869013943884035,46.35190617441544
dataset/archive/Actor_05/03-01-08-02-01-02-05.wav,62.1904602727373,45.35800110366719,83.84360044688638,45.03926156131612,60.58524571503605
dataset/archive/Actor_05/03-01-08-02-02-01-05.wav,43.287138921838086,43.06145710789134,84.878767710408,77.0444818673937,80.3462867078882
dataset/archive/Actor_05/03-01-08-02-02-02-05.wav,86.23536123413069,88.12460407796507,54.195371383519216,60.63857197125151,86.06901805510685
dataset/archive/Actor_06/03-01-01-01-01-01-06.wav,89.77489918289882,72.16092529293974,70.75153057200578,65.50797939858006,51.09498065197938
dataset/archive/Actor_06/03-01-01-01-01-02-06.wav,48.54318826229938,52.96118258673283,63.19658321783251,64.36999455544844,47.343240120046325
dataset/archive/Actor_06/03-01-01-01-02-01-06.wav,75.58918952842572,84.53533017367414,84.79233688267223,41.52139773374613,84.62468893505525
dataset/archive/Actor_06/03-01-01-01-02-02-06.wav,77.43045760835145,53.08666741763317,60.20182299348609,58.174547667610994,66.10311346564251
dataset/archive/Actor_06/03-01-02-01-01-01-06.wav,49.11194485994692,86.98910305038481,89.38413173682106,43.25765342646099,51.81924028463314
dataset/archive/Actor_06/03-01-02-01-01-02-06.wav,45.80460228962511,43.70265572311195,63.81302036632097,41.371684034551116,79.70008936573244
dataset/archive/Actor_06/03-01-02-01-02-01-06.wav,53.34510717855676,79.0436006964917,87.59038430901683,63.43299492755219,56.68129914889985
dataset/archive/Actor_06/03-01-02-01-02-02-06.wav,55.81534040095386,64.96865335967918,89.87279208275626,50.82189761025434,56.17635552613551
dataset/archive/Actor_06/03-01-02-02-01-01-06.wav,81.10313743157485,53.20027497167097,78.58244808083647,65.0233785417952,47.78778943263632
dataset/archive/Actor_06/03-01-02-02-01-02-06.wav,87.21006831185225,51.07053343270536,69.12539325171358,85.18888017784843,53.386598556415365
dataset/archive/Actor_06/03-01-02-02-02-01-06.wav,67.85654707788991,84.52958417174212,85.92799629957611,80.64955033418683,58.13947013947324
dataset/archive/Actor_06/03-01-02-02-02-02-06.wav,46.44766690329326,81.09461958277427,52.48318894651472,82.39577873536957,44.43447907211321
dataset/archive/Actor_06/03-01-03-01-01-01-06.wav,58.33237506085243,45.09512531816338,76.94849892799621,59.68341241436217,41.23438627331398
dataset/archive/Actor_06/03-01-03-01-01-02-06.wav,73.59914062276151,72.53116395426247,64.83381250880045,88.67161053674297,55.266189624688295
dataset/archive/Actor_06/03-01-03-01-02-01-06.wav,81.57116290002364,51.45134290854445,80.76021063901153,53.08887474370319,85.39185925761916
dataset/archive/Actor_06/03-01-03-01-02-02-06.wav,58.07284846943736,74.88364005770018,83.02821563242871,76.734982616471,55.41589319188492
dataset/archive/Actor_06/03-01-03-02-01-01-06.wav,86.27338267513153,83.73094460217388,55.710241095542486,66.79375658265587,59.62138312197803
dataset/archive/Actor_06/03-01-03-02-01-02-06.wav,78.67343974798892,69.84159745375212,62.80516045368297,46.69547020084321,51.7751262865398
dataset/archive/Actor_06/03-01-03-02-02-01-06.wav,81.55863106066235,52.27800278477712,62.3106430772017,67.18785359644606,84.37396807026114
dataset/archive/Actor_06/03-01-03-02-02-02-06.wav,56.08385265086019,86.65192842186414,76.7247619854926,74.40232185810183,57.636509609741026
dataset/archive/Actor_06/03-01-04-01-01-01-06.wav,42.62105077490953,67.69381958097138,73.54936169258194,56.36382837782632,84.02341795673587
dataset/archive/Actor_06/03-01-04-01-01-02-06.wav,59.0785271697255,75.27817645264068,44.517122798851204,87.6178757265534,58.46216601002841
dataset/archive/Actor_06/03-01-04-01-02-01-06.wav,60.878575012227614,51.99429039093562,52.17778305733797,75.6181821377491,64.59352645633507
dataset/archive/Actor_06/03-01-04-01-02-02-06.wav,55.29863257624015,44.91421389130402,56.11452191148318,50.5344618577459,64.21667869933809
dataset/archive/Actor_06/03-01-04-02-01-01-06.wav,68.90428216925008,63.48628473565536,77.43032014245915,76.05322574658467,70.12262363353162
dataset/archive/Actor_06/03-01-04-02-01-02-06.wav,85.32694712654558,64.76120004480454,69.44728101685035,78.57076230683317,49.620678412436575
dataset/archive/Actor_06/03-01-04-02-02-01-06.wav,77.50547930507308,51.61537127394879,82.3195167346409,53.9849651517369,71.74165023002172
dataset/archive/Actor_06/03-01-04-02-02-02-06.wav,82.05833625856758,88.18715447693519,83.91305325201094,41.481706589035234,42.83326044682903
dataset/archive/Actor_06/03-01-05-01-01-01-06.wav,61.93872505884717,82.83781987901773,79.94924564551232,50.73138728073678,82.95349133512147
dataset/archive/Actor_06/03-01-05-01-01-02-06.wav,49.560053476864,50.82051027642047,68.99778928453067,70.85929019299024,65.56726675337075
dataset/archive/Actor_06/03-01-05-01-02-01-06.wav,68.57776959844573,77.81672123983302,66.07481585214767,47.26651789824247,72.86608918190714
dataset/archive/Actor_06/03-01-05-01-02-02-06.wav,61.58479458488756,62.12907211687124,41.48335094061667,41.1960138105163,51.00905496869698
dataset/archive/Actor_06/03-01-05-02-01-01-06.wav,54.12521686733827,63.01185505926033,41.56960250306026,78.68183824593333,56.77347243746418
dataset/archive/Actor_06/03-01-05-02-01-02-06.wav,41.14476829677032,69.36680116878942,70.01468916479257,41.85644140541579,51.15857206325188
dataset/archive/Actor_06/03-01-05-02-02-01-06.wav,49.493045039965175,55.673910730730604,73.04190353217263,59.99049220886013,45.762103336857926
dataset/archive/Actor_06/03-01-05-02-02-02-06.wav,77.5807122980217,68.80205270085928,55.86295081285975,64.57254047986366,51.97959167931324
dataset/archive/Actor_06/03-01-06-01-01-01-06.wav,85.28525924627255,89.80158012183152,50.65184724004645,80.85494636467558,87.32301808379782
dataset/archive/Actor_06/03-01-06-01-01-02-06.wav,68.21015165173549,67.06334647086193,85.47902919023642,85.54206285972055,66.29139996569965
dataset/archive/Actor_06/03-01-06-01-02-01-06.wav,58.360175508433706,85.48196807821145,51.906814954832754,78.067057294193,50.1621257820751
dataset/archive/Actor_06/03-01-06-01-02-02-06.wav,56.43934871268556,87.76315457289195,69.58527645356054,62.11270529501172,81.3314096882059
dataset/archive/Actor_06/03-01-06-02-01-01-06.wav,44.86185080507626,45.96511948600062,76.88683352153895,65.24265757692308,41.1888147952755
dataset/archive/Actor_06/03-01-06-02-01-02-06.wav,65.26927792253197,83.90825686924185,51.93788973088318,59.53244916054358,62.80665397344239
dataset/archive/Actor_06/03-01-06-02-02-01-06.wav,70.56577313019378,78.77346393591218,70.70536384331407,48.69365300421306,82.56362771677365
dataset/archive/Actor_06/03-01-06-02-02-02-06.wav,55.78341652559186,66.8430427774499,56.77921125764908,56.04679786846645,67.83795724378805
dataset/archive/Actor_06/03-01-07-01-01-01-06.wav,74.07539300880731,83.8285720849984,83.57620935382957,42.99393247510524,88.35828142838459
dataset/archive/Actor_06/03-01-07-01-01-02-06.wav,62.89035743163541,89.84785938093113,68.95767002857303,78.24173505902795,51.33529338606165
dataset/archive/Actor_06/03-01-07-01-02-01-06.wav,73.81333767863453,42.41697248727018,67.51909811337765,82.76699904925445,59.35244379891946
dataset/archive/Actor_06/03-01-07-01-02-02-06.wav,62.48088627605618,88.68405252251175,87.57594774444169,61.20363195681761,78.22399828477421
dataset/archive/Actor_06/03-01-07-02-01-01-06.wav,75.4824654949705,72.30946937905046,65.23298635251919,71.0673270722607,59.07258499630025
dataset/archive/Actor_06/03-01-07-02-01-02-06.wav,61.615159249296916,63.42204693442635,62.3714309069464,60.26197438106222,77.17377164333108
dataset/archive/Actor_06/03-01-07-02-02-01-06.wav,64.97745784004326,74.12698586653279,61.34445622655318,69.34172991865408,72.29262563866192
dataset/archive/Actor_06/03-01-07-02-02-02-06.wav,63.61056668916999,42.927693238460655,73.00799355157207,56.57651293069373,72.63102296819538
dataset/archive/Actor_06/03-01-08-01-01-01-06.wav,84.91100549618523,44.38815256166115,84.49440685915013,64.09483477449604,74.17151240645683
dataset/archive/Actor_06/03-01-08-01-01-02-06.wav,77.14027758367905,86.83312285596192,47.884985866922094,87.11079203988247,81.11142099898191
dataset/archive/Actor_06/03-01-08-01-02-01-06.wav,75.85722837934922,46.64074713489746,71.58146991898714,54.20241535372821,59.60282127700283
dataset/archive/Actor_06/03-01-08-01-02-02-06.wav,68.02371505795463,84.76924747074119,45.2438715246794,46.731297882056644,45.880000030455975
dataset/archive/Actor_06/03-01-08-02-01-01-06.wav,68.73056369055848,70.20661381087243,83.19036849654294,73.02663328845311,77.29637745671863
dataset/archive/Actor_06/03-01-08-02-01-02-06.wav,79.8684616415078,88.7359917161736,52.14557829106203,63.66546645139737,74.96273066821004
dataset/archive/Actor_06/03-01-08-02-02-01-06.wav,71.33364047315945,67.37335352572128,47.97531847758002,78.91573824872958,52.373396688265856
dataset/archive/Actor_06/03-01-08-02-02-02-06.wav,53.11610998086702,85.17813869842263,85.19195425539988,81.82264625436248,79.79664597258902
dataset/archive/Actor_07/03-01-01-01-01-01-07.wav,75.0577384839317,46.61432935932941,40.62571648181072,67.32883252798815,76.78114242013795
dataset/archive/Actor_07/03-01-01-01-01-02-07.wav,46.722101002640606,45.71643198340971,74.73648226246533,53.58040579493303,75.77960528375688
dataset/archive/Actor_07/03-01-01-01-02-01-07.wav,65.29703882948195,68.43165000323496,84.89939937055809,74.99718121367516,60.30126745590296
dataset/archive/Actor_07/03-01-01-01-02-02-07.wav,41.39773557329478,55.45282815229219,54.329700226913396,75.77076061317831,84.67491915563477
dataset/archive/Actor_07/03-01-02-01-01-01-07.wav,45.794803254748565,89.40555893294169,48.37613078271452,51.25153995100419,48.73429520814501
dataset/archive/Actor_07/03-01-02-01-01-02-07.wav,67.14894575460276,73.05089947722126,54.053791061265144,75.88399447814564,72.87333036659092
dataset/archive/Actor_07/03-01-02-01-02-01-07.wav,56.19106519767008,72.0336663462995,74.33268744162663,55.07030963405408,66.4158273528118
dataset/archive/Actor_07/03-01-02-01-02-02-07.wav,57.068163003953316,87.32871634303706,87.4260763550717,89.41484493636722,63.45656146099357
dataset/archive/Actor_07/03-01-02-02-01-01-07.wav,60.950512840842165,58.18155804607683,75.24707424995023,61.992257390971176,74.21876619993087
dataset/archive/Actor_07/03-01-02-02-01-02-07.wav,86.77103329985535,82.93442844746374,62.43258112114866,60.805383855276474,54.471119870469444
dataset/archive/Actor_07/03-01-02-02-02-01-07.wav,78.76433369150098,53.91449562716144,66.45450569356466,41.09506698577734,87.54456969514459
dataset/archive/Actor_07/03-01-02-02-02-02-07.wav,70.5901673926433,84.71207787327805,41.77578312072475,43.65879853335812,54.806414305007635
dataset/archive/Actor_07/03-01-03-01-01-01-07.wav,70.72392998732661,64.04038098689259,67.65623564370125,53.152540520196595,78.94875712739116
dataset/archive/Actor_07/03-01-03-01-01-02-07.wav,47.946159449494026,41.853293108328,43.61629091916829,60.211210545682974,76.48272498896404
dataset/archive/Actor_07/03-01-03-01-02-01-07.wav,77.58487718688846,73.75000266290772,62.914934402355144,70.17754742521154,50.18276286275841
dataset/archive/Actor_07/03-01-03-01-02-02-07.wav,48.09594158050264,71.15138258935235,46.22866959758909,65.04525450962598,88.20660391361213
dataset/archive/Actor_07/03-01-03-02-01-01-07.wav,54.61012193285699,76.23934112750472,53.93757630975058,70.64144784745451,89.4944508283905
dataset/archive/Actor_07/03-01-03-02-01-02-07.wav,56.36085935044021,42.26164093841307,76.23072988713719,61.18132045903707,67.69854483281588
dataset/archive/Actor_07/03-01-03-02-02-01-07.wav,56.305809807078816,73.92757917245015,55.69277665997681,76.12356703056602,51.7947412571432
dataset/archive/Actor_07/03-01-03-02-02-02-07.wav,52.80343231006996,46.166289964918455,80.00909146275913,81.05390442214518,88.36627415909464
dataset/archive/Actor_07/03-01-04-01-01-01-07.wav,54.9054994367541,52.885639235192095,44.264274227224654,49.20156472808689,78.07706355292038
dataset/archive/Actor_07/03-01-04-01-01-02-07.wav,72.31293400126144,83.7172437653241,41.74264817544471,76.28692608186057,88.34617975249323
dataset/archive/Actor_07/03-01-04-01-02-01-07.wav,79.83310586113316,46.06045989441794,42.29528595506396,69.57389580505198,59.62631850473766
dataset/archive/Actor_07/03-01-04-01-02-02-07.wav,56.22015957168168,48.07823766749221,84.7149076157875,46.012421947559226,43.26162963323694
dataset/archive/Actor_07/03-01-04-02-01-01-07.wav,73.82630851360246,86.67359171859044,56.360958330698054,67.53888864331513,87.45446548540096
dataset/archive/Actor_07/03-01-04-02-01-02-07.wav,60.05531325451983,89.66552884162978,67.31832898043521,57.54023245613305,54.91797725029224
dataset/archive/Actor_07/03-01-04-02-02-01-07.wav,48.05035737596115,66.19560767643296,77.76975360925755,78.68031880665472,81.27147634697334
dataset/archive/Actor_07/03-01-04-02-02-02-07.wav,69.4598353183045,82.95435908434007,73.61510868670683,55.59711726946516,75.71551092111616
dataset/archive/Actor_07/03-01-05-01-01-01-07.wav,55.78141878817307,69.88724792815724,47.327742265965,61.78176012807886,60.62387014633012
dataset/archive/Actor_07/03-01-05-01-01-02-07.wav,68.04387414936713,46.90816093226878,74.79380893638886,88.91981248878116,77.74433990568707
dataset/archive/Actor_07/03-01-05-01-02-01-07.wav,82.78253975829831,60.19895707189683,71.27026970228295,69.37573344145079,42.079714347810985
dataset/archive/Actor_07/03-01-05-01-02-02-07.wav,86.97007057216075,55.06112980382225,69.99529781367745,59.981264941443214,75.69439530675052
dataset/archive/Actor_07/03-01-05-02-01-01-07.wav,76.59208971330207,49.57191782698268,50.04352890424093,68.34105043561533,54.272544697231424
dataset/archive/Actor_07/03-01-05-02-01-02-07.wav,57.24921959709521,82.35635720190349,43.78423478143722,57.85453383203733,80.68652412934293
dataset/archive/Actor_07/03-01-05-02-02-01-07.wav,64.8892539496807,88.94529474740074,73.2303514124805,71.5197159882157,75.96490576078183
dataset/archive/Actor_07/03-01-05-02-02-02-07.wav,74.85208810290534,65.55880009084001,81.76128665796026,57.24541466404898,81.079936508568
dataset/archive/Actor_07/03-01-06-01-01-01-07.wav,61.79487236857403,52.31467318117522,59.15917314619834,58.524323412677724,75.10435823332409
dataset/archive/Actor_07/03-01-06-01-01-02-07.wav,84.5737794179004,68.82035072964695,71.38638408255366,43.441629852204045,51.730985572541165
dataset/archive/Actor_07/03-01-06-01-02-01-07.wav,61.6053026362611,75.27170921239195,83.21950363361356,75.91055889006435,51.11857549624201
dataset/archive/Actor_07/03-01-06-01-02-02-07.wav,79.64210562542505,66.25555863552653,73.37726202808396,49.506153658459155,48.4255267695267
dataset/archive/Actor_07/03-01-06-02-01-01-07.wav,87.7140335576897,52.142457674963794,81.49799194447645,56.879401077174315,66.96597605976244
dataset/archive/Actor_07/03-01-06-02-01-02-07.wav,53.35474348673023,46.19725997231495,65.7944548380887,43.19843078542333,58.79693726526372
dataset/archive/Actor_07/03-01-06-02-02-01-07.wav,69.41798351042091,81.70865770390449,74.59012016081797,69.58167813373996,46.1459032945633
dataset/archive/Actor_07/03-01-06-02-02-02-07.wav,52.355994871854065,80.91974691239659,87.53803609544232,49.53404791543256,71.03236937809245
dataset/archive/Actor_07/03-01-07-01-01-01-07.wav,73.48125551349722,84.54505348852135,60.360996917635426,63.10535707645922,63.19828997032808
dataset/archive/Actor_07/03-01-07-01-01-02-07.wav,41.57737429928791,83.87928494847006,85.89661930486733,75.20180525635725,57.02363686768383
dataset/archive/Actor_07/03-01-07-01-02-01-07.wav,63.84243476211502,45.59655180543744,60.75243011375012,72.42440566166403,73.69629995160626
dataset/archive/Actor_07/03-01-07-01-02-02-07.wav,88.84521356296912,48.19980533758719,86.63168172768069,68.6318711837072,62.841305213999526
dataset/archive/Actor_07/03-01-07-02-01-01-07.wav,68.35630670122245,50.03655133376086,54.21418336862211,74.71267889854717,73.90870156040614
dataset/archive/Actor_07/03-01-07-02-01-02-07.wav,81.98862129612587,76.26097556169307,73.54832068318183,72.06657928076137,54.75786390032823
dataset/archive/Actor_07/03-01-07-02-02-01-07.wav,87.52910036833131,43.00824025772769,68.32175828478842,49.51194210216445,82.31360274578921
dataset/archive/Actor_07/03-01-07-02-02-02-07.wav,50.73545160882406,81.01116966339994,58.19295880386855,57.408424616878406,71.9957048450655
dataset/archive/Actor_07/03-01-08-01-01-01-07.wav,40.85234805354145,86.73497572838677,69.24250782787838,73.66944555579894,55.141462298340294
dataset/archive/Actor_07/03-01-08-01-01-02-07.wav,54.94604233789569,70.83739984910835,79.36219684120461,52.791398424914796,45.80675787363674
dataset/archive/Actor_07/03-01-08-01-02-01-07.wav,60.46804549379301,48.81122455812564,43.146784528567984,83.94949187872854,73.81710365218396
dataset/archive/Actor_07/03-01-08-01-02-02-07.wav,53.477774799079306,68.03355877161025,51.51996662236129,58.12685052421604,40.31390942660283
dataset/archive/Actor_07/03-01-08-02-01-01-07.wav,51.34485483560558,67.91121106420177,66.00914697154927,87.629215786322,77.30654772290518
dataset/archive/Actor_07/03-01-08-02-01-02-07.wav,86.62784917771023,88.04873875501485,58.581502743413346,85.19669968388173,63.999443047142655
dataset/archive/Actor_07/03-01-08-02-02-01-07.wav,54.06398032567981,84.0837470448358,53.87597576652393,75.85146177011096,76.9617462979021
dataset/archive/Actor_07/03-01-08-02-02-02-07.wav,60.32553474598365,43.372295681691604,41.995583762544015,67.09784821767064,57.0686480869833
dataset/archive/Actor_08/03-01-01-01-01-01-08.wav,40.48238158397828,82.3263915032376,67.68759916527704,52.75678605361373,69.06039691136328
dataset/archive/Actor_08/03-01-01-01-01-02-08.wav,88.1914987074452,46.474307812952205,64.24238080012827,70.97110770931049,51.92028860773237
dataset/archive/Actor_08/03-01-01-01-02-01-08.wav,79.83473826301638,70.45396481982038,46.45798517628167,66.65759039608598,75.51535161542863
dataset/archive/Actor_08/03-01-01-01-02-02-08.wav,72.3130734117522,65.63418883836853,42.81100691467913,55.13947768388493,75.27858893417974
dataset/archive/Actor_08/03-01-02-01-01-01-08.wav,46.0301024395994,61.81685640072672,41.738585201688615,82.74949091426714,43.602772655391576
dataset/archive/Actor_08/03-01-02-01-01-02-08.wav,54.556647035680896,88.96952214959288,66.47707369490512,57.834711736581355,56.127458646730105
dataset/archive/Actor_08/03-01-02-01-02-01-08.wav,43.48960713369111,77.57328006874911,68.64093887161366,61.413375176090305,42.073149104723136
dataset/archive/Actor_08/03-01-02-01-02-02-08.wav,47.40951745279709,62.517506039328204,70.27601056991261,44.72502009995402,55.606531392439784
dataset/archive/Actor_08/03-01-02-02-01-01-08.wav,46.77819727156455,79.24392956093345,56.97039716529531,77.15907828507795,79.37058762956184
dataset/archive/Actor_08/03-01-02-02-01-02-08.wav,54.85969775193255,89.03015503827865,59.89353497560689,63.89652802301913,55.70580057203506
dataset/archive/Actor_08/03-01-02-02-02-01-08.wav,74.93144718572022,48.10949605606686,62.17357475343141,61.41289357951236,70.95257770888995
dataset/archive/Actor_08/03-01-02-02-02-02-08.wav,77.09986388469595,79.39513807342702,46.45084341761129,68.31860849444442,80.76305137030545
dataset/archive/Actor_08/03-01-03-01-01-01-08.wav,60.82881765025077,54.774419888016695,76.43012608535261,54.058450823055466,45.531445887195034
dataset/archive/Actor_08/03-01-03-01-01-02-08.wav,58.742979177368966,73.74819559479923,45.03348938214536,66.67963504230373,60.4647737110721
dataset/archive/Actor_08/03-01-03-01-02-01-08.wav,85.13319425560516,50.92844978064713,86.90103852287902,75.8540327351094,82.26515576931861
dataset/archive/Actor_08/03-01-03-01-02-02-08.wav,76.75259555073043,47.97587647761429,72.82168968516567,60.85240643316573,40.97510770540265
dataset/archive/Actor_08/03-01-03-02-01-01-08.wav,83.05263466833325,63.70840857698978,58.60502089741381,59.731349653194535,80.92593016291545
dataset/archive/Actor_08/03-01-03-02-01-02-08.wav,69.22108583901183,48.79092876510304,85.59619356672536,89.30280002219624,83.15026773537292
dataset/archive/Actor_08/03-01-03-02-02-01-08.wav,59.805744001829645,66.03837643096418,81.30875643842214,46.33468271986801,77.88403535894409
dataset/archive/Actor_08/03-01-03-02-02-02-08.wav,47.89589607846991,52.53732043249669,47.09063210140181,81.5779224903546,88.55633402210015
dataset/archive/Actor_08/03-01-04-01-01-01-08.wav,50.41128431211592,73.6648445886545,89.20648363855022,88.5488690014597,45.015333725283014
dataset/archive/Actor_08/03-01-04-01-01-02-08.wav,68.3610915354429,53.689173685298485,61.99626255044063,53.78653014692457,71.28915415528722
dataset/archive/Actor_08/03-01-04-01-02-01-08.wav,43.41775961581852,83.25242248887773,73.52036302618438,88.12990221393316,56.979943823162124
dataset/archive/Actor_08/03-01-04-01-02-02-08.wav,71.59274308970078,66.4195052897885,82.6378969179145,80.22015084291253,86.3035949648348
dataset/archive/Actor_08/03-01-04-02-01-01-08.wav,87.56211381196316,88.77156120023986,89.799582701129,73.44225274325913,67.44467280438536
dataset/archive/Actor_08/03-01-04-02-01-02-08.wav,53.05447981244512,54.99560970742333,89.39834520348842,57.02166868778916,54.30164870701648
dataset/archive/Actor_08/03-01-04-02-02-01-08.wav,54.223719048086075,62.136913482757315,69.7496994922212,79.80370903231247,87.31853229496456
dataset/archive/Actor_08/03-01-04-02-02-02-08.wav,57.78493345058807,60.57561159229289,70.29020978176351,84.77757095575498,45.351899543320016
dataset/archive/Actor_08/03-01-05-01-01-01-08.wav,67.28111219198581,45.0641422520257,59.019655409880244,70.1437805692036,86.05419907312783
dataset/archive/Actor_08/03-01-05-01-01-02-08.wav,50.653727872990714,51.03380388635353,80.18716130642838,86.72448182565908,81.84008319061834
dataset/archive/Actor_08/03-01-05-01-02-01-08.wav,69.1612966171627,71.96553281927024,42.08084821767219,59.33804989179004,58.867845207011825
dataset/archive/Actor_08/03-01-05-01-02-02-08.wav,65.56035075486182,62.71510002750396,74.11837885058011,72.96737989502107,49.67507059037486
dataset/archive/Actor_08/03-01-05-02-01-01-08.wav,73.79453405559602,53.713686313079485,70.97063510603317,41.24495168948637,75.26886871025894
dataset/archive/Actor_08/03-01-05-02-01-02-08.wav,83.63355358373363,48.319997220194416,85.62562253337205,42.4026385749798,68.66421074021412
dataset/archive/Actor_08/03-01-05-02-02-01-08.wav,48.26037611787605,44.49588590561056,83.29182754019624,84.92107556891844,73.96885608701874
dataset/archive/Actor_08/03-01-05-02-02-02-08.wav,62.83192804538518,60.142474187107105,54.42805598119763,60.12901449270315,52.46033945542325
dataset/archive/Actor_08/03-01-06-01-01-01-08.wav,53.74469264642953,79.7313971266567,46.17564824566963,81.16074504874283,71.57572560598753
dataset/archive/Actor_08/03-01-06-01-01-02-08.wav,69.0202990289269,64.92872074776673,42.716623261544854,45.445177242270816,76.1343405491936
dataset/archive/Actor_08/03-01-06-01-02-01-08.wav,68.48668136950734,40.09001296309095,85.24217239909449,83.01173729035301,73.84557870641677
dataset/archive/Actor_08/03-01-06-01-02-02-08.wav,80.95266142616622,40.40906952174827,67.98776866548684,86.433269697452,65.43574460436105
dataset/archive/Actor_08/03-01-06-02-01-01-08.wav,69.37031262056414,49.57305930875332,69.74511169272057,55.12855135847015,69.78849981044968
dataset/archive/Actor_08/03-01-06-02-01-02-08.wav,52.3768156977259,58.941036735939406,64.1302448010939,75.90996882783617,65.66732819342646
dataset/archive/Actor_08/03-01-06-02-02-01-08.wav,56.676456161989165,89.33611302673893,79.24693048917433,79.77025913881528,53.288842807021005
dataset/archive/Actor_08/03-01-06-02-02-02-08.wav,81.81862326570052,69.34373578271266,51.86256777794607,46.15968445575496,42.24878108662784
dataset/archive/Actor_08/03-01-07-01-01-01-08.wav,42.80287817013518,57.70248447392596,56.562377896057356,65.20707571685907,62.489224895202355
dataset/archive/Actor_08/03-01-07-01-01-02-08.wav,72.10427096388223,42.77937750814456,88.78175184872586,44.37745466392683,68.71167635399357
dataset/archive/Actor_08/03-01-07-01-02-01-08.wav,86.28635779764123,47.93885364737116,74.98730762644428,45.975224314616625,85.14491249623492
dataset/archive/Actor_08/03-01-07-01-02-02-08.wav,49.12159692622917,71.3482178139785,54.22326975803133,77.83085355261476,62.58011522975467
dataset/archive/Actor_08/03-01-07-02-01-01-08.wav,87.9982806553572,45.4233383944521,47.26734241362395,87.56479401365375,56.628267737531544
dataset/archive/Actor_08/03-01-07-02-01-02-08.wav,63.60956883676995,50.388159553264465,88.88280674797247,53.395047644965715,85.02566695387866
dataset/archive/Actor_08/03-01-07-02-02-01-08.wav,72.14913966559817,84.74244794968112,52.035906617177204,71.70184647669095,52.267156410042055
dataset/archive/Actor_08/03-01-07-02-02-02-08.wav,43.374853917604554,46.606987626976675,46.075719145427925,67.74529548201039,73.4282770834379
dataset/archive/Actor_08/03-01-08-01-01-01-08.wav,54.73529645653034,57.008401432811695,71.99254688683924,68.89626050416013,57.142744316023794
dataset/archive/Actor_08/03-01-08-01-01-02-08.wav,56.78064403965142,54.209682150081505,44.874399840861805,77.05661784595935,47.92145815608471
dataset/archive/Actor_08/03-01-08-01-02-01-08.wav,45.63482055277788,69.19552196379954,60.5139082059502,89.190529305868,61.98118920534675
dataset/archive/Actor_08/03-01-08-01-02-02-08.wav,72.54273065213016,56.162733472374114,84.58971497147421,82.32980836487897,78.77382328181085
dataset/archive/Actor_08/03-01-08-02-01-01-08.wav,61.90025862942478,54.14949958502188,54.5827754972579,47.75766630186405,77.29606141761036
dataset/archive/Actor_08/03-01-08-02-01-02-08.wav,58.27456722689476,61.90885899141006,55.90568096586675,64.40607487607349,83.6728888248395
dataset/archive/Actor_08/03-01-08-02-02-01-08.wav,63.652391864950275,73.47305767993119,40.36922821402246,80.4041886850608,74.24801578423286
dataset/archive/Actor_08/03-01-08-02-02-02-08.wav,40.266446755989925,75.30158359778969,70.95685640984152,70.76667812493353,84.31080077531846
dataset/archive/Actor_09/03-01-01-01-01-01-09.wav,41.80947020184076,61.92466946104317,55.065103783829606,45.5867052880476,79.68208575186608
dataset/archive/Actor_09/03-01-01-01-01-02-09.wav,51.36415783148554,42.68282316726331,60.55154569475258,72.58394863093235,64.96642300434183
dataset/archive/Actor_09/03-01-01-01-02-01-09.wav,49.360151927364306,85.63300756545412,63.34556638703558,81.34188685000751,58.85720069780371
dataset/archive/Actor_09/03-01-01-01-02-02-09.wav,45.19277768496136,42.80797863125917,85.83522961845615,69.50948024759316,61.19380025510882
dataset/archive/Actor_09/03-01-02-01-01-01-09.wav,64.08279455857468,60.39724538020758,82.39270736103867,87.90602915385506,81.5661696116843
dataset/archive/Actor_09/03-01-02-01-01-02-09.wav,59.343866505802936,64.52829469432514,72.19929315662094,70.7405750245916,62.91671124385941
dataset/archive/Actor_09/03-01-02-01-02-01-09.wav,67.07623796593887,69.636013861518,47.99854195722164,74.16503081910295,40.19327351868391
dataset/archive/Actor_09/03-01-02-01-02-02-09.wav,72.66702408720914,77.82930671518798,51.07953157891261,45.21864337914958,75.38727573716105
dataset/archive/Actor_09/03-01-02-02-01-01-09.wav,88.31867836879195,78.56777366200927,48.327109355514004,87.12914177629443,86.30544423028704
dataset/archive/Actor_09/03-01-02-02-01-02-09.wav,61.38125025281512,45.11272579536336,56.54314853575574,61.60587731721125,56.62055974399827
dataset/archive/Actor_09/03-01-02-02-02-01-09.wav,48.39605668278982,50.0645178549358,57.845302321056344,82.58449788118963,55.20944653371462
dataset/archive/Actor_09/03-01-02-02-02-02-09.wav,54.85524858948787,54.296921142502754,62.24973051373617,80.45759269764406,68.13848088352353
dataset/archive/Actor_09/03-01-03-01-01-01-09.wav,48.12547378925657,80.64034314250931,49.62333419161601,43.28586887339182,84.23981615030084
dataset/archive/Actor_09/03-01-03-01-01-02-09.wav,87.11571153261092,67.87082171153466,68.66286174367005,50.59783175317996,41.47071429129761
dataset/archive/Actor_09/03-01-03-01-02-01-09.wav,86.49235119210196,86.32868122984448,45.9757176087745,53.21237860140836,66.15968343736762
dataset/archive/Actor_09/03-01-03-01-02-02-09.wav,60.33165629527837,42.44854279969186,44.938388165359314,42.137898571477166,58.251344474326444
dataset/archive/Actor_09/03-01-03-02-01-01-09.wav,79.83599503603762,52.14240360280184,51.45216413112966,73.47137869003944,55.449013335073
dataset/archive/Actor_09/03-01-03-02-01-02-09.wav,43.38180807437877,83.16002697043307,84.3103889976665,68.20927723000094,87.09894702842365
dataset/archive/Actor_09/03-01-03-02-02-01-09.wav,79.22065232438607,49.82491465347502,70.12483804975963,81.96838430593084,53.98879148758665
dataset/archive/Actor_09/03-01-03-02-02-02-09.wav,43.089848189391134,70.44228644140115,58.18707431193003,48.960320305031146,50.813824799914514
dataset/archive/Actor_09/03-01-04-01-01-01-09.wav,50.26709163841691,71.92515335068796,79.65984675258204,59.00143992290511,56.940504467673385
dataset/archive/Actor_09/03-01-04-01-01-02-09.wav,50.67263101269548,62.35611992751093,76.27650680794034,80.98649886039284,62.07299774920595
dataset/archive/Actor_09/03-01-04-01-02-01-09.wav,49.273339800461464,79.21288224914629,69.51003207254826,62.88826272884121,80.27285202970234
dataset/archive/Actor_09/03-01-04-01-02-02-09.wav,43.368119312262266,40.34391138264949,57.09043631300814,64.4873508911409,55.15253839409933
dataset/archive/Actor_09/03-01-04-02-01-01-09.wav,52.84456098916696,86.24296325148862,65.57973587956472,44.8678274942972,49.35288769254966
dataset/archive/Actor_09/03-01-04-02-01-02-09.wav,87.2202384565641,68.00085598152795,68.1838255480606,48.69871756591725,52.48376077790469
dataset/archive/Actor_09/03-01-04-02-02-01-09.wav,42.14109074279873,45.566316519039276,55.41162507659109,71.2723961139696,66.50445343629745
dataset/archive/Actor_09/03-01-04-02-02-02-09.wav,84.11123186333475,76.53942846144083,58.61044123918364,72.20356144471677,52.3346538734737
dataset/archive/Actor_09/03-01-05-01-01-01-09.wav,51.72860133223268,42.46434388357532,67.73599132577478,72.72514885444278,50.00774149330564
dataset/archive/Actor_09/03-01-05-01-01-02-09.wav,58.16458604131054,50.36769429455944,61.49270327079353,58.59988751331093,50.17056958558596
dataset/archive/Actor_09/03-01-05-01-02-01-09.wav,52.82651471811513,72.90574435810119,76.99829683389967,69.07363201783612,82.05715956006627
dataset/archive/Actor_09/03-01-05-01-02-02-09.wav,77.49544044747216,74.29006052982609,43.52696481637351,58.91705764280688,65.02766590352768
dataset/archive/Actor_09/03-01-05-02-01-01-09.wav,84.05900939003865,81.2897849766619,81.34914488888529,78.75652839840474,70.33917791272319
dataset/archive/Actor_09/03-01-05-02-01-02-09.wav,76.05063660011197,62.436944345317606,88.49383460949954,43.36364803155561,46.1016687695517
dataset/archive/Actor_09/03-01-05-02-02-01-09.wav,80.98437593110903,83.14574485727518,87.65005274410973,77.24859035089375,88.7006585752265
dataset/archive/Actor_09/03-01-05-02-02-02-09.wav,44.10450907658197,71.54740354816957,54.82477073441398,71.76780125886819,64.13603654050398
dataset/archive/Actor_09/03-01-06-01-01-01-09.wav,69.24420325857187,46.12691792246957,76.7063689102477,77.4482849181831,83.88648832111093
dataset/archive/Actor_09/03-01-06-01-01-02-09.wav,41.850669323163615,47.942116499758114,74.22467554664145,44.88558565509903,58.737897441804236
dataset/archive/Actor_09/03-01-06-01-02-01-09.wav,57.18396444493597,68.18044148963529,77.2975504544855,61.82600841082609,68.95138469296734
dataset/archive/Actor_09/03-01-06-01-02-02-09.wav,42.35012485798801,51.345419106119834,70.32436264728376,84.09537610209262,46.640364257901986
dataset/archive/Actor_09/03-01-06-02-01-01-09.wav,56.018484841920994,81.14415703272331,58.705199349908995,61.684072393978184,83.98606490187751
dataset/archive/Actor_09/03-01-06-02-01-02-09.wav,63.332510071095186,61.95249496888466,87.38127607968451,52.38056467978148,84.06325834202582
dataset/archive/Actor_09/03-01-06-02-02-01-09.wav,88.91997435302068,45.63438196234853,89.5927018718395,63.66582305847314,84.93507984345533
dataset/archive/Actor_09/03-01-06-02-02-02-09.wav,49.12547040017141,76.45601064780149,89.54553283255903,54.77684961332059,85.19758762119724
dataset/archive/Actor_09/03-01-07-01-01-01-09.wav,77.90578719018666,64.01105074515334,60.79305146454991,74.76854151748967,45.88733800574933
dataset/archive/Actor_09/03-01-07-01-01-02-09.wav,64.54792577883288,50.8134968855297,80.81928278744732,46.76272165708313,52.3861496985901
dataset/archive/Actor_09/03-01-07-01-02-01-09.wav,46.86862431781886,61.172484460429985,68.52628964924983,46.771359380200934,62.43996451367417
dataset/archive/Actor_09/03-01-07-01-02-02-09.wav,52.950271211179526,56.99789549064455,40.6973095463367,49.38584336517699,64.77226756334402
dataset/archive/Actor_09/03-01-07-02-01-01-09.wav,79.24197761879662,49.754584937964204,53.844398665713335,83.57830185611073,70.85856591732981
dataset/archive/Actor_09/03-01-07-02-01-02-09.wav,87.26756298472816,63.9189384186729,45.660445384373105,45.13364124576953,59.465664466325826
dataset/archive/Actor_09/03-01-07-02-02-01-09.wav,67.89066858019063,57.37389386114861,41.446855689541444,65.80026296686599,72.01997544810416
dataset/archive/Actor_09/03-01-07-02-02-02-09.wav,43.687304879629075,80.34583871235357,76.54293245442321,84.85703403218281,48.7272264118106
dataset/archive/Actor_09/03-01-08-01-01-01-09.wav,85.45770455411227,72.73315047955188,59.909754119272726,41.475425241911374,43.82473564898705
dataset/archive/Actor_09/03-01-08-01-01-02-09.wav,45.93112382287202,45.21036358533498,55.609603700609995,88.7377774210303,40.12301269835685
dataset/archive/Actor_09/03-01-08-01-02-01-09.wav,80.76200239558332,44.77188936993342,80.23051040694278,84.36448143538198,67.08255871084398
dataset/archive/Actor_09/03-01-08-01-02-02-09.wav,74.24378128978131,81.61095233592798,70.78465770747466,89.64462691436614,88.89319123200394
dataset/archive/Actor_09/03-01-08-02-01-01-09.wav,50.36875926165922,81.48102780958631,65.73788765765318,45.12245321796377,45.79525808102714
dataset/archive/Actor_09/03-01-08-02-01-02-09.wav,75.71662442008778,56.0751556042831,47.79833797095757,45.86944841145542,78.33239828903898
dataset/archive/Actor_09/03-01-08-02-02-01-09.wav,78.34953926362718,71.8236558919666,46.89859490941172,77.09518800740938,69.16329209126121
dataset/archive/Actor_09/03-01-08-02-02-02-09.wav,76.93261548683844,70.18502554443006,44.256585462152,49.20387237097563,64.65072259890404
dataset/archive/Actor_10/03-01-01-01-01-01-10.wav,80.86002406965758,83.00026154676779,44.62094063735168,45.43933198627933,55.43058616950731
dataset/archive/Actor_10/03-01-01-01-01-02-10.wav,75.6941175316673,86.07770924551139,78.07949107957208,81.80392634880009,67.94776929039469
dataset/archive/Actor_10/03-01-01-01-02-01-10.wav,70.75569005152586,46.41238843063675,45.63083338460055,44.44393136652396,70.14953895738469
dataset/archive/Actor_10/03-01-01-01-02-02-10.wav,76.36745861244069,43.05995289980343,58.5188620597056,85.31600323268336,83.44664506829153
dataset/archive/Actor_10/03-01-02-01-01-01-10.wav,46.84440915825181,52.3814385445194,48.003142341513154,45.04484447546375,71.83943555853608
dataset/archive/Actor_10/03-01-02-01-01-02-10.wav,78.57074114158819,43.60840142757881,75.66354772098295,84.26557843394386,87.53778026568156
dataset/archive/Actor_10/03-01-02-01-02-01-10.wav,79.21929543172911,69.14937280136414,65.72528161762472,66.93456670087095,43.5692728411237
dataset/archive/Actor_10/03-01-02-01-02-02-10.wav,61.87502644695997,66.27951505608594,85.95155148186174,83.71837796349641,57.23808377932731
dataset/archive/Actor_10/03-01-02-02-01-01-10.wav,61.44245988531922,74.53085537000086,59.94799709676761,45.754044232864274,88.23902780018904
dataset/archive/Actor_10/03-01-02-02-01-02-10.wav,67.34381581009953,47.95753223603364,46.11772043260745,63.26059292389752,62.5901705306359
dataset/archive/Actor_10/03-01-02-02-02-01-10.wav,42.29937889847323,47.41444285341862,46.18992400168048,59.14712360364951,51.637235303574684
dataset/archive/Actor_10/03-01-02-02-02-02-10.wav,74.11672592788985,73.32301728051259,63.753552256012526,82.22327411730363,76.2495170991431
dataset/archive/Actor_10/03-01-03-01-01-01-10.wav,58.958579364020444,89.88498397784723,80.61014514415176,87.86830345326702,72.51172334147194
dataset/archive/Actor_10/03-01-03-01-01-02-10.wav,61.71915830260649,52.10851354204715,46.80320982328739,66.60548205186814,60.40654149355629
dataset/archive/Actor_10/03-01-03-01-02-01-10.wav,81.18459286060423,78.41535778964266,55.80815558370415,72.44783810161685,65.17510465279727
dataset/archive/Actor_10/03-01-03-01-02-02-10.wav,70.65000080864272,84.38983282619,55.150173005500584,61.78018919903222,88.95066574467032
dataset/archive/Actor_10/03-01-03-02-01-01-10.wav,58.3836405220292,41.308571884031586,48.072147226885534,82.13414427260365,62.95153849414369
dataset/archive/Actor_10/03-01-03-02-01-02-10.wav,71.19748844853842,85.60527137807958,73.182159320196,47.95861690281478,46.16575123232903
dataset/archive/Actor_10/03-01-03-02-02-01-10.wav,50.434210845082504,51.78962549302387,69.98864458614676,85.31391051641012,52.024789070827225
dataset/archive/Actor_10/03-01-03-02-02-02-10.wav,71.69532133487611,51.159068446371,62.63127668775426,68.93218393507728,83.35588516087267
dataset/archive/Actor_10/03-01-04-01-01-01-10.wav,75.10588533945533,75.46659381207158,85.00133333699453,61.0331490928629,46.21644782574475
dataset/archive/Actor_10/03-01-04-01-01-02-10.wav,72.1382769718503,55.04268984511059,71.63751877085834,70.75136294646856,72.04316199098426
dataset/archive/Actor_10/03-01-04-01-02-01-10.wav,58.02118566989195,67.06735141369296,88.34167955441373,67.7724698370416,70.4620681573383
dataset/archive/Actor_10/03-01-04-01-02-02-10.wav,53.15190796530395,72.8042050643967,75.49460817977229,40.55150939331677,44.10493506031408
dataset/archive/Actor_10/03-01-04-02-01-01-10.wav,84.01744252757649,75.36793144402183,49.71729855637902,51.43759276955946,65.08329166727992
dataset/archive/Actor_10/03-01-04-02-01-02-10.wav,52.66706966198849,62.61760683236102,76.17893323422393,41.0770914552802,77.85883597615643
dataset/archive/Actor_10/03-01-04-02-02-01-10.wav,66.35414995919005,40.57591982046613,46.47862186718582,79.29540436279481,41.42885305201111
dataset/archive/Actor_10/03-01-04-02-02-02-10.wav,42.925761930429175,44.519896925535484,47.57558007041784,57.21367110180267,67.96619732256706
dataset/archive/Actor_10/03-01-05-01-01-01-10.wav,80.95888573160482,44.56084239638255,70.695807129209,40.254888664304055,45.16854580462081
dataset/archive/Actor_10/03-01-05-01-01-02-10.wav,53.94716183210723,45.28266387122731,52.16558281979829,46.39283910416859,79.32469300178562
dataset/archive/Actor_10/03-01-05-01-02-01-10.wav,70.96256666315054,78.91326190755987,58.93706355863935,52.36354665956175,58.378093492301616
dataset/archive/Actor_10/03-01-05-01-02-02-10.wav,63.055615299986655,68.72699503916252,73.0127510002612,85.30683708649023,42.95824655253307
dataset/archive/Actor_10/03-01-05-02-01-01-10.wav,88.63190536394605,89.71218947348405,47.10945445016965,82.22999595362252,79.91754616046424
dataset/archive/Actor_10/03-01-05-02-01-02-10.wav,74.14048802981682,78.53240938641933,74.0998725778058,81.38274649504473,65.45167666183868
dataset/archive/Actor_10/03-01-05-02-02-01-10.wav,72.77161270612017,48.599661527405885,69.56992251959883,73.89941761676567,60.955983434028084
dataset/archive/Actor_10/03-01-05-02-02-02-10.wav,50.7118664939572,56.54998222224953,46.33004439092741,66.3293632393546,73.52321328293615
dataset/archive/Actor_10/03-01-06-01-01-01-10.wav,41.74769512784942,83.90440252967093,72.55861891821786,82.06129298669106,45.85730145706806
dataset/archive/Actor_10/03-01-06-01-01-02-10.wav,80.67531602374888,81.78918031090231,78.37832036231512,80.68880266292828,81.19412570871825
dataset/archive/Actor_10/03-01-06-01-02-01-10.wav,86.49213028084131,67.20035307965364,56.62993366901852,49.176690373461504,74.75844768706317
dataset/archive/Actor_10/03-01-06-01-02-02-10.wav,57.313170879511375,58.86062903739321,73.51529947352654,54.71274879097773,71.08015896322823
dataset/archive/Actor_10/03-01-06-02-01-01-10.wav,74.29388877836084,52.69988927576779,77.18340504399112,61.018323176487,88.14885632237673
dataset/archive/Actor_10/03-01-06-02-01-02-10.wav,46.384419038150746,42.048973085805315,73.04444937637939,82.64246436586257,42.57277816348898
dataset/archive/Actor_10/03-01-06-02-02-01-10.wav,83.10808027290969,79.5761613444028,56.587700147713,74.94064629440817,50.84368036877121
dataset/archive/Actor_10/03-01-06-02-02-02-10.wav,59.167744944039434,40.27036713180643,54.770456838060795,74.5517310329891,84.54715750001591
dataset/archive/Actor_10/03-01-07-01-01-01-10.wav,40.671825211375875,60.86757868690452,56.465176922840335,81.18029439844315,54.62959069780153
dataset/archive/Actor_10/03-01-07-01-01-02-10.wav,70.34640306557137,45.510094597875096,83.45856921634962,68.12096344172124,71.56121213603124
dataset/archive/Actor_10/03-01-07-01-02-01-10.wav,83.48828559717577,69.25963731425712,84.14198629821291,69.74624607328148,56.43208630733436
dataset/archive/Actor_10/03-01-07-01-02-02-10.wav,76.26978691347864,64.11857036147423,67.13902286009521,59.179913142343366,76.5921547011949
dataset/archive/Actor_10/03-01-07-02-01-01-10.wav,64.65943317196023,73.29905929238592,54.94029365788528,66.72022534305123,81.70126540569777
dataset/archive/Actor_10/03-01-07-02-01-02-10.wav,89.59582874791933,54.84362617423521,50.51924401466188,64.82354687561552,83.81022227785095
dataset/archive/Actor_10/03-01-07-02-02-01-10.wav,53.95775115130668,70.48279761202423,78.66547392513229,71.69383590602908,75.65160218733322
dataset/archive/Actor_10/03-01-07-02-02-02-10.wav,54.14057810591936,59.97216816498317,89.72713929386893,40.178823110560344,86.7268073107407
dataset/archive/Actor_10/03-01-08-01-01-01-10.wav,45.274910366585104,72.39784304105024,65.6238124529535,47.82353303040885,83.1467501526312
dataset/archive/Actor_10/03-01-08-01-01-02-10.wav,81.56954536350474,60.22689070949134,71.3374561696109,43.07636276270456,61.46286299646452
dataset/archive/Actor_10/03-01-08-01-02-01-10.wav,61.17082693212535,83.84368317408021,86.6207918279444,88.44708709453366,65.11261589770952
dataset/archive/Actor_10/03-01-08-01-02-02-10.wav,86.5807660630046,60.802825720034924,70.72547995420504,76.21347647726706,57.17826778144011
dataset/archive/Actor_10/03-01-08-02-01-01-10.wav,57.78676392440383,76.68316146594184,46.40189216362383,71.31008465250618,69.40592203636575
dataset/archive/Actor_10/03-01-08-02-01-02-10.wav,74.09934469181576,46.118741507242504,86.54530346947965,68.08192725180638,86.52023136984502
dataset/archive/Actor_10/03-01-08-02-02-01-10.wav,44.676040199497535,45.509449545040376,82.72818754404602,77.26883121991669,47.175711825963724
dataset/archive/Actor_10/03-01-08-02-02-02-10.wav,47.91953535729802,68.60214652731024,44.18458662411942,83.26409584252885,86.00010481753452
dataset/archive/Actor_11/03-01-01-01-01-01-11.wav,55.57885257563565,72.65278405890005,54.50964819580435,87.01685879664925,44.28174493793407
dataset/archive/Actor_11/03-01-01-01-01-02-11.wav,51.60031811557184,44.111640497639094,83.77291394362234,88.24026832116014,45.86704644598392
dataset/archive/Actor_11/03-01-01-01-02-01-11.wav,67.4730373440899,80.09132776768487,67.77445037878041,64.46683877768899,73.70907957453028
dataset/archive/Actor_11/03-01-01-01-02-02-11.wav,82.96060535155712,46.12676467346759,62.32912049201766,78.41038240451601,49.12308266860805
dataset/archive/Actor_11/03-01-02-01-01-01-11.wav,54.059920163692944,75.33680336976474,54.53195565962129,85.48636926644585,41.49810581377645
dataset/archive/Actor_11/03-01-02-01-01-02-11.wav,55.03756381452396,41.34940568816238,63.06940751138569,83.52439379145176,89.3043376468587
dataset/archive/Actor_11/03-01-02-01-02-01-11.wav,73.03737539890639,71.75234247488538,46.68668384492665,86.88320840843056,80.65186939597965
dataset/archive/Actor_11/03-01-02-01-02-02-11.wav,82.45892029787208,61.28737830269367,82.17160160295387,72.42713054079658,62.80643202344413
dataset/archive/Actor_11/03-01-02-02-01-01-11.wav,47.369617583268656,49.458676525240826,66.82592475680971,65.22145650249655,83.7149023022118
dataset/archive/Actor_11/03-01-02-02-01-02-11.wav,53.54178967814912,63.32836082884471,74.41763079794706,60.52144307677018,46.5855923458955
dataset/archive/Actor_11/03-01-02-02-02-01-11.wav,52.34337530225858,49.67929201345358,53.12102428341208,86.87172224474526,65.54096268616401
dataset/archive/Actor_11/03-01-02-02-02-02-11.wav,43.50909849538267,72.05965119273631,58.80551880887778,82.79456116825534,57.298151383471875
dataset/archive/Actor_11/03-01-03-01-01-01-11.wav,69.44225310807852,65.14337900589787,60.512745196399706,47.293575023857656,57.095780583116245
dataset/archive/Actor_11/03-01-03-01-01-02-11.wav,64.96482237523374,47.79874469157016,68.24736221476579,54.074936101365296,44.657883051556276
dataset/archive/Actor_11/03-01-03-01-02-01-11.wav,44.228220774681745,78.56596953488824,79.84051816328493,89.28837890694604,69.72422542266273
dataset/archive/Actor_11/03-01-03-01-02-02-11.wav,61.36419269749444,79.98030598461267,61.200929594263755,45.3066402874294,44.8415959631198
dataset/archive/Actor_11/03-01-03-02-01-01-11.wav,86.28301292879449,81.70780779835518,42.13853294665102,66.51547639388761,45.917826223879345
dataset/archive/Actor_11/03-01-03-02-01-02-11.wav,81.06605205887126,87.52841601567017,50.881727728263456,83.97463970431178,77.15635573847794
dataset/archive/Actor_11/03-01-03-02-02-01-11.wav,77.96677374436008,51.57071993094884,74.0388803509286,79.05649868850077,87.79441282743659
dataset/archive/Actor_11/03-01-03-02-02-02-11.wav,47.37580341122465,48.08967177456464,51.24276489778477,57.148561518539,70.82863180437707
dataset/archive/Actor_11/03-01-04-01-01-01-11.wav,42.57775253109751,82.18987821825455,48.06224016425666,41.43098765486766,84.0346662515993
dataset/archive/Actor_11/03-01-04-01-01-02-11.wav,62.28945006753473,77.10744205956016,81.09996560322615,84.1032929289523,54.13607072409698
dataset/archive/Actor_11/03-01-04-01-02-01-11.wav,71.93565701622953,89.51125894809877,60.1881292179887,81.5221283652179,78.72127578763826
dataset/archive/Actor_11/03-01-04-01-02-02-11.wav,53.83156658075733,58.908246258312886,68.72504206618169,49.46069422479085,76.6133590867428
dataset/archive/Actor_11/03-01-04-02-01-01-11.wav,57.61857215821709,78.33435367341582,59.21584418394187,79.52398836690509,48.798902676385744
dataset/archive/Actor_11/03-01-04-02-01-02-11.wav,76.42427929010181,49.36674393502202,61.50582811615823,84.30691422851731,45.9801707764642
dataset/archive/Actor_11/03-01-04-02-02-01-11.wav,79.70190781174547,45.26210182154597,41.254907293111394,83.29084149274402,77.62654058279142
dataset/archive/Actor_11/03-01-04-02-02-02-11.wav,47.604349534556235,74.22452078296436,78.7987138453335,79.96865459486853,89.94457206774652
dataset/archive/Actor_11/03-01-05-01-01-01-11.wav,62.47121948486683,81.22785655192646,59.999608589891125,69.44503235444536,62.13518997340689
dataset/archive/Actor_11/03-01-05-01-01-02-11.wav,83.10650040677163,51.10970169141942,61.23075351398826,67.46663044252517,45.45919001124449
dataset/archive/Actor_11/03-01-05-01-02-01-11.wav,74.80378180915693,70.318673173608,44.00176045928162,83.73939195897128,43.968815553654146
dataset/archive/Actor_11/03-01-05-01-02-02-11.wav,55.07877958386437,65.73882536007994,48.16247778145453,70.59670173080966,42.13433515349694
dataset/archive/Actor_11/03-01-05-02-01-01-11.wav,70.06032403388582,77.41154201079252,66.06743093326344,48.76683036368681,84.16767663994543
dataset/archive/Actor_11/03-01-05-02-01-02-11.wav,88.4984043954004,62.498379230412795,74.29599492953565,46.28256983316187,76.523928511811
dataset/archive/Actor_11/03-01-05-02-02-01-11.wav,68.81420138630665,42.33773546918739,84.54069125305728,89.21569929051,86.10987725319148
dataset/archive/Actor_11/03-01-05-02-02-02-11.wav,63.38160472020335,42.236001474379975,67.30166462453289,50.52172691688564,88.89194823379643
dataset/archive/Actor_11/03-01-06-01-01-01-11.wav,44.08873867761385,43.46073320608996,70.0309929572519,66.80901860176598,41.395214392047556
dataset/archive/Actor_11/03-01-06-01-01-02-11.wav,65.57107807618985,66.67731658316559,48.873117487846656,72.78297773357463,48.365778328764684
dataset/archive/Actor_11/03-01-06-01-02-01-11.wav,85.14712650772148,59.17825456838746,65.4817670427206,45.14702173042141,73.94116176949024
dataset/archive/Actor_11/03-01-06-01-02-02-11.wav,58.08424250458067,72.10824251875741,77.99938164163311,63.25846224084517,58.094286361364624
dataset/archive/Actor_11/03-01-06-02-01-01-11.wav,84.49524467225365,73.53460352340792,57.21540857520698,59.45690150608155,68.9334590526976
dataset/archive/Actor_11/03-01-06-02-01-02-11.wav,62.954678280065416,41.46710587486339,83.21814026232784,84.90293735604038,75.22175931860917
dataset/archive/Actor_11/03-01-06-02-02-01-11.wav,55.884624132866314,81.19263391750039,55.68149463537768,87.68182320106862,59.42948908780831
dataset/archive/Actor_11/03-01-06-02-02-02-11.wav,89.51125180094023,57.8210486929637,49.83160780097862,59.90606047376481,41.54777807019443
dataset/archive/Actor_11/03-01-07-01-01-01-11.wav,42.89842632111279,89.53579625023065,59.94698154925334,53.74006550826588,76.12494996042028
dataset/archive/Actor_11/03-01-07-01-01-02-11.wav,71.2370416383219,75.03792436442413,48.445249864543,84.49627698224647,78.22008652218108
dataset/archive/Actor_11/03-01-07-01-02-01-11.wav,58.35534951970411,43.28843664039283,83.72215476199415,79.73312392915409,52.48030012180864
dataset/archive/Actor_11/03-01-07-01-02-02-11.wav,44.03907836176109,41.81963037124203,52.10351405967075,52.874297637754665,47.53428109193571
dataset/archive/Actor_11/03-01-07-02-01-01-11.wav,77.10043748889979,77.17821214171263,43.215391826837724,79.08459010920001,48.273757275741794
dataset/archive/Actor_11/03-01-07-02-01-02-11.wav,56.275033825996665,56.1620825142849,70.44438238554876,47.274663910317145,70.44389968922906
dataset/archive/Actor_11/03-01-07-02-02-01-11.wav,74.85683829791779,53.67093622023333,60.11483615872603,56.5744997724435,89.5080769047389
dataset/archive/Actor_11/03-01-07-02-02-02-11.wav,57.544424519604604,46.71355836753593,70.78066417170453,80.66384313601395,82.59030941711514
dataset/archive/Actor_11/03-01-08-01-01-01-11.wav,58.953561504863686,47.00095604487441,73.606253632516,55.49194991409134,88.10873423284934
dataset/archive/Actor_11/03-01-08-01-01-02-11.wav,59.31790255142228,56.46681900513751,61.53867132228716,85.82644187721671,80.0425461720773
dataset/archive/Actor_11/03-01-08-01-02-01-11.wav,54.07959269955042,48.11801866209231,55.54559522662439,67.78866266317698,73.82259465725039
dataset/archive/Actor_11/03-01-08-01-02-02-11.wav,51.00276256071242,64.64273679274056,62.55799474659807,40.27638136644917,74.08151894357944
dataset/archive/Actor_11/03-01-08-02-01-01-11.wav,68.97018643550729,66.6212887289881,82.76230098358907,53.29754556016323,66.12103806298107
dataset/archive/Actor_11/03-01-08-02-01-02-11.wav,84.10754205064254,60.671400478340296,49.88436471101663,65.48819332573854,81.01035603997516
dataset/archive/Actor_11/03-01-08-02-02-01-11.wav,71.63741730706187,75.86334878169252,48.446617705441,68.13274515856114,49.72299774679668
dataset/archive/Actor_11/03-01-08-02-02-02-11.wav,43.35687871563112,77.6004008584595,43.665141631972816,51.0234194213817,85.1950447461993
dataset/archive/Actor_12/03-01-01-01-01-01-12.wav,73.78570421975073,82.08653859579655,82.20774918130263,78.07794187007212,80.44002164929873
dataset/archive/Actor_12/03-01-01-01-01-02-12.wav,80.85912814620761,87.26552282991767,89.43840054400209,57.687571537013696,56.43856246680245
dataset/archive/Actor_12/03-01-01-01-02-01-12.wav,49.05831268138204,52.25990730622827,86.18670426418439,63.306780032054064,82.17028451128178
dataset/archive/Actor_12/03-01-01-01-02-02-12.wav,55.4802612972703,45.159930231639,44.73387466740865,75.05747006152006,75.73891444736414
dataset/archive/Actor_12/03-01-02-01-01-01-12.wav,52.363849817425134,63.99658305448439,82.97898177065531,42.68554968212793,40.59687838941729
dataset/archive/Actor_12/03-01-02-01-01-02-12.wav,88.02847424582023,47.353875481854146,59.90140732476377,53.310303818510846,68.12699984328997
dataset/archive/Actor_12/03-01-02-01-02-01-12.wav,64.39572184629316,66.93788087902762,80.23870113469025,61.036419701398415,88.6167261718515
dataset/archive/Actor_12/03-01-02-01-02-02-12.wav,74.98942312873211,65.87616879416343,47.085195919880775,86.16857542432298,70.8839578228114
dataset/archive/Actor_12/03-01-02-02-01-01-12.wav,73.08447139870654,59.330665913088176,61.07854078250726,87.3789398845413,63.27150888661599
dataset/archive/Actor_12/03-01-02-02-01-02-12.wav,52.10358396553674,80.35614554611388,73.08610607612975,77.56085634592175,64.583212218712
dataset/archive/Actor_12/03-01-02-02-02-01-12.wav,67.93261277090126,85.49668213916573,44.312404813508515,85.35058416873291,42.60962419248458
dataset/archive/Actor_12/03-01-02-02-02-02-12.wav,79.38569339050353,63.79926465771988,40.38272776016764,74.68571945999872,55.49285518072274
dataset/archive/Actor_12/03-01-03-01-01-01-12.wav,57.00105791025413,43.96252381679746,80.20233836124947,77.56467291557816,54.87958146685928
dataset/archive/Actor_12/03-01-03-01-01-02-12.wav,66.30175288958634,40.883554703518094,58.63119054111445,66.04269396948092,67.56391421669346
dataset/archive/Actor_12/03-01-03-01-02-01-12.wav,54.95737768391033,61.624064251767166,63.40121020052423,75.94528543149163,85.92771806297654
dataset/archive/Actor_12/03-01-03-01-02-02-12.wav,51.31148955590822,68.87203052761753,78.75281443348115,71.12890803208644,79.52393168463234
dataset/archive/Actor_12/03-01-03-02-01-01-12.wav,68.03364600846464,80.4793555345367,51.8717134303286,59.081959242316195,49.84516076681093
dataset/archive/Actor_12/03-01-03-02-01-02-12.wav,72.53428297178678,77.69589910859375,63.34246899039926,43.0498765404016,41.522064841548904
dataset/archive/Actor_12/03-01-03-02-02-01-12.wav,42.63139827023846,47.69928472009326,41.54071786954217,49.688595672546015,59.851454559939164
dataset/archive/Actor_12/03-01-03-02-02-02-12.wav,84.17178903749816,62.39209653630072,68.30231175966789,68.57254320941763,75.65690523271667
dataset/archive/Actor_12/03-01-04-01-01-01-12.wav,59.75385316556605,78.07450117106649,58.28424405139049,55.06170300680147,63.61982108754207
dataset/archive/Actor_12/03-01-04-01-01-02-12.wav,72.33290360199976,73.1011857298416,88.28701206272905,78.15130396108304,64.85269860683589
dataset/archive/Actor_12/03-01-04-01-02-01-12.wav,72.03557475911407,65.77457366868151,60.33390887388108,52.0912703003839,68.14996819615051
dataset/archive/Actor_12/03-01-04-01-02-02-12.wav,68.34331123628908,80.9137175161858,75.6595838099281,49.127351994969146,62.415445929221775
dataset/archive/Actor_12/03-01-04-02-01-01-12.wav,67.22869261485279,43.291597077775606,67.18758343203932,47.778279051201146,76.79500582002134
dataset/archive/Actor_12/03-01-04-02-01-02-12.wav,45.753350087037354,87.83383303064937,45.111456843058285,46.930925932139054,84.66617246625768
dataset/archive/Actor_12/03-01-04-02-02-01-12.wav,70.6357194646464,40.54097289239229,63.20577996770734,77.99009496578222,61.666254836344294
dataset/archive/Actor_12/03-01-04-02-02-02-12.wav,79.2625393291604,60.883244332098826,58.29685746875926,71.57293657608524,86.16963395178848
dataset/archive/Actor_12/03-01-05-01-01-01-12.wav,78.40087455990681,44.81678706576351,87.02197104164136,55.93232580465694,82.59397395621819
dataset/archive/Actor_12/03-01-05-01-01-02-12.wav,83.65508082601106,89.17927723466934,71.66861338048504,82.14057708167002,81.20315839900604
dataset/archive/Actor_12/03-01-05-01-02-01-12.wav,48.003596901001096,62.05138591064963,40.8726103363259,44.52206543925172,65.22363173147252
dataset/archive/Actor_12/03-01-05-01-02-02-12.wav,80.05395839135494,43.19989486922167,50.98480480319361,82.1836472242893,84.78038946144164
dataset/archive/Actor_12/03-01-05-02-01-01-12.wav,67.11491508441753,67.86662845597115,63.4231901781516,81.55815244168079,54.180561694627265
dataset/archive/Actor_12/03-01-05-02-01-02-12.wav,71.33431267307002,74.58662684107382,62.36486970395874,52.99757355044054,88.73624462913558
dataset/archive/Actor_12/03-01-05-02-02-01-12.wav,82.41281766673195,84.22924454220149,85.8017604144606,67.46704782874511,56.543918232594976
dataset/archive/Actor_12/03-01-05-02-02-02-12.wav,71.95831351823036,47.51599121763263,83.09748961027942,54.29986868032218,63.380410498073644
dataset/archive/Actor_12/03-01-06-01-01-01-12.wav,54.63876991271038,87.09436632923442,60.79400337399997,67.11624875034268,63.239923769751
dataset/archive/Actor_12/03-01-06-01-01-02-12.wav,64.1588241606789,49.3904253498461,88.5552738515166,87.66813400969664,49.70117227044349
dataset/archive/Actor_12/03-01-06-01-02-01-12.wav,89.57211764397398,49.112083184026396,66.29633102968332,67.25663267869004,52.08289847713113
dataset/archive/Actor_12/03-01-06-01-02-02-12.wav,74.82859097393612,40.1821553067054,52.91349282716867,59.82375829717776,74.36624998087333
dataset/archive/Actor_12/03-01-06-02-01-01-12.wav,70.90191640992745,88.43111085505092,41.389286390977276,54.03427482536385,64.6497916099418
dataset/archive/Actor_12/03-01-06-02-01-02-12.wav,71.31991176604478,78.53378220579685,83.0683813475782,43.101017152316246,54.54485134258272
dataset/archive/Actor_12/03-01-06-02-02-01-12.wav,46.13846703714161,78.68440152036877,78.86038301659764,61.71243712833035,50.00499139934488
dataset/archive/Actor_12/03-01-06-02-02-02-12.wav,58.842780013236194,70.63532660655802,89.21051244738591,77.1178913985492,68.72830371957771
dataset/archive/Actor_12/03-01-07-01-01-01-12.wav,77.81199821527795,55.708102546603605,66.51806663085853,66.6871964815875,63.029771056436914
dataset/archive/Actor_12/03-01-07-01-01-02-12.wav,45.479299101110044,81.69109892648504,53.22446522885839,49.37748306761818,85.05548681218531
dataset/archive/Actor_12/03-01-07-01-02-01-12.wav,52.77895144076872,80.13979360919168,49.92950491915785,82.92863407049546,66.63035966905596
dataset/archive/Actor_12/03-01-07-01-02-02-12.wav,70.28215458183931,70.79538687703457,45.95485248732405,66.52132447431154,52.69988693959796
dataset/archive/Actor_12/03-01-07-02-01-01-12.wav,82.3158256741464,58.167480334387015,68.52426401821597,71.68411013395168,59.96936252981169
dataset/archive/Actor_12/03-01-07-02-01-02-12.wav,54.90363755978865,71.95466935958699,63.715654907891036,82.86451337015865,70.91753720472751
dataset/archive/Actor_12/03-01-07-02-02-01-12.wav,55.16824586985517,67.75404751391521,75.22936960050204,78.39035693628728,70.58647697268471
dataset/archive/Actor_12/03-01-07-02-02-02-12.wav,88.40112465740808,44.59275965736559,82.4667073769898,60.57327483990943,61.158135971697746
dataset/archive/Actor_12/03-01-08-01-01-01-12.wav,78.84759544393825,64.31192229399991,47.023727894624855,56.02317941873815,89.44621716270191
dataset/archive/Actor_12/03-01-08-01-01-02-12.wav,76.30769503137823,48.91223287843208,76.40235686771172,51.808407150465115,52.313406129026845
dataset/archive/Actor_12/03-01-08-01-02-01-12.wav,50.87537496309075,60.01293852210787,74.8130713046498,40.52477796377371,51.526412696387325
dataset/archive/Actor_12/03-01-08-01-02-02-12.wav,87.88605662442319,69.63084987981702,59.4404096289488,71.56908895592483,80.05268844645418
dataset/archive/Actor_12/03-01-08-02-01-01-12.wav,56.232515811565435,88.94814149755797,74.6203987076142,51.83837033593146,75.48480086179393
dataset/archive/Actor_12/03-01-08-02-01-02-12.wav,59.383101373895606,46.20219038937235,45.213332420585346,51.78079032534073,81.91512114012205
dataset/archive/Actor_12/03-01-08-02-02-01-12.wav,78.26648314845121,73.27912516112451,72.51614872034656,55.96129030390554,55.684612237901156
dataset/archive/Actor_12/03-01-08-02-02-02-12.wav,88.55352980195315,55.849382161200616,67.55145760179738,47.86367289278758,70.39204387519143
dataset/archive/Actor_13/03-01-01-01-01-01-13.wav,73.35254053297943,47.743437280742086,83.49150655050074,63.18734542174445,59.64640245060725
dataset/archive/Actor_13/03-01-01-01-01-02-13.wav,47.69434502240071,80.29153692655035,42.695678530360674,49.12153424963554,79.45992293017778
dataset/archive/Actor_13/03-01-01-01-02-01-13.wav,58.79896820207436,79.47574285010316,41.10727798440856,71.02392254484545,55.651614784041946
dataset/archive/Actor_13/03-01-01-01-02-02-13.wav,74.38614955980466,60.06517258192655,54.40719681453682,66.58720842915731,88.75394259319441
dataset/archive/Actor_13/03-01-02-01-01-01-13.wav,53.78797459125348,67.96860274075783,63.66140510052261,64.6520683935875,79.70567316433167
dataset/archive/Actor_13/03-01-02-01-01-02-13.wav,89.0370471953924,48.2181199261983,59.24636973985467,87.04646332048819,87.09711703909471
dataset/archive/Actor_13/03-01-02-01-02-01-13.wav,89.95655204493876,65.57128937131087,84.02172328552307,50.03748141020814,82.53768174088259
dataset/archive/Actor_13/03-01-02-01-02-02-13.wav,47.243092606539385,74.18396326675591,43.875571761135745,60.65985645477864,57.122132409791405
dataset/archive/Actor_13/03-01-02-02-01-01-13.wav,59.005461822605966,47.62197286375421,79.86519534867105,54.072908687896614,70.92215254369523
dataset/archive/Actor_13/03-01-02-02-01-02-13.wav,57.0502860066356,43.824728908859925,83.5630838447699,47.65629590715754,74.62713591883977
dataset/archive/Actor_13/03-01-02-02-02-01-13.wav,47.014320871140306,60.13840575999218,66.38641406754746,66.78544010686295,62.61022898253459
dataset/archive/Actor_13/03-01-02-02-02-02-13.wav,80.03900499164254,63.27581792660146,48.274369157032304,73.51102328401734,70.9042304544769
dataset/archive/Actor_13/03-01-03-01-01-01-13.wav,58.25394012729832,45.46057920990605,63.98699177791167,47.23609654873384,63.72641216985138
dataset/archive/Actor_13/03-01-03-01-01-02-13.wav,52.37253061997517,47.87165065964652,55.88867975500794,76.54825599998982,41.482193223282955
dataset/archive/Actor_13/03-01-03-01-02-01-13.wav,47.674715554791064,74.71652175076858,55.58843760042687,62.07763609304195,40.20827930764234
dataset/archive/Actor_13/03-01-03-01-02-02-13.wav,86.66867456158619,57.8951661616171,75.21293563684888,61.572620729765006,45.41663201280102
dataset/archive/Actor_13/03-01-03-02-01-01-13.wav,85.08200128366086,74.25121064330024,86.26105688623645,45.069419330722866,65.12857921961682
dataset/archive/Actor_13/03-01-03-02-01-02-13.wav,63.680004884079814,47.224749013148035,82.20019559541535,59.38504376202974,54.67444584078378
dataset/archive/Actor_13/03-01-03-02-02-01-13.wav,83.29954032083228,74.52842023902109,45.76089544153024,46.364342903891554,51.0576751133493
dataset/archive/Actor_13/03-01-03-02-02-02-13.wav,42.87457560062806,45.243659765714646,66.78764030274635,64.2630807140471,84.28110930965542
dataset/archive/Actor_13/03-01-04-01-01-01-13.wav,75.52761117044966,77.35384984189724,68.5513003330428,41.75746253801902,66.73697131815902
dataset/archive/Actor_13/03-01-04-01-01-02-13.wav,67.85177364271382,41.43464433112556,46.62265082973405,87.57087483819922,48.424023440122454
dataset/archive/Actor_13/03-01-04-01-02-01-13.wav,82.85256018879261,85.02041219849386,89.15655203578915,52.30668050328272,84.30899704124232
dataset/archive/Actor_13/03-01-04-01-02-02-13.wav,85.06347820437986,85.29645186811884,84.80946227211464,68.54839370968952,61.96201195529633
dataset/archive/Actor_13/03-01-04-02-01-01-13.wav,68.35454533688326,51.102257289986866,44.04824568794792,84.68104668107699,41.938807629600646
dataset/archive/Actor_13/03-01-04-02-01-02-13.wav,85.9867721541951,86.7741006939421,54.191741506695934,83.75776759903209,79.20583230945158
dataset/archive/Actor_13/03-01-04-02-02-01-13.wav,66.1883655215938,73.30614535214363,57.95490173798956,71.00872630657935,89.6288478653737
dataset/archive/Actor_13/03-01-04-02-02-02-13.wav,49.16818701135364,63.29679877945924,61.916689169849164,42.686733885359274,48.533242838166366
dataset/archive/Actor_13/03-01-05-01-01-01-13.wav,73.64625222949063,74.1012968308396,49.64902015144651,53.02369693833646,50.261081084826436
dataset/archive/Actor_13/03-01-05-01-01-02-13.wav,51.02695084120243,86.71223690075234,88.1322278549734,57.3398936970727,87.53271402586651
dataset/archive/Actor_13/03-01-05-01-02-01-13.wav,81.09661953327871,71.51247189544398,67.07704703907214,46.06336897331991,44.3150550710872
dataset/archive/Actor_13/03-01-05-01-02-02-13.wav,70.0960832563118,75.59619464148687,67.36161692447465,52.8251515217193,88.0000089199495
dataset/archive/Actor_13/03-01-05-02-01-01-13.wav,78.75916510045667,76.38982294402234,70.9806467142634,80.06341865417552,44.058552420601025
dataset/archive/Actor_13/03-01-05-02-01-02-13.wav,69.21558406352314,44.15207183618438,58.62186400664687,50.80341769608591,89.10769490070098
dataset/archive/Actor_13/03-01-05-02-02-01-13.wav,41.54603990089302,64.47045470651798,40.40810030679451,54.64822647789705,84.28341126415123
dataset/archive/Actor_13/03-01-05-02-02-02-13.wav,46.93854129022238,71.80693722234244,88.04471657479245,52.00959383131763,48.16000497703847
dataset/archive/Actor_13/03-01-06-01-01-01-13.wav,44.68082970755698,46.24509752441926,62.08677047992113,55.30259138324418,89.89410858355171
dataset/archive/Actor_13/03-01-06-01-01-02-13.wav,43.73823070657425,52.33738875321453,51.31184729026696,58.99122348219619,70.2689519750086
dataset/archive/Actor_13/03-01-06-01-02-01-13.wav,55.14349895641697,57.16648522331618,88.47763871008632,43.846876000842755,74.78951777201456
dataset/archive/Actor_13/03-01-06-01-02-02-13.wav,75.15256877052717,60.69693519116505,67.00746670862961,41.86954050714565,76.47614568640381
dataset/archive/Actor_13/03-01-06-02-01-01-13.wav,51.35096871943271,77.3749260089725,72.06865572061281,85.73339224718674,82.61516807832811
dataset/archive/Actor_13/03-01-06-02-01-02-13.wav,43.9907500820366,83.38251660860095,72.34411827546299,71.37504058098719,52.699380104780026
dataset/archive/Actor_13/03-01-06-02-02-01-13.wav,44.01727427517521,71.73599142549295,67.82630558837923,63.45791057231012,56.39668472759031
dataset/archive/Actor_13/03-01-06-02-02-02-13.wav,59.75175726695808,54.58647278886108,83.65323100876066,82.06457123999567,46.84204297077349
dataset/archive/Actor_13/03-01-07-01-01-01-13.wav,89.60964572560812,59.042349536648075,80.99286811477006,45.05445066557792,83.81500340339329
dataset/archive/Actor_13/03-01-07-01-01-02-13.wav,40.506383101613245,65.98919528883881,80.04335953883518,59.96070652319129,69.46015410549133
dataset/archive/Actor_13/03-01-07-01-02-01-13.wav,51.89211356756728,50.11746672500163,68.01435106386185,58.417984327143486,54.436418262732374
dataset/archive/Actor_13/03-01-07-01-02-02-13.wav,68.83809886663143,52.15506115457458,69.93557371782606,40.38325178635986,53.48026003140399
dataset/archive/Actor_13/03-01-07-02-01-01-13.wav,49.26080685770002,66.36420596630198,45.92826770454101,50.94518357031694,43.17475341016148
dataset/archive/Actor_13/03-01-07-02-01-02-13.wav,79.016989282454,50.72479468530392,46.525438748970444,43.113551648301446,69.61608400835145
dataset/archive/Actor_13/03-01-07-02-02-01-13.wav,72.73624326573488,79.56877998090047,85.83773647662395,88.29626811021237,66.39864435705225
dataset/archive/Actor_13/03-01-07-02-02-02-13.wav,41.172052331637246,57.52627224406141,67.73121113408467,52.67563339415472,65.34770710809877
dataset/archive/Actor_13/03-01-08-01-01-01-13.wav,45.060006347435,68.18779458123454,41.94318629083774,71.02996238609006,69.64395781648972
dataset/archive/Actor_13/03-01-08-01-01-02-13.wav,44.713452204670006,61.132643204100106,78.05413217780506,53.560562595435954,45.946967100868214
dataset/archive/Actor_13/03-01-08-01-02-01-13.wav,45.5217224586958,65.06221667837796,84.68695868585833,49.86464156616459,84.98953279131248
dataset/archive/Actor_13/03-01-08-01-02-02-13.wav,69.82809576438274,55.478431837786246,52.70771564097577,84.50571306595603,71.98877535314821
dataset/archive/Actor_13/03-01-08-02-01-01-13.wav,54.99899246137248,72.97631623145973,70.83065784935039,63.5437068095368,52.289028877433935
dataset/archive/Actor_13/03-01-08-02-01-02-13.wav,50.51231163996198,42.50499860077094,40.82665868533841,68.5869450491231,73.24170204069654
dataset/archive/Actor_13/03-01-08-02-02-01-13.wav,66.33331887455061,61.613356808842006,72.08254453547309,42.42830502933353,72.59730703705267
dataset/archive/Actor_13/03-01-08-02-02-02-13.wav,81.8392056282128,43.87036567689091,67.93804575971052,45.87253040291815,53.130540710464395
dataset/archive/Actor_14/03-01-01-01-01-01-14.wav,63.97600210760187,73.71839489130345,69.36366383818634,44.50375952458317,52.50035467650058
dataset/archive/Actor_14/03-01-01-01-01-02-14.wav,58.39936670028994,77.30451595461929,40.651986643898255,74.83565151600489,40.77086340816264
dataset/archive/Actor_14/03-01-01-01-02-01-14.wav,64.98695245678925,47.86084842337764,87.6331339183968,52.396608888692505,59.325203614996724
dataset/archive/Actor_14/03-01-01-01-02-02-14.wav,49.35861245987995,64.52361373299183,51.697524124278274,64.24173083294664,72.32915245135135
dataset/archive/Actor_14/03-01-02-01-01-01-14.wav,43.10362823233789,43.92356819624934,80.28834342542042,58.83927837111302,73.96349002719221
dataset/archive/Actor_14/03-01-02-01-01-02-14.wav,59.516293592193236,53.51870868200459,75.82169243242123,64.44032554772267,89.47501140995885
dataset/archive/Actor_14/03-01-02-01-02-01-14.wav,56.499640842859776,71.704441421302,55.256957361426814,63.4510798680744,43.082395059755214
dataset/archive/Actor_14/03-01-02-01-02-02-14.wav,88.82750088797911,68.57591744942633,46.58744360086239,60.29542275722557,62.604946101952706
dataset/archive/Actor_14/03-01-02-02-01-01-14.wav,72.61057035417227,42.24070323114638,77.42000727266787,43.193223455055964,86.28927323632625
dataset/archive/Actor_14/03-01-02-02-01-02-14.wav,78.43627673735537,66.8374643365264,41.630348615143696,58.60869200764654,41.227556796334476
dataset/archive/Actor_14/03-01-02-02-02-01-14.wav,73.99545609302828,51.510455472683276,42.827847864004724,49.31006144065631,72.24717331136034
dataset/archive/Actor_14/03-01-02-02-02-02-14.wav,41.271182491336056,85.65867357515941,73.31637319337618,80.58864972012549,62.25934215377835
dataset/archive/Actor_14/03-01-03-01-01-01-14.wav,69.20358314097395,43.880221376524304,58.132559775178834,67.78828337648429,73.58996623436315
dataset/archive/Actor_14/03-01-03-01-01-02-14.wav,60.9133527007331,63.51403428423559,64.7709010524179,89.44630228851138,44.378412043009654
dataset/archive/Actor_14/03-01-03-01-02-01-14.wav,51.72371467842941,82.5498805947439,41.663406993297954,82.3679363718769,44.83714839140434
dataset/archive/Actor_14/03-01-03-01-02-02-14.wav,61.890009946016846,79.35297420022471,72.50193684895277,74.10906164447641,43.28260433649365
dataset/archive/Actor_14/03-01-03-02-01-01-14.wav,62.182899998245915,48.78188740129134,62.270985977551895,68.0445333064313,51.44456932195264
dataset/archive/Actor_14/03-01-03-02-01-02-14.wav,41.49184785230816,81.06799819507143,59.767738697941574,73.56897077459844,51.732744386390436
dataset/archive/Actor_14/03-01-03-02-02-01-14.wav,87.75446360260068,64.1665607517086,58.60368092815551,77.41717069978321,66.61432954553658
dataset/archive/Actor_14/03-01-03-02-02-02-14.wav,52.02718221209072,86.76945200289606,59.47457205450539,61.792582928999835,82.1086227300405
dataset/archive/Actor_14/03-01-04-01-01-01-14.wav,44.77384324022002,80.78477202097554,68.17876842905406,41.09466775387113,86.63230942872117
dataset/archive/Actor_14/03-01-04-01-01-02-14.wav,71.59035117750446,48.025143059087355,57.25752513064184,46.61304442995272,85.01573213838469
dataset/archive/Actor_14/03-01-04-01-02-01-14.wav,74.87707990432733,87.6659829184416,69.5246056774497,42.25299059482259,78.51063953453303
dataset/archive/Actor_14/03-01-04-01-02-02-14.wav,54.57857848563533,74.46163478269297,75.79576542974279,71.56069970605527,58.486093055912846
dataset/archive/Actor_14/03-01-04-02-01-01-14.wav,79.39103887428698,74.15746829843228,49.57456508427212,57.58198013580611,53.52281471678417
dataset/archive/Actor_14/03-01-04-02-01-02-14.wav,48.78228137670371,65.48806846410884,51.652468440062776,48.71635510086081,54.34663566036821
dataset/archive/Actor_14/03-01-04-02-02-01-14.wav,56.433257378997425,62.32154712004055,51.2880221991407,70.83987286994366,85.85961080944998
dataset/archive/Actor_14/03-01-04-02-02-02-14.wav,63.88592395992883,75.59034931935342,82.97010905777132,86.53756817084397,66.77243742179009
dataset/archive/Actor_14/03-01-05-01-01-01-14.wav,89.31796741782952,82.23049854479362,62.82470090191254,63.61278979706811,88.20879238811466
dataset/archive/Actor_14/03-01-05-01-01-02-14.wav,67.2249558821208,65.40909869588114,73.70829738967437,89.83584884684214,76.16679577174662
dataset/archive/Actor_14/03-01-05-01-02-01-14.wav,82.50786640214662,80.23081492534445,63.319102088288986,64.69452566254313,78.9863583890614
dataset/archive/Actor_14/03-01-05-01-02-02-14.wav,52.794288541927614,41.857942998133886,86.84012202480278,51.36619618458802,59.65664109091859
dataset/archive/Actor_14/03-01-05-02-01-01-14.wav,64.76161422213792,48.972743395653104,43.99198508314365,42.72525297108957,87.60351425082663
dataset/archive/Actor_14/03-01-05-02-01-02-14.wav,71.2811653677734,66.3517492528442,70.71503397059055,66.93301675034671,46.532117023969406
dataset/archive/Actor_14/03-01-05-02-02-01-14.wav,78.26550025162692,75.35715776590337,54.10429067852671,50.12531993232294,55.50414770841468
dataset/archive/Actor_14/03-01-05-02-02-02-14.wav,68.20581846354489,40.30469049359133,85.30798156814356,89.06782702560568,61.87715096769898
dataset/archive/Actor_14/03-01-06-01-01-01-14.wav,74.98244512679545,55.84522075174944,47.7382081030332,81.41424586773277,44.201477331181465
dataset/archive/Actor_14/03-01-06-01-01-02-14.wav,57.29600794560362,76.1958507293613,82.76090870140624,79.96253906382125,85.01288997840481
dataset/archive/Actor_14/03-01-06-01-02-01-14.wav,56.95842543636455,57.426004782924075,65.73800997327305,59.05114289130806,58.92786528230633
dataset/archive/Actor_14/03-01-06-01-02-02-14.wav,54.605991377158496,80.62061329875321,75.64176276156243,57.3572068894196,82.61214192827208
dataset/archive/Actor_14/03-01-06-02-01-01-14.wav,47.90057015438628,61.05201831463356,87.37607782503105,49.05013343938239,78.38126987333095
dataset/archive/Actor_14/03-01-06-02-01-02-14.wav,84.93028431522353,62.51302431100132,55.05466172679549,87.54940364272127,73.42580290451517
dataset/archive/Actor_14/03-01-06-02-02-01-14.wav,43.30483615452944,71.55451413233952,57.121400745360766,87.62342405951856,52.75540377908126
dataset/archive/Actor_14/03-01-06-02-02-02-14.wav,82.15942595679076,65.30459728169232,77.20654954809186,48.661620244946874,66.44103988061642
dataset/archive/Actor_14/03-01-07-01-01-01-14.wav,73.92226594357119,80.2451614745258,48.66296611371307,66.90448682004983,65.78833641932955
dataset/archive/Actor_14/03-01-07-01-01-02-14.wav,40.7885163154479,52.76638569599706,56.269399633518894,59.808392378734325,50.029841461266685
dataset/archive/Actor_14/03-01-07-01-02-01-14.wav,63.745996009989845,46.543063527388,54.66998886150219,64.02251931502715,78.22916564485206
dataset/archive/Actor_14/03-01-07-01-02-02-14.wav,56.17466876749981,59.975525701371446,48.67940876478117,44.68650762701295,47.506378115852954
dataset/archive/Actor_14/03-01-07-02-01-01-14.wav,55.46133811093093,48.73271984389649,78.45082898136982,84.91199418991013,70.25987607496582
dataset/archive/Actor_14/03-01-07-02-01-02-14.wav,77.7792647959647,59.243078393815004,40.61781223005287,55.7902529821059,43.33311940250127
dataset/archive/Actor_14/03-01-07-02-02-01-14.wav,83.50629507172118,81.65875237089574,83.46431900921709,57.92412750905172,51.05354585800288
dataset/archive/Actor_14/03-01-07-02-02-02-14.wav,77.2508748167852,49.087072200731846,86.55971293820275,64.88696454855352,66.41937476160919
dataset/archive/Actor_14/03-01-08-01-01-01-14.wav,89.04113372223085,74.80839400334222,68.44645675894573,66.54482687805256,80.4826421217965
dataset/archive/Actor_14/03-01-08-01-01-02-14.wav,46.91340168560607,61.64584564371029,70.16575230336267,44.35058915214108,46.534900113190226
dataset/archive/Actor_14/03-01-08-01-02-01-14.wav,41.371261910117546,83.70461732186845,87.78783268385331,54.44037038678343,86.71704787496752
dataset/archive/Actor_14/03-01-08-01-02-02-14.wav,55.854020392969744,73.90717832355575,82.29590499903638,51.442704925989204,56.89674180051877
dataset/archive/Actor_14/03-01-08-02-01-01-14.wav,66.11933145000415,66.44554144528523,45.73989862451157,46.40987797639496,76.57372747091179
dataset/archive/Actor_14/03-01-08-02-01-02-14.wav,55.7693535668161,87.77230345248262,68.18864283769506,75.85060484307137,52.93408491857465
dataset/archive/Actor_14/03-01-08-02-02-01-14.wav,84.66126771228295,56.20869324277804,48.869000341922685,60.39923775726441,75.85327061946745
dataset/archive/Actor_14/03-01-08-02-02-02-14.wav,51.687226972826934,59.859029332323004,42.89911812504429,55.364314368146474,52.980786329016404
dataset/archive/Actor_15/03-01-01-01-01-01-15.wav,69.80019297484665,78.40510764287271,65.82107110868735,56.06526896654833,44.16721730546178
dataset/archive/Actor_15/03-01-01-01-01-02-15.wav,77.53287895366765,43.999997796666854,45.70862745780004,42.36985219557741,87.5872027670316
dataset/archive/Actor_15/03-01-01-01-02-01-15.wav,49.91545986154584,40.89356800440776,84.54228391589231,50.77033118196387,79.49793966505271
dataset/archive/Actor_15/03-01-01-01-02-02-15.wav,49.39794859412197,44.20543083499968,77.7793344413171,85.10972382810569,80.7407774866632
dataset/archive/Actor_15/03-01-02-01-01-01-15.wav,65.09952689679031,70.80290304163381,51.74205474408091,51.80417143186649,78.9471773894571
dataset/archive/Actor_15/03-01-02-01-01-02-15.wav,60.33671949441573,52.69758450891175,57.634861086469165,48.32257454817556,53.18961177389486
dataset/archive/Actor_15/03-01-02-01-02-01-15.wav,73.86704949406473,42.11329357861337,77.78474825198052,75.58963325293283,71.24567044451227
dataset/archive/Actor_15/03-01-02-01-02-02-15.wav,68.53578412068799,58.816045478908634,69.45776748407404,60.05947944500409,65.77001451551561
dataset/archive/Actor_15/03-01-02-02-01-01-15.wav,57.87577993246329,74.37817255636917,83.57736082673773,72.78111982662793,48.7586230068941
dataset/archive/Actor_15/03-01-02-02-01-02-15.wav,45.439817284590916,81.18792090148682,43.489232675604796,85.09587472103478,87.81821658005742
dataset/archive/Actor_15/03-01-02-02-02-01-15.wav,62.19996947996297,81.85091426824194,61.68702095483329,63.058532904847745,73.17893907867052
dataset/archive/Actor_15/03-01-02-02-02-02-15.wav,69.44492843960225,59.528570497346735,84.00097775136409,87.25789048164552,85.62673767261782
dataset/archive/Actor_15/03-01-03-01-01-01-15.wav,88.87886514258967,70.07245621850842,69.78762735731458,52.301573824733694,55.40482579090482
dataset/archive/Actor_15/03-01-03-01-01-02-15.wav,54.87414104593712,40.47370804527442,88.88104851364128,87.05755378657918,62.143426764104255
dataset/archive/Actor_15/03-01-03-01-02-01-15.wav,82.39154108769273,82.09496263809831,51.83928721131129,42.382807802221265,47.58604547298265
dataset/archive/Actor_15/03-01-03-01-02-02-15.wav,86.73237737102806,71.54095914653091,78.77322035224731,43.76492241922248,42.66743614398744
dataset/archive/Actor_15/03-01-03-02-01-01-15.wav,43.22558626229742,78.48805685711828,52.44585936955272,67.59738947715667,83.44676821719287
dataset/archive/Actor_15/03-01-03-02-01-02-15.wav,76.431740567019,60.68253935122049,56.92787671753168,58.41483498691265,40.96430113673735
dataset/archive/Actor_15/03-01-03-02-02-01-15.wav,76.15613360902904,52.00685754284284,51.78380892386462,62.703681867474785,43.22342274924334
dataset/archive/Actor_15/03-01-03-02-02-02-15.wav,84.86915221526148,79.04918279142785,78.23883976746637,42.91463447660795,66.00634691981722
dataset/archive/Actor_15/03-01-04-01-01-01-15.wav,81.46011045046073,79.32350807470189,64.53146888239438,46.108804132899024,64.62868867990878
dataset/archive/Actor_15/03-01-04-01-01-02-15.wav,47.49112844056494,43.29812955109214,66.61541623021847,50.12745122002044,53.45766629708304
dataset/archive/Actor_15/03-01-04-01-02-01-15.wav,63.200403262685626,51.96496286314851,56.54298202653061,75.42940723498425,66.03252667633953
dataset/archive/Actor_15/03-01-04-01-02-02-15.wav,58.25462955516569,41.39925949951154,70.19060767282558,51.02482584009345,70.57967979036286
dataset/archive/Actor_15/03-01-04-02-01-01-15.wav,86.74187633885228,46.32206144084608,77.29778399847524,64.80873358016174,60.67413083849725
dataset/archive/Actor_15/03-01-04-02-01-02-15.wav,49.89389312363517,84.06525007703718,79.79410639450448,68.8547544731108,67.5659589964951
dataset/archive/Actor_15/03-01-04-02-02-01-15.wav,61.19956880296793,48.98567268101353,83.63757884963215,57.96370221248646,51.33021420271127
dataset/archive/Actor_15/03-01-04-02-02-02-15.wav,85.37466055678688,46.55296511668635,61.63280130910757,70.4806108194365,60.71123182457569
dataset/archive/Actor_15/03-01-05-01-01-01-15.wav,49.622678624779326,85.35608217974303,64.21861080697767,57.229413887071416,87.76947175439739
dataset/archive/Actor_15/03-01-05-01-01-02-15.wav,63.32736728387887,82.38936580555415,61.83754869521373,44.70974128690057,82.06536528474669
dataset/archive/Actor_15/03-01-05-01-02-01-15.wav,56.71162239549002,40.55730537217041,69.0870722609677,71.61616514826868,50.992371616609326
dataset/archive/Actor_15/03-01-05-01-02-02-15.wav,69.8820577340237,89.36988955539891,80.12413804278573,68.90271464154368,84.78903383370738
dataset/archive/Actor_15/03-01-05-02-01-01-15.wav,60.05822217732195,84.3039065093824,66.23285627767565,87.53304765769013,62.58100238364163
dataset/archive/Actor_15/03-01-05-02-01-02-15.wav,74.64548156935301,57.14981749626409,61.10663581288597,59.794261063235254,68.25010507881223
dataset/archive/Actor_15/03-01-05-02-02-01-15.wav,47.16237037236389,67.66329126064876,45.43130876808807,88.60564765115613,72.93716022934468
dataset/archive/Actor_15/03-01-05-02-02-02-15.wav,76.35495079646135,89.02434531557,55.98245108550804,87.7154404808478,63.9485646496452
dataset/archive/Actor_15/03-01-06-01-01-01-15.wav,47.31380581695886,55.999643437898385,52.36506717845745,81.67114374977254,66.94572412434854
dataset/archive/Actor_15/03-01-06-01-01-02-15.wav,65.7309865639661,58.85069757692057,58.34957102126478,47.41596092592573,88.41884525979702
dataset/archive/Actor_15/03-01-06-01-02-01-15.wav,44.259207603189296,59.591952372986675,59.47736530850479,72.71926818000742,48.84863045635238
dataset/archive/Actor_15/03-01-06-01-02-02-15.wav,75.16306578956289,65.01596517412776,68.3118939532142,80.92890634296941,62.69339279756409
dataset/archive/Actor_15/03-01-06-02-01-01-15.wav,69.9964620973695,48.618601577015006,41.93989471937105,44.30693261568258,65.47677361672099
dataset/archive/Actor_15/03-01-06-02-01-02-15.wav,66.98303604782005,73.46509209645527,53.337165859886426,65.93905046365333,69.57070763264691
dataset/archive/Actor_15/03-01-06-02-02-01-15.wav,76.78783399784163,67.75146094661883,50.58573479149414,69.81122840412465,54.9704885978082
dataset/archive/Actor_15/03-01-06-02-02-02-15.wav,82.61184928000456,69.57791923922898,85.66285621448742,78.40344642530596,61.21575941427436
dataset/archive/Actor_15/03-01-07-01-01-01-15.wav,55.35606371844179,83.79491488300614,65.65545899718234,47.394478495667286,41.93077876965327
dataset/archive/Actor_15/03-01-07-01-01-02-15.wav,72.13606873791231,58.69888434385654,41.80587146707836,43.307967245452346,53.84226682744972
dataset/archive/Actor_15/03-01-07-01-02-01-15.wav,85.36965974524816,80.97141352864497,40.41824686992643,41.02124395058929,70.86414236875734
dataset/archive/Actor_15/03-01-07-01-02-02-15.wav,42.954618351357894,63.35372237129231,56.62788013707281,60.99437156354307,84.83399128558568
dataset/archive/Actor_15/03-01-07-02-01-01-15.wav,43.49268763553845,70.19017094580026,72.43114559925826,59.71985164884697,49.98389600586282
dataset/archive/Actor_15/03-01-07-02-01-02-15.wav,81.59636676508285,41.144424577788186,68.99263155649668,74.60489480743144,75.77195086056359
dataset/archive/Actor_15/03-01-07-02-02-01-15.wav,85.32180247850476,48.11083144499467,70.89716918534602,49.86057038958093,63.746903050766065
dataset/archive/Actor_15/03-01-07-02-02-02-15.wav,62.399637289057544,61.602886857587926,58.23962797717455,57.40348006846416,85.14848294808561
dataset/archive/Actor_15/03-01-08-01-01-01-15.wav,82.60350612265852,84.46090772348713,61.756271687220526,68.17758467944338,66.91111619448165
dataset/archive/Actor_15/03-01-08-01-01-02-15.wav,52.340548858333136,54.424447918114495,41.93798552792462,49.24957354306709,74.39290214200263
dataset/archive/Actor_15/03-01-08-01-02-01-15.wav,76.5150489515504,80.89776210078298,76.71870632648552,60.9508846052884,70.84364977154542
dataset/archive/Actor_15/03-01-08-01-02-02-15.wav,71.82529193724173,44.59273290520949,89.36469951765734,72.93272201725621,89.91321096681199
dataset/archive/Actor_15/03-01-08-02-01-01-15.wav,48.314478560029066,69.65230492104175,80.72796623453425,40.626927486610455,48.34523600206977
dataset/archive/Actor_15/03-01-08-02-01-02-15.wav,41.592919592463225,40.158094943382366,49.985044908943365,78.38866211451054,53.36264998794263
dataset/archive/Actor_15/03-01-08-02-02-01-15.wav,52.73129308738571,46.447522170310364,72.7332047625229,55.301611376427275,52.52022528787957
dataset/archive/Actor_15/03-01-08-02-02-02-15.wav,87.72801178774576,80.84631449662754,77.03118423617056,85.02695125358576,46.81996734239958
dataset/archive/Actor_16/03-01-01-01-01-01-16.wav,77.94638602172233,85.37654554784126,62.8318941693591,62.4542016263643,71.45865258423115
dataset/archive/Actor_16/03-01-01-01-01-02-16.wav,53.50500158838632,81.044917176011,64.25012056284875,50.86101751911141,43.76269540132401
dataset/archive/Actor_16/03-01-01-01-02-01-16.wav,40.63088615667904,54.2234084071331,62.92832523284814,78.133629211218,68.24600534122735
dataset/archive/Actor_16/03-01-01-01-02-02-16.wav,63.32687284330686,47.85028224753839,79.70788868504181,43.28000877032081,74.74375644263553
dataset/archive/Actor_16/03-01-02-01-01-01-16.wav,75.88464130232018,75.59603878178879,72.38782955894294,54.120369663350196,49.21249943752503
dataset/archive/Actor_16/03-01-02-01-01-02-16.wav,58.58381910928418,49.24903752233609,55.99265106914123,69.47447029255633,52.88763668316947
dataset/archive/Actor_16/03-01-02-01-02-01-16.wav,43.799836779916575,81.0843319802797,45.52466949217785,70.00906987341017,55.331229299200004
dataset/archive/Actor_16/03-01-02-01-02-02-16.wav,67.36340466174788,57.858284596287035,49.98306579938867,50.58242033740173,62.75643965625326
dataset/archive/Actor_16/03-01-02-02-01-01-16.wav,63.33426839200275,53.96075933553554,83.82042207472631,64.4845741841228,81.80109226506886
dataset/archive/Actor_16/03-01-02-02-01-02-16.wav,47.74748432041313,44.769964895339754,44.81301811527103,76.32569653368974,45.387895302912675
dataset/archive/Actor_16/03-01-02-02-02-01-16.wav,43.818185915756025,40.65184695430771,74.58693412594631,71.89993351556444,45.86965062190012
dataset/archive/Actor_16/03-01-02-02-02-02-16.wav,71.13268232880456,67.41219462480201,56.45334236715694,40.44764376980595,69.63516378495896
dataset/archive/Actor_16/03-01-03-01-01-01-16.wav,87.75283937479844,74.1189467984116,49.42150476973806,42.44797085161247,80.41011873675679
dataset/archive/Actor_16/03-01-03-01-01-02-16.wav,80.42914905574281,83.14121768030552,82.0556010742907,48.48932985316436,59.2711367165335
dataset/archive/Actor_16/03-01-03-01-02-01-16.wav,46.14915914542193,44.266279706393796,62.24430125427365,47.11047529833505,54.04424473165732
dataset/archive/Actor_16/03-01-03-01-02-02-16.wav,85.11772480119474,82.91390373952103,63.17792052704346,56.44680643861209,61.73882840158315
dataset/archive/Actor_16/03-01-03-02-01-01-16.wav,62.36462379331486,71.09079823358461,56.98598635113511,73.60534782650544,61.71445682960682
dataset/archive/Actor_16/03-01-03-02-01-02-16.wav,67.13483145799447,69.14641034839886,64.02169919474919,74.00739238830096,57.50646623319989
dataset/archive/Actor_16/03-01-03-02-02-01-16.wav,54.84211641066812,89.84373182877077,70.92057504460415,72.3164882584403,44.9219594605511
dataset/archive/Actor_16/03-01-03-02-02-02-16.wav,83.73360989374193,86.69612360888154,77.02868673592471,67.05031456549877,57.82770144883723
dataset/archive/Actor_16/03-01-04-01-01-01-16.wav,56.43057562206236,48.88138318687685,66.30844992831325,53.3335081042855,47.27595831280128
dataset/archive/Actor_16/03-01-04-01-01-02-16.wav,68.65437969972952,71.52797059106405,71.2254212541061,81.38194243497199,57.31266928392722
dataset/archive/Actor_16/03-01-04-01-02-01-16.wav,54.46565413053362,74.0184242980146,82.23064168529964,69.89271689536322,75.56667193011056
dataset/archive/Actor_16/03-01-04-01-02-02-16.wav,85.61732477658978,63.5675156671354,47.37403605049147,83.86968798424172,51.806971495868325
dataset/archive/Actor_16/03-01-04-02-01-01-16.wav,55.937887768622915,65.71015072155319,81.70346625763128,55.46257149609923,41.78285113535322
dataset/archive/Actor_16/03-01-04-02-01-02-16.wav,83.80309576317401,45.986298134944924,63.90249309915257,63.9473669311714,59.78692392506827
dataset/archive/Actor_16/03-01-04-02-02-01-16.wav,73.76101104797546,50.506582682711,62.91089811216779,53.108175095090786,40.99612852982368
dataset/archive/Actor_16/03-01-04-02-02-02-16.wav,77.57861190151615,41.92343790490891,66.82990660430484,74.34783295479383,78.01989319166285
dataset/archive/Actor_16/03-01-05-01-01-01-16.wav,69.83296661482308,68.46983137817524,44.79526902297471,55.46542631257843,43.738926976499336
dataset/archive/Actor_16/03-01-05-01-01-02-16.wav,74.61268637338151,75.48304350612896,89.70607453133937,67.46468534027927,84.37881968549993
dataset/archive/Actor_16/03-01-05-01-02-01-16.wav,55.351161495405194,78.87818832833769,59.34669736865782,59.542595085090674,80.50737869025298
dataset/archive/Actor_16/03-01-05-01-02-02-16.wav,64.63725388362795,54.926038836389004,52.32456206419651,40.898938829418206,76.0862393940041
dataset/archive/Actor_16/03-01-05-02-01-01-16.wav,81.12606736907087,43.69068378064354,45.911208752762434,49.24922632042368,46.84636848109476
dataset/archive/Actor_16/03-01-05-02-01-02-16.wav,63.86082369262493,65.74651422527685,80.7860346603573,75.69431822365044,40.15147491389699
dataset/archive/Actor_16/03-01-05-02-02-01-16.wav,49.296752717640516,52.41465485459562,84.39663484116818,40.42758034055238,69.72211961839605
dataset/archive/Actor_16/03-01-05-02-02-02-16.wav,87.4270941322579,74.39417782062065,59.93925777665573,67.25072223356722,68.67205446684277
dataset/archive/Actor_16/03-01-06-01-01-01-16.wav,83.2289893726314,89.98761597052913,55.84430835792331,68.4908713294882,70.63776631392419
dataset/archive/Actor_16/03-01-06-01-01-02-16.wav,65.19731565838094,77.31981224892662,76.39678366486532,60.97343095224424,76.23381843020078
dataset/archive/Actor_16/03-01-06-01-02-01-16.wav,80.47534602300397,81.73987821363788,84.83014706558207,88.60269354653674,83.38061370979068
dataset/archive/Actor_16/03-01-06-01-02-02-16.wav,40.59521124748541,43.8858483704523,72.28053365071275,69.32505313301587,45.21971498847667
dataset/archive/Actor_16/03-01-06-02-01-01-16.wav,73.98382506596688,70.22227872227137,69.54594778987763,53.036029373864324,78.5514869711957
dataset/archive/Actor_16/03-01-06-02-01-02-16.wav,88.7349943262931,41.73722539863671,88.57915270491009,63.90623240455917,65.92113886684352
dataset/archive/Actor_16/03-01-06-02-02-01-16.wav,62.67119370390955,65.5930414121552,45.908098706277734,75.64735588608785,59.006524691792855
dataset/archive/Actor_16/03-01-06-02-02-02-16.wav,77.27876954215668,48.47763628765474,82.36592051298494,48.67994858644605,61.46277443517998
dataset/archive/Actor_16/03-01-07-01-01-01-16.wav,71.31886998684686,47.89280491855449,72.24650710451911,58.581373751778074,65.5989077248762
dataset/archive/Actor_16/03-01-07-01-01-02-16.wav,67.62300663265468,75.83785048408335,76.95396852738455,67.32406138524789,85.20742084447926
dataset/archive/Actor_16/03-01-07-01-02-01-16.wav,69.48193944957086,67.90383702758633,42.622142607925674,69.03715675161496,85.29320047117878
dataset/archive/Actor_16/03-01-07-01-02-02-16.wav,72.44185270950462,58.04613909537604,59.08305461412156,78.26378669228728,75.98247370874648
dataset/archive/Actor_16/03-01-07-02-01-01-16.wav,52.73072070896225,65.14887795876103,45.459034636286155,42.795318237821114,74.68815145980676
dataset/archive/Actor_16/03-01-07-02-01-02-16.wav,77.28305389791922,87.53532655423903,72.19908826511778,81.92186462397908,46.137661638723884
dataset/archive/Actor_16/03-01-07-02-02-01-16.wav,77.31164481965277,60.49678165396883,87.1237500047319,59.9399905947689,48.36026562420749
dataset/archive/Actor_16/03-01-07-02-02-02-16.wav,71.21570699268048,57.69116064188518,51.76771980037496,61.69129640815058,69.08437708693297
dataset/archive/Actor_16/03-01-08-01-01-01-16.wav,82.02419079479981,73.12828165399019,88.30981378026503,79.62411351487147,56.14535709596052
dataset/archive/Actor_16/03-01-08-01-01-02-16.wav,88.50710541999243,42.8108681094089,63.587747897086984,40.45640584757535,85.24791121293973
dataset/archive/Actor_16/03-01-08-01-02-01-16.wav,62.75875354820077,68.04214203129129,58.74802329987642,51.579465318385985,53.89136205105535
dataset/archive/Actor_16/03-01-08-01-02-02-16.wav,40.57282538219429,88.80066073164681,46.72710213669433,63.079443657644845,60.67476799314494
dataset/archive/Actor_16/03-01-08-02-01-01-16.wav,73.17833243887371,41.274145408527986,76.38685512253149,84.04178960392599,46.21907748885833
dataset/archive/Actor_16/03-01-08-02-01-02-16.wav,88.98710229642336,71.41518631102961,77.19433940334298,76.35529898456153,54.69271744470393
dataset/archive/Actor_16/03-01-08-02-02-01-16.wav,67.96271682817381,69.2191363223811,83.60580830540046,68.96865367476482,75.53843966803035
dataset/archive/Actor_16/03-01-08-02-02-02-16.wav,56.640570319579865,43.81552339516105,42.764127209976124,82.60870866167473,82.99488648261759
dataset/archive/Actor_17/03-01-01-01-01-01-17.wav,56.63574062130408,40.168311908313804,80.18408261641034,54.42137930052614,66.29783191151256
dataset/archive/Actor_17/03-01-01-01-01-02-17.wav,49.46960236350793,54.91675081221939,46.51549243178346,81.32221628110574,47.454316562198564
dataset/archive/Actor_17/03-01-01-01-02-01-17.wav,60.958548821478544,44.955328702939,60.66436128099797,40.27483603605516,80.30694517877689
dataset/archive/Actor_17/03-01-01-01-02-02-17.wav,57.823531795305726,41.51460792523408,88.11998644349154,66.02317085708704,67.6201537170452
dataset/archive/Actor_17/03-01-02-01-01-01-17.wav,76.20965631792527,84.41729418934494,58.10260161085775,65.37603726938181,80.87955331775561
dataset/archive/Actor_17/03-01-02-01-01-02-17.wav,52.795869337266836,43.881301470151875,44.00020740865051,84.15144330785756,72.3678330380589
dataset/archive/Actor_17/03-01-02-01-02-01-17.wav,86.43104039831923,61.28845482198047,75.2081877526521,78.9400533879685,88.96836866079661
dataset/archive/Actor_17/03-01-02-01-02-02-17.wav,53.39111876196458,67.62623145671033,41.62664628904918,58.832459022421105,65.39280256139557
dataset/archive/Actor_17/03-01-02-02-01-01-17.wav,68.47968876827774,74.43024893954887,77.43055890692249,68.06135804573215,78.57500207616584
dataset/archive/Actor_17/03-01-02-02-01-02-17.wav,42.26549811953357,66.59427888083567,76.40579960849942,57.505923190629844,74.14641355545811
dataset/archive/Actor_17/03-01-02-02-02-01-17.wav,48.91592990334216,65.00121136888131,88.27669185013062,79.96252480816887,41.50644235257574
dataset/archive/Actor_17/03-01-02-02-02-02-17.wav,60.24402752064876,45.05811218030669,72.01022380499948,52.22506718072,45.66859383569811
dataset/archive/Actor_17/03-01-03-01-01-01-17.wav,58.0779089195738,81.24744928891221,60.98455615997321,84.5159010159403,67.52086065963258
dataset/archive/Actor_17/03-01-03-01-01-02-17.wav,80.27184310124156,85.93376204012893,64.34431635792585,78.8495566961806,76.62779000361789
dataset/archive/Actor_17/03-01-03-01-02-01-17.wav,55.66336490840145,85.30971872597388,74.48132062652516,61.04934765532438,44.783968766485955
dataset/archive/Actor_17/03-01-03-01-02-02-17.wav,73.93669106764233,78.28563363406676,56.644714094506355,53.25825268376782,57.70409193226265
dataset/archive/Actor_17/03-01-03-02-01-01-17.wav,58.95861032157465,85.86938336674436,81.58478935824809,83.55204442693106,62.960969322141736
dataset/archive/Actor_17/03-01-03-02-01-02-17.wav,78.97966183917578,62.17807405777025,77.85518796046586,69.757034093314,81.69708917266209
dataset/archive/Actor_17/03-01-03-02-02-01-17.wav,69.19412526695845,42.05610981852977,67.6818019822932,65.48007440452989,57.62704663594053
dataset/archive/Actor_17/03-01-03-02-02-02-17.wav,73.65453719550518,66.77115395607805,59.76788599991639,60.43970548884491,53.078085211552455
dataset/archive/Actor_17/03-01-04-01-01-01-17.wav,54.067497550349756,48.74644881133037,82.58284770807913,88.95978041057789,69.18963949196922
dataset/archive/Actor_17/03-01-04-01-01-02-17.wav,59.655918506378896,47.477686675325444,68.67176967371162,52.444687945185734,45.38837776600098
dataset/archive/Actor_17/03-01-04-01-02-01-17.wav,50.296863660556696,59.827874927889155,83.77659150594535,79.42886611504721,41.88710006922382
dataset/archive/Actor_17/03-01-04-01-02-02-17.wav,64.96587639678928,64.36357334994054,63.00768718198323,63.02292505393326,50.33239061504763
dataset/archive/Actor_17/03-01-04-02-01-01-17.wav,49.914172460738946,49.768064875532524,49.17293881961929,71.88936153277955,83.89761774144121
dataset/archive/Actor_17/03-01-04-02-01-02-17.wav,81.45476500471693,55.85494532847183,72.24090781383293,63.38289287879307,66.78014917625353
dataset/archive/Actor_17/03-01-04-02-02-01-17.wav,50.25321319400701,67.34728583135214,87.25894282489828,55.03763093683499,41.9845826482449
dataset/archive/Actor_17/03-01-04-02-02-02-17.wav,60.85238209275761,86.08804540149262,47.81430460298112,86.75177964889386,57.96612653640952
dataset/archive/Actor_17/03-01-05-01-01-01-17.wav,46.768692046025734,47.47812980003127,78.84759583868225,89.48540468001295,58.32671832706195
dataset/archive/Actor_17/03-01-05-01-01-02-17.wav,79.92304421034964,73.72886292098485,82.72152900875517,71.45350677189737,80.57609162721772
dataset/archive/Actor_17/03-01-05-01-02-01-17.wav,64.5865118866891,58.99399921170132,67.41873934264623,61.65352017040006,62.238938408014334
dataset/archive/Actor_17/03-01-05-01-02-02-17.wav,72.37180036928302,64.24615011093053,44.17692284388504,70.83993716366875,61.8680754217139
dataset/archive/Actor_17/03-01-05-02-01-01-17.wav,63.473565389479134,60.29433411411305,72.08370294551253,70.82349228141821,63.89796892620494
dataset/archive/Actor_17/03-01-05-02-01-02-17.wav,56.622634038427286,65.96367358731703,66.76735658802333,65.84655224147275,79.54643963527846
dataset/archive/Actor_17/03-01-05-02-02-01-17.wav,43.25381804808453,85.16371736833707,41.565281602898914,52.07305603387246,63.937262396262796
dataset/archive/Actor_17/03-01-05-02-02-02-17.wav,84.95817881755136,85.91848565835362,61.57010064087337,71.6421440967034,69.79301485151566
dataset/archive/Actor_17/03-01-06-01-01-01-17.wav,79.62647692463983,83.48679095700038,48.54957614437957,80.53112145248626,42.678283237535126
dataset/archive/Actor_17/03-01-06-01-01-02-17.wav,69.58753503811583,57.70183148822805,70.08262594874856,42.205806566384496,75.27688218546302
dataset/archive/Actor_17/03-01-06-01-02-01-17.wav,85.8480180382972,41.309493879191486,76.76053527511999,47.18205685789386,54.72570637465046
dataset/archive/Actor_17/03-01-06-01-02-02-17.wav,42.42900975705814,73.25868087316758,52.57193138198611,85.0627817902991,77.41113648461416
dataset/archive/Actor_17/03-01-06-02-01-01-17.wav,86.27207852206965,46.76335648895851,46.017109781416046,48.721102566560376,83.51625613331774
dataset/archive/Actor_17/03-01-06-02-01-02-17.wav,48.62974949094122,76.36598780280033,65.66262651937241,40.73512850025369,72.701584980533
dataset/archive/Actor_17/03-01-06-02-02-01-17.wav,76.086795741769,52.45837843565701,72.2509108272715,87.16674866894039,49.578756360842554
dataset/archive/Actor_17/03-01-06-02-02-02-17.wav,69.62325551840433,43.77380165982984,46.4726988695278,68.13354209496696,77.01682782230003
dataset/archive/Actor_17/03-01-07-01-01-01-17.wav,68.38318597385084,68.19682198937745,82.93438562828933,81.80720625089427,74.91888383103311
dataset/archive/Actor_17/03-01-07-01-01-02-17.wav,58.120658521533414,42.689286163019545,73.34771140281043,75.17434935996582,46.950564189040946
dataset/archive/Actor_17/03-01-07-01-02-01-17.wav,71.11617492736949,55.55049231427903,53.939488265054564,76.38855806285002,61.26972477578893
dataset/archive/Actor_17/03-01-07-01-02-02-17.wav,83.6248512928995,80.44297684197466,78.98293092941506,45.125281022178655,73.1657925031827
dataset/archive/Actor_17/03-01-07-02-01-01-17.wav,65.53355983888487,64.89179950327845,42.84672001778263,57.52812907493724,87.88319656032245
dataset/archive/Actor_17/03-01-07-02-01-02-17.wav,64.68825926087533,52.3492999912843,80.8401575434571,76.45813194394924,89.733790568904
dataset/archive/Actor_17/03-01-07-02-02-01-17.wav,50.75221944058721,72.25273368301566,75.87160756368695,63.13000849747799,72.8642793925745
dataset/archive/Actor_17/03-01-07-02-02-02-17.wav,69.08893591509408,56.718591895242795,49.31807253623549,68.69235021522587,74.0133795869061
dataset/archive/Actor_17/03-01-08-01-01-01-17.wav,61.05344129185149,88.24210125102971,78.99023792741333,42.119676682468814,84.6863640941576
dataset/archive/Actor_17/03-01-08-01-01-02-17.wav,72.49335752659479,43.0315341851632,62.93304882796174,51.98617742946746,59.646491456095106
dataset/archive/Actor_17/03-01-08-01-02-01-17.wav,64.22692224920192,86.83058241870398,81.25178178210803,65.51936995569696,43.01642112128235
dataset/archive/Actor_17/03-01-08-01-02-02-17.wav,66.62087334721795,64.00628653529041,61.844249158209294,70.4009679773755,71.59077736367625
dataset/archive/Actor_17/03-01-08-02-01-01-17.wav,65.32553129185085,72.07082833364343,88.0620716917189,79.05083859394789,45.595340886549955
dataset/archive/Actor_17/03-01-08-02-01-02-17.wav,52.14271479105104,89.90248562813221,57.16098197576295,43.29411066537674,46.35252629699885
dataset/archive/Actor_17/03-01-08-02-02-01-17.wav,63.827422986903514,64.50629910983804,42.375137107737324,44.95257048957396,75.75650614555991
dataset/archive/Actor_17/03-01-08-02-02-02-17.wav,70.13173618726391,87.02376729748322,43.41690800014274,82.67009204216187,59.19749533545354
dataset/archive/Actor_18/03-01-01-01-01-01-18.wav,57.65119280724097,47.81313160705959,77.47403695379677,77.61024612963247,89.49194518285519
dataset/archive/Actor_18/03-01-01-01-01-02-18.wav,49.45234448788837,82.41302011899546,71.91478383852973,81.92018202697136,87.0285630402216
dataset/archive/Actor_18/03-01-01-01-02-01-18.wav,40.47878952203033,48.63060803025893,42.03299441927917,87.19965896381393,88.05866861734343
dataset/archive/Actor_18/03-01-01-01-02-02-18.wav,69.53755449471895,45.619275223935084,63.09078197577287,82.25158959224584,75.30658173893644
dataset/archive/Actor_18/03-01-02-01-01-01-18.wav,78.97179554560219,66.42767795209163,52.87428139520445,58.1530070577348,59.728934154222685
dataset/archive/Actor_18/03-01-02-01-01-02-18.wav,51.83299049152525,80.25788213984593,89.55130765487766,72.16956003426318,55.4648637126857
dataset/archive/Actor_18/03-01-02-01-02-01-18.wav,49.34651105043301,87.05359403769029,66.0613718485773,78.24325431788822,54.252040060524905
dataset/archive/Actor_18/03-01-02-01-02-02-18.wav,65.08953449347159,88.62282583297758,84.90974658619132,53.34989696151842,64.12591318225228
dataset/archive/Actor_18/03-01-02-02-01-01-18.wav,89.39365480282342,49.71103212246877,69.0681483466428,48.66885076025426,57.75086829731701
dataset/archive/Actor_18/03-01-02-02-01-02-18.wav,75.10428572542845,64.45729113920693,47.51487479698561,54.5684641626117,63.692600060255984
dataset/archive/Actor_18/03-01-02-02-02-01-18.wav,56.4373884526529,72.37632928477183,86.66106756034895,40.88674886535502,50.880847409694695
dataset/archive/Actor_18/03-01-02-02-02-02-18.wav,47.66345665540282,54.44467585617668,85.341309322357,76.16244563028087,58.791601410962265
dataset/archive/Actor_18/03-01-03-01-01-01-18.wav,72.34398367386643,71.07023326453837,79.07897342910613,64.05499442989195,61.07274983037669
dataset/archive/Actor_18/03-01-03-01-01-02-18.wav,52.86015527214463,84.18696746230611,80.47284733418823,47.865045863949604,58.597719612713846
dataset/archive/Actor_18/03-01-03-01-02-01-18.wav,87.41800952944487,85.680216480543,79.25911781733774,43.869263118101216,71.19178224726716
dataset/archive/Actor_18/03-01-03-01-02-02-18.wav,55.86128855853948,70.45279703504528,52.80845476730711,83.96257553776744,88.87751737291319
dataset/archive/Actor_18/03-01-03-02-01-01-18.wav,66.10102400068541,46.50977580375621,88.44822379837026,74.27156520756041,76.97100891792186
dataset/archive/Actor_18/03-01-03-02-01-02-18.wav,71.96140550776471,50.185330828449004,41.78437184060718,59.31700339580272,54.351823431247034
dataset/archive/Actor_18/03-01-03-02-02-01-18.wav,41.010956247760504,66.56417405120555,50.207578596384984,56.7329866153954,43.28848800608998
dataset/archive/Actor_18/03-01-03-02-02-02-18.wav,68.54023627945767,88.38385301310215,48.93351594205325,75.01494428518745,50.789464275644754
dataset/archive/Actor_18/03-01-04-01-01-01-18.wav,58.615615764755745,63.53611445148801,40.55619751683168,64.17112767023661,47.56940151643677
dataset/archive/Actor_18/03-01-04-01-01-02-18.wav,62.93101007185537,53.50834654718919,79.49242635783176,89.90738851950185,72.94621113415806
dataset/archive/Actor_18/03-01-04-01-02-01-18.wav,71.28303982678659,66.64326377038775,59.57742798794837,61.419585042656905,86.62589410985596
dataset/archive/Actor_18/03-01-04-01-02-02-18.wav,62.965419325940445,44.59730728897478,62.49383035470686,57.95620865050507,84.1871219454977
dataset/archive/Actor_18/03-01-04-02-01-01-18.wav,60.880637297243005,53.32799150024485,78.88142745834477,89.2980091726329,57.1633544692003
dataset/archive/Actor_18/03-01-04-02-01-02-18.wav,40.829016631215445,45.18621521477684,73.80489798854138,75.60374927927005,73.21653943120734
dataset/archive/Actor_18/03-01-04-02-02-01-18.wav,80.24408248335257,65.74782716946166,66.57284024660201,69.77743975749439,68.94526397039071
dataset/archive/Actor_18/03-01-04-02-02-02-18.wav,82.69566164331259,45.95305468690383,56.38944949683785,77.29873241809867,81.78370710770506
dataset/archive/Actor_18/03-01-05-01-01-01-18.wav,48.60755659750023,66.33252223466215,54.92596821888029,81.05670909645289,66.34287213255612
dataset/archive/Actor_18/03-01-05-01-01-02-18.wav,51.51428056990782,60.469904523469424,71.03627244945814,86.31258838061751,63.008570832459256
dataset/archive/Actor_18/03-01-05-01-02-01-18.wav,49.26276353804898,45.300224638392585,72.28129018041096,51.808556839964766,74.43707691111493
dataset/archive/Actor_18/03-01-05-01-02-02-18.wav,58.232478745085835,65.11794799579427,87.51790261971908,80.85384073217082,63.065612898422714
dataset/archive/Actor_18/03-01-05-02-01-01-18.wav,63.88883495074819,78.57690701548933,51.21906089698841,87.73793397654045,49.51895958213293
dataset/archive/Actor_18/03-01-05-02-01-02-18.wav,58.15897929811479,49.71358070736821,84.37537704065761,63.98553580827847,47.192884393740584
dataset/archive/Actor_18/03-01-05-02-02-01-18.wav,74.900421040743,68.07583365841865,84.11812987531863,86.25263225978503,73.74179367999014
dataset/archive/Actor_18/03-01-05-02-02-02-18.wav,87.19725270807177,55.96840808140948,73.81040783440827,58.6579361364782,67.11223116607785
dataset/archive/Actor_18/03-01-06-01-01-01-18.wav,87.92004742586698,62.30642678109409,47.17326463031585,75.51515812960619,40.66446447646609
dataset/archive/Actor_18/03-01-06-01-01-02-18.wav,40.743454943461686,88.77860447105363,40.206627301094315,81.92416330851214,64.37988248941416
dataset/archive/Actor_18/03-01-06-01-02-01-18.wav,57.81415416147391,80.96031545969194,77.95458036271486,84.24115239065407,50.94250302001441
dataset/archive/Actor_18/03-01-06-01-02-02-18.wav,53.07821827096126,49.4614274590417,65.07158887419729,81.60780716044636,50.62824112793119
dataset/archive/Actor_18/03-01-06-02-01-01-18.wav,52.06065757602475,52.55429728354429,88.11962424151469,79.68275235088817,50.70753826114549
dataset/archive/Actor_18/03-01-06-02-01-02-18.wav,73.98986484328766,85.91009932802774,65.58999678175692,50.21880393466573,89.58370764758544
dataset/archive/Actor_18/03-01-06-02-02-01-18.wav,76.34499983733627,63.91813059733609,82.42962108742734,58.174301331471725,73.42633281082331
dataset/archive/Actor_18/03-01-06-02-02-02-18.wav,50.74241273674103,73.7508672576752,69.45145192407693,43.6679298204849,66.20927581635573
dataset/archive/Actor_18/03-01-07-01-01-01-18.wav,40.86867022229119,54.51056118875792,87.04358289778054,89.61333868737776,84.83894466345126
dataset/archive/Actor_18/03-01-07-01-01-02-18.wav,53.89837380761179,82.76831275237316,73.72835786446979,84.02244747315972,84.65366753465979
dataset/archive/Actor_18/03-01-07-01-02-01-18.wav,85.7717732745902,41.50066678213189,41.123733139390296,84.51387143389181,73.16959366026217
dataset/archive/Actor_18/03-01-07-01-02-02-18.wav,81.31980420305848,72.03103787967495,64.99739560882092,73.35128544349078,40.52266492551581
dataset/archive/Actor_18/03-01-07-02-01-01-18.wav,50.13363417401391,69.84487278454378,80.51553595873713,63.20254587420226,54.232662545322725
dataset/archive/Actor_18/03-01-07-02-01-02-18.wav,41.31566275721893,48.39048924917675,80.07689366712533,81.6321480124623,42.78497814878236
dataset/archive/Actor_18/03-01-07-02-02-01-18.wav,83.90904651300609,42.781388751357525,60.27813315329867,73.85554128617609,52.89906175850513
dataset/archive/Actor_18/03-01-07-02-02-02-18.wav,64.15678283341524,42.81135869512662,46.73699763829708,80.146888686793,71.11988247398999
dataset/archive/Actor_18/03-01-08-01-01-01-18.wav,74.63655160728024,85.4807902662757,55.44671546929527,40.69150895451818,57.089828093491946
dataset/archive/Actor_18/03-01-08-01-01-02-18.wav,54.4837550004048,79.43845637228516,77.02759873767293,45.80794480360159,43.370576326347795
dataset/archive/Actor_18/03-01-08-01-02-01-18.wav,55.96816026850985,68.10146471650981,63.07047541069812,80.4888721595828,88.92556275204274
dataset/archive/Actor_18/03-01-08-01-02-02-18.wav,48.64709674313949,54.023760256373706,76.279684835714,43.93481944872981,69.7632448121632
dataset/archive/Actor_18/03-01-08-02-01-01-18.wav,43.415698881272725,82.6252463515336,48.84380130484732,53.14587608679404,62.418295805046775
dataset/archive/Actor_18/03-01-08-02-01-02-18.wav,88.92168459226214,51.8694764283821,53.52450715631184,60.490319306069324,60.35024379752814
dataset/archive/Actor_18/03-01-08-02-02-01-18.wav,89.062195715748,57.18439388012147,54.42759841832486,59.850422800321994,79.30193562678778
dataset/archive/Actor_18/03-01-08-02-02-02-18.wav,62.23534315698765,73.72555283890944,75.49832536282433,69.39309299475363,70.29604976107458
dataset/archive/Actor_19/03-01-01-01-01-01-19.wav,54.48960706265997,55.843390856499994,48.95965376960075,54.084458056863646,55.00228942154555
dataset/archive/Actor_19/03-01-01-01-01-02-19.wav,50.718713725117766,54.402462514958565,71.05084829876543,48.39303520755118,69.17723737670781
dataset/archive/Actor_19/03-01-01-01-02-01-19.wav,57.84706772167686,74.5762477284246,45.513818763038344,53.02173197061377,72.04498109356291
dataset/archive/Actor_19/03-01-01-01-02-02-19.wav,60.947207840672974,62.54511743691003,42.03054449086096,76.18690068632478,84.92548512486158
dataset/archive/Actor_19/03-01-02-01-01-01-19.wav,81.5794630228473,44.1458592461001,66.87454700968334,44.72025284876308,44.87915074922782
dataset/archive/Actor_19/03-01-02-01-01-02-19.wav,62.73234172258725,70.03009619900259,80.14127664806307,52.42003065775061,55.56241716801329
dataset/archive/Actor_19/03-01-02-01-02-01-19.wav,56.090931025011486,80.95383023067457,81.24946526271428,49.64302205475353,58.233639988177636
dataset/archive/Actor_19/03-01-02-01-02-02-19.wav,88.24359655642435,66.24498079394259,73.63820635633488,77.9848422554966,52.18876841877994
dataset/archive/Actor_19/03-01-02-02-01-01-19.wav,43.71201686950024,88.07679913462152,86.22368029465969,54.18467145031384,48.96375326099642
dataset/archive/Actor_19/03-01-02-02-01-02-19.wav,45.72480299876808,52.88623233724307,47.415613049335164,40.085629470997695,66.55498248370095
dataset/archive/Actor_19/03-01-02-02-02-01-19.wav,54.74923848451829,51.284472398504924,70.73456604300613,82.86792080874835,53.79031010776138
dataset/archive/Actor_19/03-01-02-02-02-02-19.wav,81.27415721013541,70.29020365899318,78.67614382748252,73.05923132421974,77.66671428533964
dataset/archive/Actor_19/03-01-03-01-01-01-19.wav,67.66046753904487,60.32720801403916,75.43044350797337,63.374333966374756,47.99361353863037
dataset/archive/Actor_19/03-01-03-01-01-02-19.wav,66.33523218999193,66.10190682770323,49.74355647940972,50.31850332979607,49.63683822641191
dataset/archive/Actor_19/03-01-03-01-02-01-19.wav,57.528155711774886,43.096795035832464,65.64831700532922,78.52550781423213,60.7323686366863
dataset/archive/Actor_19/03-01-03-01-02-02-19.wav,49.388910100681315,68.47180032256682,67.20081198721216,55.492266269143705,63.625143913347586
dataset/archive/Actor_19/03-01-03-02-01-01-19.wav,63.32838910364785,83.06351983711406,82.937814521949,54.55662632652252,61.88198022135852
dataset/archive/Actor_19/03-01-03-02-01-02-19.wav,61.92184890700875,50.869918378682485,80.81317025402711,55.20036723166521,84.3538662353582
dataset/archive/Actor_19/03-01-03-02-02-01-19.wav,86.59325957793126,69.07197011803889,68.75062301976352,86.37290251004023,75.28918229732227
dataset/archive/Actor_19/03-01-03-02-02-02-19.wav,56.822640989321584,81.68607085044005,72.5105133651154,68.10444202830584,59.294778306572496
dataset/archive/Actor_19/03-01-04-01-01-01-19.wav,73.46631011829894,85.53616807331872,55.47419751163372,50.24861061123657,59.083968053151445
dataset/archive/Actor_19/03-01-04-01-01-02-19.wav,58.94169545689833,58.74223029597374,52.57891667400955,57.12658779750615,58.80370784952097
dataset/archive/Actor_19/03-01-04-01-02-01-19.wav,88.97578604522691,41.87044748279558,52.99260825754641,61.72464408878114,50.10772686686819
dataset/archive/Actor_19/03-01-04-01-02-02-19.wav,70.53839179368636,59.902722721493944,47.70039527928694,83.97677084304146,73.25674434867449
dataset/archive/Actor_19/03-01-04-02-01-01-19.wav,63.01686608505892,68.6898272431619,47.14821885128162,77.71752205383191,50.064061200743886
dataset/archive/Actor_19/03-01-04-02-01-02-19.wav,46.917225126655794,83.84280178189094,58.55731747575322,72.07766491071219,58.57138745069801
dataset/archive/Actor_19/03-01-04-02-02-01-19.wav,77.885140075112,52.08169474468216,84.67317296135943,78.59884932826355,84.3745764642722
dataset/archive/Actor_19/03-01-04-02-02-02-19.wav,68.91172492214488,41.70054976283444,80.67554700361873,65.5087455380589,53.91258605920875
dataset/archive/Actor_19/03-01-05-01-01-01-19.wav,44.0363755445727,54.88534780729806,43.235351527472005,88.9213950691587,64.1950409524677
dataset/archive/Actor_19/03-01-05-01-01-02-19.wav,60.25771005287689,50.180830619062846,65.00647498977567,44.19802288206033,73.8004311472221
dataset/archive/Actor_19/03-01-05-01-02-01-19.wav,78.28851113620358,88.96759516678964,86.71710325107924,88.44419161522976,55.422004238772296
dataset/archive/Actor_19/03-01-05-01-02-02-19.wav,64.93545183157039,72.11192326030285,61.03489344134556,78.05133664289299,45.204775187607446
dataset/archive/Actor_19/03-01-05-02-01-01-19.wav,74.61809489051453,77.66088296758096,70.99755724844233,84.97892700849076,86.58765769251121
dataset/archive/Actor_19/03-01-05-02-01-02-19.wav,41.13588608562998,44.53088894911698,62.979390687849566,42.74168395360606,44.71415932949989
dataset/archive/Actor_19/03-01-05-02-02-01-19.wav,56.5325119590206,43.67524417524958,82.6583993331804,46.83556997819508,56.763565969127335
dataset/archive/Actor_19/03-01-05-02-02-02-19.wav,42.138434805096644,65.87894618426375,63.169007692084776,65.7777625264818,59.59214764646384
dataset/archive/Actor_19/03-01-06-01-01-01-19.wav,41.68181613228228,57.671937023332916,69.29790026965642,60.62927102889343,66.726717163805
dataset/archive/Actor_19/03-01-06-01-01-02-19.wav,50.034390644618476,84.82486177850527,72.27687861858782,46.57904718556527,69.59073200944795
dataset/archive/Actor_19/03-01-06-01-02-01-19.wav,80.37097436219251,46.232678091590834,68.43597608545741,75.66434580716032,85.06394542364635
dataset/archive/Actor_19/03-01-06-01-02-02-19.wav,47.18440679585508,58.93417347020228,56.13716538912371,53.750762582856396,79.32347552003843
dataset/archive/Actor_19/03-01-06-02-01-01-19.wav,54.57021918405949,50.63762290967361,86.29710108478002,68.18095187728393,51.389110515075664
dataset/archive/Actor_19/03-01-06-02-01-02-19.wav,48.96811071357119,43.46591549888265,76.93957698246565,48.10301770526162,74.77809215000448
dataset/archive/Actor_19/03-01-06-02-02-01-19.wav,59.17648051703202,68.62222903387524,77.59591626683314,47.850955429910286,58.866785253324494
dataset/archive/Actor_19/03-01-06-02-02-02-19.wav,60.47360754795715,76.87107103618925,83.00866919989335,83.0448497143921,58.1156147647534
dataset/archive/Actor_19/03-01-07-01-01-01-19.wav,64.9420405190932,49.66786876537123,44.87244842016854,59.6873593938728,72.81759419800792
dataset/archive/Actor_19/03-01-07-01-01-02-19.wav,85.98379321869757,40.92002603505644,52.566534422345185,58.827196337157545,74.63193670733483
dataset/archive/Actor_19/03-01-07-01-02-01-19.wav,55.49699415657329,74.88236899158665,73.33373734329776,66.13649166780357,86.73128337191264
dataset/archive/Actor_19/03-01-07-01-02-02-19.wav,78.69035011231153,62.68033336529833,70.65844767188952,53.75354953020802,63.53124450028682
dataset/archive/Actor_19/03-01-07-02-01-01-19.wav,80.3135343632875,66.07379177093802,79.77867550910841,74.47603952550863,62.26199047978439
dataset/archive/Actor_19/03-01-07-02-01-02-19.wav,88.5692015694508,75.91621220659479,42.4019837840715,48.3351923240013,82.73694821815113
dataset/archive/Actor_19/03-01-07-02-02-01-19.wav,48.1743540743535,66.46134311945218,64.4934007321316,58.481914114698206,84.78986715495286
dataset/archive/Actor_19/03-01-07-02-02-02-19.wav,54.35262095215692,53.72982125740039,78.67160865716224,63.030289764229366,56.01221221909178
dataset/archive/Actor_19/03-01-08-01-01-01-19.wav,60.98073967669433,73.98398253016177,68.99898523720475,69.05145136895325,45.83679023903761
dataset/archive/Actor_19/03-01-08-01-01-02-19.wav,41.55279179619666,58.787055316483716,85.39397839289717,85.68174028303926,60.458754434688636
dataset/archive/Actor_19/03-01-08-01-02-01-19.wav,48.84379012513058,55.82639436276874,65.68982311500207,87.80540896959778,77.27872547256385
dataset/archive/Actor_19/03-01-08-01-02-02-19.wav,54.78996540822991,44.479324324839375,52.9420724888019,76.33778248469773,52.993891381753365
dataset/archive/Actor_19/03-01-08-02-01-01-19.wav,82.85438025548329,75.78826085445584,64.69570918516287,69.9874941281326,76.1894164938511
dataset/archive/Actor_19/03-01-08-02-01-02-19.wav,82.19322119568503,46.46929056236552,78.29531109523118,45.42575140314346,70.41184871547678
dataset/archive/Actor_19/03-01-08-02-02-01-19.wav,83.06888161987602,49.44863617670425,56.40679447556701,52.80653401518245,88.46766630000388
dataset/archive/Actor_19/03-01-08-02-02-02-19.wav,48.45032224924597,40.389100134112155,49.223847575054705,82.20874649203803,87.34739920013865
dataset/archive/Actor_20/03-01-01-01-01-01-20.wav,87.18495285112817,61.889905540465854,58.04167151976779,44.07966994113003,70.45663005434565
dataset/archive/Actor_20/03-01-01-01-01-02-20.wav,75.70920109520014,49.00079249071486,87.48149468232795,88.43069009206948,86.78875288398353
dataset/archive/Actor_20/03-01-01-01-02-01-20.wav,83.07564723400867,77.72120175441981,56.07466222941625,48.919701164472,79.5670559328394
dataset/archive/Actor_20/03-01-01-01-02-02-20.wav,72.66774600068402,78.91500498450998,58.61985944405066,64.71911090388528,52.921415192272846
dataset/archive/Actor_20/03-01-02-01-01-01-20.wav,73.71602660016853,59.04918459711991,42.69601486229932,65.95493433852442,40.107529280742554
dataset/archive/Actor_20/03-01-02-01-01-02-20.wav,73.85326534850896,48.276176150812276,78.90717131193854,65.15766899812311,81.75110199748858
dataset/archive/Actor_20/03-01-02-01-02-01-20.wav,84.32252349759426,45.445694684324664,87.68362466228558,46.892495030264186,71.27270569751512
dataset/archive/Actor_20/03-01-02-01-02-02-20.wav,71.99933251325733,67.64084836930381,86.86478588828416,89.18425459403633,48.3384913289716
dataset/archive/Actor_20/03-01-02-02-01-01-20.wav,44.050130647928434,83.35297926864655,86.93913087619907,62.93334320641806,75.97621515684799
dataset/archive/Actor_20/03-01-02-02-01-02-20.wav,82.7479598774261,51.86640830512117,52.749856217685846,60.28447714154595,83.36836327615256
dataset/archive/Actor_20/03-01-02-02-02-01-20.wav,68.30307422321525,47.96104746230854,89.4366791694808,86.06458109509043,59.8272552057565
dataset/archive/Actor_20/03-01-02-02-02-02-20.wav,86.19218550064005,49.84800871528587,66.21981632328834,53.62549396702728,89.79258286231209
dataset/archive/Actor_20/03-01-03-01-01-01-20.wav,75.6362272718149,84.20457502252867,88.66517554106358,52.45433020179411,44.629673283869664
dataset/archive/Actor_20/03-01-03-01-01-02-20.wav,72.98437450739527,82.16683935609662,83.35857848483596,81.18485939021623,88.77352055588574
dataset/archive/Actor_20/03-01-03-01-02-01-20.wav,63.31146345593377,40.67969738705445,45.11507543735847,72.17916968351787,69.00343695792607
dataset/archive/Actor_20/03-01-03-01-02-02-20.wav,52.42508571367756,80.73767827734147,58.43532668330079,72.96178304194234,64.94414397062975
dataset/archive/Actor_20/03-01-03-02-01-01-20.wav,64.91588673587088,40.848579805592294,83.38130326434006,88.92795545882876,43.57328873321863
dataset/archive/Actor_20/03-01-03-02-01-02-20.wav,52.42783130592296,84.09269577374866,84.4898265449823,61.89445429603269,78.66859390490794
dataset/archive/Actor_20/03-01-03-02-02-01-20.wav,84.07518671277191,42.70140619171818,76.30790041813444,69.35655333749803,68.79857286589508
dataset/archive/Actor_20/03-01-03-02-02-02-20.wav,73.21039958119991,50.61406062070113,63.60709349984129,65.14353486339824,89.30013044796414
dataset/archive/Actor_20/03-01-04-01-01-01-20.wav,77.567454958126,48.14257838387576,55.26861183958454,71.54820555603214,56.004379219429126
dataset/archive/Actor_20/03-01-04-01-01-02-20.wav,46.982816381740975,44.687360297185975,68.01085085555229,42.964540235270945,81.30293294222439
dataset/archive/Actor_20/03-01-04-01-02-01-20.wav,70.55700028660017,54.13734689691431,66.18189765026167,59.2703210176847,89.62728776917645
dataset/archive/Actor_20/03-01-04-01-02-02-20.wav,63.83563743878802,62.836907332811734,41.08123269838216,62.43066928884665,84.21538081623876
dataset/archive/Actor_20/03-01-04-02-01-01-20.wav,50.09468618710572,45.07278093127703,88.30488397624796,66.66063340831047,45.391514660386434
dataset/archive/Actor_20/03-01-04-02-01-02-20.wav,59.981872973718794,83.3641092683253,52.73317359074792,66.75542565037858,49.35390301020632
dataset/archive/Actor_20/03-01-04-02-02-01-20.wav,47.9588350307629,44.24960977720153,73.89957314663218,47.653048376867496,45.18759584129312
dataset/archive/Actor_20/03-01-04-02-02-02-20.wav,77.62169269438766,87.56338705578031,62.818484151967496,60.61487802371978,89.22773649724073
dataset/archive/Actor_20/03-01-05-01-01-01-20.wav,63.25534391388643,56.671532736878476,54.14166904196078,43.673269074928164,53.97123882170678
dataset/archive/Actor_20/03-01-05-01-01-02-20.wav,71.68477238819449,47.78813337142543,67.89478115244617,75.29418971896834,51.85685700286161
dataset/archive/Actor_20/03-01-05-01-02-01-20.wav,61.0008166456289,83.28353862814433,87.17751874761157,61.85544052475455,72.44402949639657
dataset/archive/Actor_20/03-01-05-01-02-02-20.wav,49.64948877519045,46.28915662091031,60.79848453264769,87.654419150335,48.79873578604013
dataset/archive/Actor_20/03-01-05-02-01-01-20.wav,66.47815076495228,71.35278621152771,80.04066730566566,64.21303838306302,42.945287954803135
dataset/archive/Actor_20/03-01-05-02-01-02-20.wav,40.8826581198968,49.40981901932401,41.01833052436929,47.77564087518361,62.2908225565094
dataset/archive/Actor_20/03-01-05-02-02-01-20.wav,68.09412180528258,67.79880974544112,73.0741128034895,40.316871162914154,64.41597104831582
dataset/archive/Actor_20/03-01-05-02-02-02-20.wav,85.4241517388752,52.5653848314485,57.05401182513245,68.77414664302034,62.645402539834535
dataset/archive/Actor_20/03-01-06-01-01-01-20.wav,48.656435695751256,47.33938488485934,50.46328622274312,83.66128869768983,71.515554341457
dataset/archive/Actor_20/03-01-06-01-01-02-20.wav,61.56146214053037,66.22620153830451,85.47647468125209,81.6566405148134,42.72258788607134
dataset/archive/Actor_20/03-01-06-01-02-01-20.wav,62.123545145345545,61.282685152977734,88.34843074974425,78.77780608849055,60.160912494139815
dataset/archive/Actor_20/03-01-06-01-02-02-20.wav,65.86598053267832,44.71340160971866,83.78191453835116,78.93224929267203,45.55465401546241
dataset/archive/Actor_20/03-01-06-02-01-01-20.wav,51.042416718155785,76.54033143392769,58.576783695699476,52.045524500838106,59.427229133944905
dataset/archive/Actor_20/03-01-06-02-01-02-20.wav,67.21403805502497,72.5412656653217,63.981114607651854,63.660281662039864,80.33970745153903
dataset/archive/Actor_20/03-01-06-02-02-01-20.wav,45.963491809976304,69.76406063041689,53.02327081632435,47.58796298032364,83.04776514155179
dataset/archive/Actor_20/03-01-06-02-02-02-20.wav,40.022196990952395,53.568448528764165,50.38049001081049,82.95928920594659,81.88387104371606
dataset/archive/Actor_20/03-01-07-01-01-01-20.wav,81.45131472069542,56.02986328056629,57.79686416760849,81.36790143043928,82.98790731856839
dataset/archive/Actor_20/03-01-07-01-01-02-20.wav,65.28370046127043,45.805316798048864,68.54708437316069,41.2075670953363,51.409979757594854
dataset/archive/Actor_20/03-01-07-01-02-01-20.wav,71.96559484691704,58.606208097309064,61.479583352571694,80.83490465354605,75.55337178812991
dataset/archive/Actor_20/03-01-07-01-02-02-20.wav,41.265667360324926,80.40562946396085,73.41421370436686,88.11572497556207,78.05380997586269
dataset/archive/Actor_20/03-01-07-02-01-01-20.wav,56.956422071317775,59.05506197428814,83.87883076994902,89.21922317603489,79.20659247966
dataset/archive/Actor_20/03-01-07-02-01-02-20.wav,72.00979024053642,65.53322131463474,58.25080230113657,65.75985862961278,82.11083719904316
dataset/archive/Actor_20/03-01-07-02-02-01-20.wav,78.4965870944276,73.20359695747058,88.6855584093062,60.7367860193783,84.87079372527722
dataset/archive/Actor_20/03-01-07-02-02-02-20.wav,60.17211221982207,81.55052785806387,83.8203554106586,40.184414340568054,80.18575161071743
dataset/archive/Actor_20/03-01-08-01-01-01-20.wav,87.92414014099724,64.94254477802676,60.73792933908111,57.8138866589008,50.67782730471437
dataset/archive/Actor_20/03-01-08-01-01-02-20.wav,54.85623517134064,67.64858539495287,68.7810508923885,53.799662522151955,60.50480616670177
dataset/archive/Actor_20/03-01-08-01-02-01-20.wav,64.7681326267252,80.63276782227621,62.25169265728212,66.99999607783073,69.80782183733838
dataset/archive/Actor_20/03-01-08-01-02-02-20.wav,87.4873212712842,76.7611486648932,58.45139971643211,80.42464338154872,55.6190236204195
dataset/archive/Actor_20/03-01-08-02-01-01-20.wav,74.35236983821997,48.030505864346935,72.19993294934446,77.36240903880095,58.401200002100296
dataset/archive/Actor_20/03-01-08-02-01-02-20.wav,87.13042589952795,46.56801801801759,50.05426194158786,83.43740211467754,71.90403165098601
dataset/archive/Actor_20/03-01-08-02-02-01-20.wav,58.061090446921014,68.92950986709683,73.67843267025803,65.27524563990922,75.62333284624455
dataset/archive/Actor_20/03-01-08-02-02-02-20.wav,56.09352560035462,57.78712071017812,82.1249600464759,47.21194027051755,82.86886982408194
dataset/archive/Actor_21/03-01-01-01-01-01-21.wav,45.69549708037682,45.07818244687476,48.07958319547339,64.88982923899863,76.81680359680868
dataset/archive/Actor_21/03-01-01-01-01-02-21.wav,52.5978102939857,45.873997073839746,73.3545443388372,84.46966751218517,71.70305674437745
dataset/archive/Actor_21/03-01-01-01-02-01-21.wav,86.69110840989329,48.47956964460909,61.928751672181576,55.644380144835985,84.15006249144403
dataset/archive/Actor_21/03-01-01-01-02-02-21.wav,47.390089169032784,50.4264154706301,85.93740892022994,89.19908382791431,47.40332570046257
dataset/archive/Actor_21/03-01-02-01-01-01-21.wav,40.552068396100644,79.48331033798513,53.07719445732789,44.48759416999343,50.672245253198355
dataset/archive/Actor_21/03-01-02-01-01-02-21.wav,44.75646134688236,65.82786141526286,40.23222105013114,41.56074338889971,57.80717995677923
dataset/archive/Actor_21/03-01-02-01-02-01-21.wav,82.0417643143058,81.94704800270648,89.90018835566522,43.00743064391732,80.94989895812785
dataset/archive/Actor_21/03-01-02-01-02-02-21.wav,69.39247391043872,66.98093621009895,52.98671410847027,53.313472923678816,76.50162040223412
dataset/archive/Actor_21/03-01-02-02-01-01-21.wav,76.9776135061054,89.8329397224908,66.00940189433851,76.39078503521347,49.52828759608453
dataset/archive/Actor_21/03-01-02-02-01-02-21.wav,45.175854821536,74.37139383463573,77.47377685239708,43.68373961055224,63.16804185072884
dataset/archive/Actor_21/03-01-02-02-02-01-21.wav,40.99154882225469,44.52961145335807,72.33408970359073,43.72728401314866,43.0122377211015
dataset/archive/Actor_21/03-01-02-02-02-02-21.wav,81.68516729910505,76.98345757534614,40.34911349361526,81.89150444830278,74.37213755481412
dataset/archive/Actor_21/03-01-03-01-01-01-21.wav,49.04274232895877,42.69446607338138,52.74770337275959,65.9556575463902,78.03739301234683
dataset/archive/Actor_21/03-01-03-01-01-02-21.wav,60.217945940502986,47.66593967958511,52.87619208532914,81.67308536747278,46.85183996832996
dataset/archive/Actor_21/03-01-03-01-02-01-21.wav,88.37893668812814,49.94356899440842,85.20645621303021,46.79112456720866,72.19727762131166
dataset/archive/Actor_21/03-01-03-01-02-02-21.wav,88.63516333314334,68.74679796870448,80.53696469929815,87.73349758457681,68.37423009630095
dataset/archive/Actor_21/03-01-03-02-01-01-21.wav,63.38558298066975,73.24743681013119,49.338893581500045,79.35845329004226,65.73095352271991
dataset/archive/Actor_21/03-01-03-02-01-02-21.wav,57.25382088945546,55.682697710946734,42.52975108684611,59.88032940582595,47.292534542909905
dataset/archive/Actor_21/03-01-03-02-02-01-21.wav,51.46206597018189,54.26949885387079,84.42872854578195,49.054602754059644,82.26801510287427
dataset/archive/Actor_21/03-01-03-02-02-02-21.wav,89.18568889081138,87.05406642412602,80.98092270349362,80.43895801699611,63.24559157107772
dataset/archive/Actor_21/03-01-04-01-01-01-21.wav,49.46421490618998,76.47489685294124,73.54808549503878,82.79705874385002,74.15636500864755
dataset/archive/Actor_21/03-01-04-01-01-02-21.wav,86.02801259771846,83.0202937950589,73.42366499507519,85.17521761955051,76.37335213393413
dataset/archive/Actor_21/03-01-04-01-02-01-21.wav,74.30332245378673,69.14524534471653,82.66768608647023,82.36546294171299,58.32907470812795
dataset/archive/Actor_21/03-01-04-01-02-02-21.wav,84.76221088159639,40.16705362728418,42.73631283558144,44.45411755752106,79.79258583269447
dataset/archive/Actor_21/03-01-04-02-01-01-21.wav,54.00789155747532,88.48955621798326,63.78172589362158,71.52153930807064,86.09415519920174
dataset/archive/Actor_21/03-01-04-02-01-02-21.wav,77.26790063134614,70.43191658207121,41.897404741592844,46.67866456694768,85.3814713569934
dataset/archive/Actor_21/03-01-04-02-02-01-21.wav,52.781383363691376,60.324434423927805,62.99236731750594,44.01400466914529,53.51561455419301
dataset/archive/Actor_21/03-01-04-02-02-02-21.wav,88.49380451288394,73.65527781350383,47.6005050063372,69.83647137827789,63.9587493585758
dataset/archive/Actor_21/03-01-05-01-01-01-21.wav,72.71620514443393,77.94697449587237,85.52838666532207,68.02654120379479,73.90565063092028
dataset/archive/Actor_21/03-01-05-01-01-02-21.wav,61.58276440033771,57.87850886727448,81.9697173289942,56.82227094695281,61.37071556335976
dataset/archive/Actor_21/03-01-05-01-02-01-21.wav,82.43010428882647,60.61367672893691,83.81217458862781,40.786644760451544,59.2817422874072
dataset/archive/Actor_21/03-01-05-01-02-02-21.wav,56.18539393272118,89.57211894233387,55.83741309140234,72.19315766043096,75.50771235123543
dataset/archive/Actor_21/03-01-05-02-01-01-21.wav,47.24582787674328,87.7546394344782,55.01637102485138,75.10402085071162,69.70528751943282
dataset/archive/Actor_21/03-01-05-02-01-02-21.wav,87.38713364684342,52.770328633365054,40.20078889333225,42.03365872925269,83.95812300727046
dataset/archive/Actor_21/03-01-05-02-02-01-21.wav,80.34142523314566,78.57636670369259,58.36263543897293,50.786170844333974,67.37532738973677
dataset/archive/Actor_21/03-01-05-02-02-02-21.wav,74.54054070877467,47.853526286153894,69.7377316297974,81.0162261198746,57.12225463758425
dataset/archive/Actor_21/03-01-06-01-01-01-21.wav,85.86646397171761,80.56274030926383,68.95782655611846,58.80531496502877,74.11447987815139
dataset/archive/Actor_21/03-01-06-01-01-02-21.wav,48.79302694708113,89.84681614091389,57.650660154214144,41.0065852252284,65.84956023102441
dataset/archive/Actor_21/03-01-06-01-02-01-21.wav,57.08562640886551,41.369477666184814,79.83727240524144,83.14213838726715,73.57024410093409
dataset/archive/Actor_21/03-01-06-01-02-02-21.wav,48.00544209009335,79.62632915029849,60.944662854946,79.25688836238402,58.4472600364945
dataset/archive/Actor_21/03-01-06-02-01-01-21.wav,67.37864253034525,54.20557281413287,72.1710572338357,73.31986621306066,71.42093869960465
dataset/archive/Actor_21/03-01-06-02-01-02-21.wav,81.04078168492703,62.20839039917892,54.87540662023355,56.39899910484414,42.18629128195746
dataset/archive/Actor_21/03-01-06-02-02-01-21.wav,42.140387251201695,53.5414688171001,50.95019528743522,61.381408361964574,43.894898647936145
dataset/archive/Actor_21/03-01-06-02-02-02-21.wav,59.39872198663461,63.794056852128676,72.45999254574029,60.58023821434563,56.75286784744249
dataset/archive/Actor_21/03-01-07-01-01-01-21.wav,87.6606381027351,48.73974552278707,40.68997464746967,73.85896007218241,40.97011865101012
dataset/archive/Actor_21/03-01-07-01-01-02-21.wav,49.23262585600505,81.8028121319185,69.50091813089324,51.66934604371013,49.1951291999502
dataset/archive/Actor_21/03-01-07-01-02-01-21.wav,54.79419724533077,69.28313582978919,56.99116771928213,49.355824838495245,53.808213520946026
dataset/archive/Actor_21/03-01-07-01-02-02-21.wav,87.29814743931259,72.83596314165717,63.24450262730626,78.70440129598887,88.75898806111933
dataset/archive/Actor_21/03-01-07-02-01-01-21.wav,69.76117050499131,62.66186298409515,41.23757216045045,77.56941613640524,47.028098869732254
dataset/archive/Actor_21/03-01-07-02-01-02-21.wav,63.70666864305822,77.95576822473357,44.29836222194317,72.9294166431353,86.25054310491807
dataset/archive/Actor_21/03-01-07-02-02-01-21.wav,69.96355037200436,80.2635337003577,75.83045040427774,52.31492012467632,59.12776872892489
dataset/archive/Actor_21/03-01-07-02-02-02-21.wav,86.8228219134125,42.85803586234903,83.56100763045067,73.17683612411383,48.40391135093495
dataset/archive/Actor_21/03-01-08-01-01-01-21.wav,55.8627495044696,82.79330372913009,40.561714757239564,62.50575299838427,61.00630005275467
dataset/archive/Actor_21/03-01-08-01-01-02-21.wav,50.11658415179629,61.43408108938301,83.86636068202992,66.41638522682821,51.14342864496651
dataset/archive/Actor_21/03-01-08-01-02-01-21.wav,46.59335516624653,60.30859523291883,52.8072931031638,64.04973573910996,40.46885555709314
dataset/archive/Actor_21/03-01-08-01-02-02-21.wav,68.09241874478577,50.58460494780657,79.74131625114639,42.17790534800133,86.30489777055357
dataset/archive/Actor_21/03-01-08-02-01-01-21.wav,75.46427032034367,41.708174427289954,60.002077421350556,79.43596752364937,89.90421220207328
dataset/archive/Actor_21/03-01-08-02-01-02-21.wav,48.548599296642955,53.135191511333794,70.03782427755445,74.01167935103945,61.199646340575406
dataset/archive/Actor_21/03-01-08-02-02-01-21.wav,88.93511112486746,62.09091320637695,63.138155019673775,47.007804859734314,81.21465617805057
dataset/archive/Actor_21/03-01-08-02-02-02-21.wav,47.93514507025549,81.90579803425777,51.76049689653588,70.63239915139769,82.70365029230986
dataset/archive/Actor_22/03-01-01-01-01-01-22.wav,83.4736102989328,41.08319272849586,81.67064546482426,84.4680008012048,72.30785889768912
dataset/archive/Actor_22/03-01-01-01-01-02-22.wav,85.93057784810003,41.820960517158724,65.93291566756542,82.8167727143086,66.33174032388112
dataset/archive/Actor_22/03-01-01-01-02-01-22.wav,50.36476856725548,64.95939865375105,67.00147383452182,49.19810626154688,57.19771744567309
dataset/archive/Actor_22/03-01-01-01-02-02-22.wav,70.49184660892705,49.28122766376729,80.77327469619237,84.73453791157719,88.5380956143858
dataset/archive/Actor_22/03-01-02-01-01-01-22.wav,69.48902252571536,56.179936270615116,62.21668356028331,75.6603460412007,81.56375384501223
dataset/archive/Actor_22/03-01-02-01-01-02-22.wav,56.13187848563322,63.87630860577994,49.592425367911474,47.64172313372982,71.68946529162965
dataset/archive/Actor_22/03-01-02-01-02-01-22.wav,77.33104114483567,60.09609051963011,60.47776524369881,76.18242987168139,66.4043497623687
dataset/archive/Actor_22/03-01-02-01-02-02-22.wav,85.91107604496969,58.66321046054445,54.52784513743154,52.60447401477735,75.58240313293291
dataset/archive/Actor_22/03-01-02-02-01-01-22.wav,78.00569992876765,74.13469644004468,49.767180607550095,65.31860582036656,65.37395994816474
dataset/archive/Actor_22/03-01-02-02-01-02-22.wav,73.68061396419617,83.85704773595546,79.45956230927067,64.06982451774822,72.52650167861697
dataset/archive/Actor_22/03-01-02-02-02-01-22.wav,80.67608739282632,50.07336563347041,69.53934139825841,44.87747931682767,73.95193621329457
dataset/archive/Actor_22/03-01-02-02-02-02-22.wav,63.004092015931136,76.77721441167198,49.82128643531478,61.23618529538697,56.76338747042789
dataset/archive/Actor_22/03-01-03-01-01-01-22.wav,48.580466668222726,74.84418630557397,60.002864781315346,45.90016495230972,41.74738490084852
dataset/archive/Actor_22/03-01-03-01-01-02-22.wav,66.50037641323743,49.48198289374609,48.00960722952153,70.83148344250007,50.96835126255378
dataset/archive/Actor_22/03-01-03-01-02-01-22.wav,49.072886941690136,84.94253844141956,61.09418325198688,77.75845419654775,61.70620902987557
dataset/archive/Actor_22/03-01-03-01-02-02-22.wav,88.69216043513231,85.0777675587629,41.2852851104196,53.065620071826075,85.60268880555333
dataset/archive/Actor_22/03-01-03-02-01-01-22.wav,67.89504108656268,49.28532084066229,80.84620240031133,45.46368454155677,77.3923601738064
dataset/archive/Actor_22/03-01-03-02-01-02-22.wav,48.348280042821756,78.20030517901063,65.43791904570202,65.28278644647538,66.38765312908485
dataset/archive/Actor_22/03-01-03-02-02-01-22.wav,61.39340104959463,88.15400693854957,88.64808020913057,74.58677998318979,76.65915667094492
dataset/archive/Actor_22/03-01-03-02-02-02-22.wav,56.760292605372456,88.31844097657608,45.77026948422073,45.72189391630661,84.8187411783837
dataset/archive/Actor_22/03-01-04-01-01-01-22.wav,85.88220753657149,51.391968923969216,62.560465158857724,48.01482369251089,71.99811179718733
dataset/archive/Actor_22/03-01-04-01-01-02-22.wav,55.08712860069507,69.68915291166486,66.72397869206041,66.73295761028851,56.12883336606108
dataset/archive/Actor_22/03-01-04-01-02-01-22.wav,48.54942561651825,61.28329174286863,60.491646180304926,84.59831744713414,78.53381289189309
dataset/archive/Actor_22/03-01-04-01-02-02-22.wav,75.20369167025322,57.51649718238983,72.58756582237493,77.98679996642437,79.06964057588962
dataset/archive/Actor_22/03-01-04-02-01-01-22.wav,82.98999127474164,84.18119438051255,62.43086516932613,67.78915930457292,46.33657078608692
dataset/archive/Actor_22/03-01-04-02-01-02-22.wav,86.72714241987791,85.09123256214949,87.72280991983499,59.1159638249098,71.81100479109097
dataset/archive/Actor_22/03-01-04-02-02-01-22.wav,58.62180903632925,57.32907208932044,53.80071772070077,78.5198107379166,79.13577017601585
dataset/archive/Actor_22/03-01-04-02-02-02-22.wav,71.29810972878609,68.77205242542635,66.3329337503972,54.71440841010955,67.76142417874141
dataset/archive/Actor_22/03-01-05-01-01-01-22.wav,46.813241777172685,76.53577413399333,43.527561870338786,78.29967161850432,70.84051700169692
dataset/archive/Actor_22/03-01-05-01-01-02-22.wav,43.53371478444047,56.875609058309024,44.72415386025808,85.5883147766214,53.337582008419226
dataset/archive/Actor_22/03-01-05-01-02-01-22.wav,74.37209153603062,44.84460673352091,48.37286554010386,82.44152814622926,53.55784164022245
dataset/archive/Actor_22/03-01-05-01-02-02-22.wav,50.73997277589918,66.5739550259849,50.35543698154689,67.6556131838168,42.52737654293607
dataset/archive/Actor_22/03-01-05-02-01-01-22.wav,57.83552196821634,76.75622874474637,79.03238389230839,41.30956253907671,43.57030987116049
dataset/archive/Actor_22/03-01-05-02-01-02-22.wav,59.755282172171505,49.0093199811739,84.27643597048524,50.56229991409746,54.083674352767865
dataset/archive/Actor_22/03-01-05-02-02-01-22.wav,68.3648921327105,49.55115005628284,57.69831408817584,44.670178729912955,56.63788599593664
dataset/archive/Actor_22/03-01-05-02-02-02-22.wav,43.315158515174154,51.449922481531985,50.919890648518205,74.59797876146612,86.79252453364118
dataset/archive/Actor_22/03-01-06-01-01-01-22.wav,76.80965612869728,52.90456543884592,77.98154694701128,66.97941917764618,51.80523550365634
dataset/archive/Actor_22/03-01-06-01-01-02-22.wav,74.74946266894668,83.2018128603583,51.67168555194819,52.09948020211846,80.64108103763971
dataset/archive/Actor_22/03-01-06-01-02-01-22.wav,51.47693631956129,73.72987040299847,44.00227121256534,60.76561730221,83.04436710687474
dataset/archive/Actor_22/03-01-06-01-02-02-22.wav,71.31261048007104,49.4653695533027,71.63384004371231,55.8962023979829,69.48093573632079
dataset/archive/Actor_22/03-01-06-02-01-01-22.wav,43.51498075210183,53.58482083286477,49.23539044375816,58.67083943823741,69.81093717672891
dataset/archive/Actor_22/03-01-06-02-01-02-22.wav,70.14634066842248,44.55064578087575,47.7232643475779,53.715857201871415,52.6281914876869
dataset/archive/Actor_22/03-01-06-02-02-01-22.wav,42.28484376641711,66.36429145936316,78.59357821712217,89.80838193312165,89.35883210566948
dataset/archive/Actor_22/03-01-06-02-02-02-22.wav,62.88815213511391,63.4074743840944,46.54564233403372,89.0764601838867,50.373932858815756
dataset/archive/Actor_22/03-01-07-01-01-01-22.wav,88.69374580991874,84.58205521286347,42.4734195067443,47.540173635175854,61.85094350983981
dataset/archive/Actor_22/03-01-07-01-01-02-22.wav,70.43368634095523,70.24697627256535,41.9796082233444,85.5992447232383,41.07859165532599
dataset/archive/Actor_22/03-01-07-01-02-01-22.wav,67.06294677717673,86.7136448126912,85.39105814677157,82.61564359760955,83.40458808040245
dataset/archive/Actor_22/03-01-07-01-02-02-22.wav,85.74256109979899,46.32826557536193,88.92982741620824,84.47993338643116,64.43133790369365
dataset/archive/Actor_22/03-01-07-02-01-01-22.wav,88.68773910818629,58.26979256489301,44.1381109494505,76.30674392771019,78.06472503259309
dataset/archive/Actor_22/03-01-07-02-01-02-22.wav,57.720976255223476,87.6005200294297,82.01304990841345,79.43083277698165,45.9084119206708
dataset/archive/Actor_22/03-01-07-02-02-01-22.wav,64.90431114643474,52.91518214663102,77.30413394550348,50.97034745567338,60.56371993063791
dataset/archive/Actor_22/03-01-07-02-02-02-22.wav,41.186205434809814,86.65021522162338,84.15182764776534,86.72800494957806,43.120101179636166
dataset/archive/Actor_22/03-01-08-01-01-01-22.wav,49.67107692627423,57.11430185311983,83.61793311893211,70.7909683753882,62.99940304509234
dataset/archive/Actor_22/03-01-08-01-01-02-22.wav,59.402744791870475,59.82275279726667,82.36670835086689,55.15868973291633,60.605242689215316
dataset/archive/Actor_22/03-01-08-01-02-01-22.wav,54.379322295675664,46.14504338081882,58.15911906014923,50.09054759314621,57.56659220013745
dataset/archive/Actor_22/03-01-08-01-02-02-22.wav,58.96232780069785,41.48915336390765,49.87911567428996,42.70835379251333,58.339693978783906
dataset/archive/Actor_22/03-01-08-02-01-01-22.wav,88.86389316125593,48.171064271739404,40.541246984831645,55.347099454505866,78.69321524807654
dataset/archive/Actor_22/03-01-08-02-01-02-22.wav,49.1354423562871,82.08615754882419,52.631925709617335,47.4533833658669,75.85049208079624
dataset/archive/Actor_22/03-01-08-02-02-01-22.wav,72.8767149233361,74.3671195012756,79.2824688209104,79.2616443316995,45.592379657090454
dataset/archive/Actor_22/03-01-08-02-02-02-22.wav,76.0182379495898,51.43241422209057,83.87843712712609,80.84567128308535,56.29256108878086
dataset/archive/Actor_23/03-01-01-01-01-01-23.wav,42.933208684507534,43.99598059367946,52.88944005072813,47.27034410622533,57.14898525306443
dataset/archive/Actor_23/03-01-01-01-01-02-23.wav,66.93975557976432,51.87000918806284,86.28307855179415,69.9029884548149,48.83998458395693
dataset/archive/Actor_23/03-01-01-01-02-01-23.wav,54.553693220858364,47.38490751425349,82.00530901076512,74.04329651129841,46.71049654951176
dataset/archive/Actor_23/03-01-01-01-02-02-23.wav,74.4276729518464,79.55641979273902,66.46880440084136,56.215595471870586,89.09108091084683
dataset/archive/Actor_23/03-01-02-01-01-01-23.wav,84.1784635965222,68.56027603875171,79.00197751974531,63.79636713778379,89.25374475686516
dataset/archive/Actor_23/03-01-02-01-01-02-23.wav,53.746507083919596,56.31299730212802,40.201545450556836,47.69479917286246,68.90745746745463
dataset/archive/Actor_23/03-01-02-01-02-01-23.wav,49.693850463314256,58.32630167396079,40.997710413688694,81.74920473674149,50.80495189950394
dataset/archive/Actor_23/03-01-02-01-02-02-23.wav,84.37437782200331,75.68464433540662,66.57814035102078,68.43688332400254,72.60419093534745
dataset/archive/Actor_23/03-01-02-02-01-01-23.wav,52.05336994233626,59.88541955034371,82.20411697620783,74.46057469808954,40.25803502610462
dataset/archive/Actor_23/03-01-02-02-01-02-23.wav,74.58383003615104,47.968197820829374,75.8774616572545,69.41773418641031,78.46792370951331
dataset/archive/Actor_23/03-01-02-02-02-01-23.wav,61.11947497908856,77.4345139979589,61.777192861890825,63.731601215339005,63.33827155516508
dataset/archive/Actor_23/03-01-02-02-02-02-23.wav,76.4632237878933,76.6000279137748,66.77781936944979,41.85207222424341,80.90216788692588
dataset/archive/Actor_23/03-01-03-01-01-01-23.wav,76.94001914631349,68.9053692964589,60.94532443097165,40.68465794441218,79.0429064006449
dataset/archive/Actor_23/03-01-03-01-01-02-23.wav,73.3374379462341,87.31877433717221,79.65282526589185,41.73176522913753,66.4537909497342
dataset/archive/Actor_23/03-01-03-01-02-01-23.wav,68.35679878468552,79.99234971366151,78.72901456363127,45.784850514051136,44.67458649097886
dataset/archive/Actor_23/03-01-03-01-02-02-23.wav,75.37876456818867,88.50839480509222,49.874415242868864,48.239267928090804,89.76633485363595
dataset/archive/Actor_23/03-01-03-02-01-01-23.wav,77.62020137513274,82.42548363860824,89.50896061227411,68.34983609708917,72.01016890794762
dataset/archive/Actor_23/03-01-03-02-01-02-23.wav,54.56667031256974,77.6282932466759,74.22059418594822,57.65209282324048,43.5953689944307
dataset/archive/Actor_23/03-01-03-02-02-01-23.wav,77.484206870702,40.734541734037755,81.79645478707998,81.95252539224475,64.06800648616019
dataset/archive/Actor_23/03-01-03-02-02-02-23.wav,70.26315230633986,77.33537397644456,64.06023685837954,44.81657714058048,76.44037557784159
dataset/archive/Actor_23/03-01-04-01-01-01-23.wav,45.75247025511021,44.60613792389336,43.2866397332039,59.721658691462686,64.88553179453623
dataset/archive/Actor_23/03-01-04-01-01-02-23.wav,41.16426212492261,74.81829995406778,88.14787109319637,54.9218936234802,79.82112947209279
dataset/archive/Actor_23/03-01-04-01-02-01-23.wav,68.33847858621142,52.11848273202042,86.76056431177932,74.55967398842941,66.457586011389
dataset/archive/Actor_23/03-01-04-01-02-02-23.wav,56.52582558812834,72.26265407997994,42.743062082960584,40.6589501957925,69.32497346077929
dataset/archive/Actor_23/03-01-04-02-01-01-23.wav,73.71044908424712,40.97379684467002,53.41128730362762,52.59766637206291,46.02217942766176
dataset/archive/Actor_23/03-01-04-02-01-02-23.wav,67.34719057767204,41.24250791377259,52.35038882672191,43.62646753923784,58.909764198096994
dataset/archive/Actor_23/03-01-04-02-02-01-23.wav,49.417656895175995,81.9035735263367,69.86983722663715,70.1096941142226,48.75323842289526
dataset/archive/Actor_23/03-01-04-02-02-02-23.wav,86.02268303970655,44.006005203651874,64.6507700953403,51.295479895115314,68.88028338793787
dataset/archive/Actor_23/03-01-05-01-01-01-23.wav,61.97138985421852,65.17268972017688,86.18223149708317,87.28951256535014,85.1791080174876
dataset/archive/Actor_23/03-01-05-01-01-02-23.wav,50.869280683476795,67.99804362766305,46.50182585482886,47.15146417670917,51.01478095830814
dataset/archive/Actor_23/03-01-05-01-02-01-23.wav,67.37356746938775,58.64517722492508,58.337921911754094,82.37511279860118,49.91650384365328
dataset/archive/Actor_23/03-01-05-01-02-02-23.wav,72.51447845169128,65.97851710827223,74.39724999945562,71.04852582363603,69.99425113131846
dataset/archive/Actor_23/03-01-05-02-01-01-23.wav,81.08257040836209,57.96755163710529,44.34060386999295,51.28858245342508,63.71070415655848
dataset/archive/Actor_23/03-01-05-02-01-02-23.wav,68.71862429137292,86.66986600521061,63.917335250126776,71.4014567770704,81.43365371341957
dataset/archive/Actor_23/03-01-05-02-02-01-23.wav,53.93902261505199,64.90011415026302,75.9402472609863,55.016481127877505,43.670935594366064
dataset/archive/Actor_23/03-01-05-02-02-02-23.wav,71.22159169955094,86.78115742463447,41.180386481289375,52.471784809514354,89.00063766263926
dataset/archive/Actor_23/03-01-06-01-01-01-23.wav,48.455888688484336,52.67461737049931,45.04923651998191,43.26111476547843,81.64074742134108
dataset/archive/Actor_23/03-01-06-01-01-02-23.wav,75.30773799817274,58.44024522077244,89.46173807397852,60.367898907148856,88.17808909430408
dataset/archive/Actor_23/03-01-06-01-02-01-23.wav,46.60871012829965,42.75431038982667,81.90527939731021,47.41847356370488,85.98199641438805
dataset/archive/Actor_23/03-01-06-01-02-02-23.wav,59.464734123784524,56.78812417344061,51.3016141306767,89.3721966500374,72.07268878532824
dataset/archive/Actor_23/03-01-06-02-01-01-23.wav,46.384095003322024,88.14520416776584,42.39416752030554,53.41403098146876,53.83840796777812
dataset/archive/Actor_23/03-01-06-02-01-02-23.wav,72.38116321430451,68.1833515706878,87.78123682184751,74.83301315405069,45.693554827733
dataset/archive/Actor_23/03-01-06-02-02-01-23.wav,69.40192209288817,86.91464138213644,87.74960988019049,53.815956477400746,59.41239248725506
dataset/archive/Actor_23/03-01-06-02-02-02-23.wav,43.857585446940256,53.115198757272594,78.3245345322299,53.230475698325705,41.6957380557535
dataset/archive/Actor_23/03-01-07-01-01-01-23.wav,84.56078739240058,41.26430418421779,56.157483178041076,70.4047928271053,65.24539974609459
dataset/archive/Actor_23/03-01-07-01-01-02-23.wav,57.50606327365037,65.98921923680007,58.281045928012844,60.539219557595274,43.478485873925536
dataset/archive/Actor_23/03-01-07-01-02-01-23.wav,53.792019733274856,52.20687544187101,61.296116634274966,70.15573689351635,80.8755633381557
dataset/archive/Actor_23/03-01-07-01-02-02-23.wav,47.78520618958672,41.64826646309421,66.71489579132252,80.01687666585661,82.86287343738894
dataset/archive/Actor_23/03-01-07-02-01-01-23.wav,67.41014583119832,69.75831913432472,80.32617496278283,60.36035850555196,79.19580791172643
dataset/archive/Actor_23/03-01-07-02-01-02-23.wav,58.57666839697518,52.087923445208844,58.44139932129631,78.67635171549705,46.559099018459065
dataset/archive/Actor_23/03-01-07-02-02-01-23.wav,70.72884155432838,78.62650393721307,40.676964235677076,80.1831900816859,84.10354593687663
dataset/archive/Actor_23/03-01-07-02-02-02-23.wav,69.82436138840436,67.39498620118857,89.37811766327142,43.08227704488412,74.24815063541307
dataset/archive/Actor_23/03-01-08-01-01-01-23.wav,82.21485689639891,50.41559851807217,45.06979199324329,80.86073268579841,43.92278814693291
dataset/archive/Actor_23/03-01-08-01-01-02-23.wav,85.03767752335132,48.88416160232132,53.49235127802443,57.20265005543581,73.29243221463472
dataset/archive/Actor_23/03-01-08-01-02-01-23.wav,66.93042796450257,73.37368551986052,77.03464816587447,65.72030994463844,70.5031766036114
dataset/archive/Actor_23/03-01-08-01-02-02-23.wav,41.27295715665966,40.52099112111911,86.30681227587553,82.2075955016879,72.43021907162023
dataset/archive/Actor_23/03-01-08-02-01-01-23.wav,71.58799813884377,71.40250207318564,85.77694996284966,66.61177666568737,80.42961731399112
dataset/archive/Actor_23/03-01-08-02-01-02-23.wav,77.92333664653219,86.54459517037719,66.63543490479626,55.501727949760294,61.38841276777346
dataset/archive/Actor_23/03-01-08-02-02-01-23.wav,57.32053426805889,48.142814775295506,63.02191017789851,87.7476018533035,76.29529840136655
dataset/archive/Actor_23/03-01-08-02-02-02-23.wav,76.4744275644081,61.86714610779394,84.2252243096797,61.91384804189128,54.65038261021594
dataset/archive/Actor_24/03-01-01-01-01-01-24.wav,56.63179399997037,55.52671853732811,88.66106761752997,45.61828090589771,56.850407742758875
dataset/archive/Actor_24/03-01-01-01-01-02-24.wav,41.80423972273607,63.32819172398228,84.05499255060752,74.16712023991349,74.36815140211715
dataset/archive/Actor_24/03-01-01-01-02-01-24.wav,88.92097029693277,65.53663851682911,61.178787562168026,49.264782738824294,62.72695889763627
dataset/archive/Actor_24/03-01-01-01-02-02-24.wav,83.3789808842867,65.1168432513132,54.67538672098858,58.41748977259825,49.18006758249055
dataset/archive/Actor_24/03-01-02-01-01-01-24.wav,57.38842454844941,50.402086671496505,60.91358715452025,78.71099013417461,47.30174365527879
dataset/archive/Actor_24/03-01-02-01-01-02-24.wav,58.14794466891901,48.42327828873731,49.61883543964218,67.53534864318011,52.16350210006861
dataset/archive/Actor_24/03-01-02-01-02-01-24.wav,50.24226969239918,89.93183697705672,85.73332185602752,63.541600072544625,57.262378998898186
dataset/archive/Actor_24/03-01-02-01-02-02-24.wav,68.36572989668703,77.39286894356457,60.06525362921373,69.61102713087935,84.41934424751787
dataset/archive/Actor_24/03-01-02-02-01-01-24.wav,80.95599292737415,67.24282459463357,68.45324632414932,56.874377747331124,68.10918864205566
dataset/archive/Actor_24/03-01-02-02-01-02-24.wav,63.84343862593501,61.298860170802115,75.72822893969034,68.27078286934106,56.296710268545894
dataset/archive/Actor_24/03-01-02-02-02-01-24.wav,78.2746591009047,84.40444409720183,82.94246093957535,67.45858512465932,44.53159257296055
dataset/archive/Actor_24/03-01-02-02-02-02-24.wav,52.47549109074657,54.58846574194701,69.93653594517157,72.10179914594897,66.45755918228357
dataset/archive/Actor_24/03-01-03-01-01-01-24.wav,66.11244456379572,77.5011882261382,47.36032130774599,41.35077481088964,66.7387072806596
dataset/archive/Actor_24/03-01-03-01-01-02-24.wav,88.88289022287549,74.95658096870191,79.26332385854522,60.683381687451025,61.80601064079502
dataset/archive/Actor_24/03-01-03-01-02-01-24.wav,85.34321312563483,81.77865004079416,76.50525817789713,51.29632247463681,76.40268634430318
dataset/archive/Actor_24/03-01-03-01-02-02-24.wav,86.07601394656076,47.222021315324625,72.67271065566413,72.2979449429808,80.44817810361118
dataset/archive/Actor_24/03-01-03-02-01-01-24.wav,60.55712284413708,62.89422931692685,81.81969569888406,64.41681129877395,78.42964724666656
dataset/archive/Actor_24/03-01-03-02-01-02-24.wav,79.48532594470741,82.12098658186524,65.01347691676091,43.09052148691857,87.58713193825713
dataset/archive/Actor_24/03-01-03-02-02-01-24.wav,86.3101379832224,46.39599205027584,41.14419007367226,54.458896363062735,46.443535474308554
dataset/archive/Actor_24/03-01-03-02-02-02-24.wav,44.143164064572815,82.10075643106647,45.28760465200454,65.21078729841176,50.55790864404481
dataset/archive/Actor_24/03-01-04-01-01-01-24.wav,82.03942355173614,53.52940097883504,88.9013727254991,62.475218688081966,73.88887313237885
dataset/archive/Actor_24/03-01-04-01-01-02-24.wav,67.18756062324391,43.17069844491108,40.47528528343426,57.0401530968296,43.55155348617232
dataset/archive/Actor_24/03-01-04-01-02-01-24.wav,46.13316929133687,70.44755107156536,61.606087677547904,80.24992698571147,61.64237624570919
dataset/archive/Actor_24/03-01-04-01-02-02-24.wav,84.16979827642314,73.38265729656098,60.0714323123388,66.47252193523485,55.79328620201794
dataset/archive/Actor_24/03-01-04-02-01-01-24.wav,57.08381657027033,81.42682831500665,55.94039402254083,81.45970834909696,89.05189478429594
dataset/archive/Actor_24/03-01-04-02-01-02-24.wav,78.31209000130661,45.60320800793531,76.04650362262483,44.328942182111525,84.17873672828767
dataset/archive/Actor_24/03-01-04-02-02-01-24.wav,63.49998545088638,52.31520723456852,68.95926545242128,86.54047371152866,85.2091448980386
dataset/archive/Actor_24/03-01-04-02-02-02-24.wav,68.93731152122929,81.65796652103143,89.70064685929117,78.77867171332434,83.00122883200365
dataset/archive/Actor_24/03-01-05-01-01-01-24.wav,51.47234829459411,51.29338409607125,78.90234567813064,60.08031028481567,45.098558841439505
dataset/archive/Actor_24/03-01-05-01-01-02-24.wav,50.72338441389232,70.06108115825866,85.08450783118306,47.99673155325686,74.22579093395944
dataset/archive/Actor_24/03-01-05-01-02-01-24.wav,76.69220802237118,54.031322225080736,89.65200565281499,69.06544735910867,69.11174778716203
dataset/archive/Actor_24/03-01-05-01-02-02-24.wav,70.39702421809497,58.700020795818844,85.51336178141072,58.12714204182852,66.48814860360876
dataset/archive/Actor_24/03-01-05-02-01-01-24.wav,70.73858608013634,71.37223174734196,52.0631513128057,70.76314628597945,60.19773544395745
dataset/archive/Actor_24/03-01-05-02-01-02-24.wav,83.9934091712385,68.64855415531036,51.75968388002299,52.220069812180135,88.74828894729664
dataset/archive/Actor_24/03-01-05-02-02-01-24.wav,46.24443060830502,87.81288647383869,46.55302861642222,80.65370468522418,74.65996244465168
dataset/archive/Actor_24/03-01-05-02-02-02-24.wav,68.920947290406,62.528913596460825,62.467978089042006,53.68979136762394,82.97250455703052
dataset/archive/Actor_24/03-01-06-01-01-01-24.wav,49.33692540597341,44.541150885917354,41.65381273270801,64.39101199652713,60.01294820434693
dataset/archive/Actor_24/03-01-06-01-01-02-24.wav,58.49056976678691,77.41889140702466,76.10928387442891,47.085626690102245,64.73887380921278
dataset/archive/Actor_24/03-01-06-01-02-01-24.wav,78.40446057206103,83.75308063659588,86.9382922430498,85.86342699668373,51.666299946278755
dataset/archive/Actor_24/03-01-06-01-02-02-24.wav,56.18934599322209,86.44794901174961,70.03310443893685,64.58093106561833,71.92915131199729
dataset/archive/Actor_24/03-01-06-02-01-01-24.wav,49.021630553781804,89.21022399451337,47.22392860195912,78.73686708610734,62.85822644242363
dataset/archive/Actor_24/03-01-06-02-01-02-24.wav,49.432337810080696,89.03677336258616,63.421604661210786,60.662086383925214,53.81585845838015
dataset/archive/Actor_24/03-01-06-02-02-01-24.wav,56.75941883863082,61.34060276956491,74.8203432438983,58.078811629692694,52.33341990980727
dataset/archive/Actor_24/03-01-06-02-02-02-24.wav,50.43417399619145,67.4607846682513,84.78948073021712,60.00765162728279,53.33809945578759
dataset/archive/Actor_24/03-01-07-01-01-01-24.wav,42.36213861709052,66.0514618177761,67.8212343671022,79.25041657654052,41.89852832388825
dataset/archive/Actor_24/03-01-07-01-01-02-24.wav,78.13542569159081,82.10921522085088,64.1104624365064,64.74742991635952,87.37787584805228
dataset/archive/Actor_24/03-01-07-01-02-01-24.wav,62.466425687826614,49.67771911692975,61.92562437721614,53.51645019717746,41.37862077514536
dataset/archive/Actor_24/03-01-07-01-02-02-24.wav,84.84012004911196,64.02764970049219,61.7151581286699,68.0759889795666,79.32754923937773
dataset/archive/Actor_24/03-01-07-02-01-01-24.wav,68.56923947460109,58.8485531706572,78.41874935774825,72.13826317257126,42.99297569026876
dataset/archive/Actor_24/03-01-07-02-01-02-24.wav,67.08695571017844,61.448293767387106,58.97838511186063,63.12657105292175,74.00549026467532
dataset/archive/Actor_24/03-01-07-02-02-01-24.wav,76.02063463334568,89.24661374876239,78.76934201442111,64.71247259493528,41.41809409110573
dataset/archive/Actor_24/03-01-07-02-02-02-24.wav,81.91094657642557,73.6247353165607,85.98179081926125,86.3021102810909,78.92153041690443
dataset/archive/Actor_24/03-01-08-01-01-01-24.wav,72.71485557999299,77.24917720776128,71.07890113793681,45.54816719704351,68.46329640870377
dataset/archive/Actor_24/03-01-08-01-01-02-24.wav,49.68083569722221,82.3438389437502,86.92136584403872,48.557546922497096,45.819491349456634
dataset/archive/Actor_24/03-01-08-01-02-01-24.wav,83.00665701912915,66.78240331690012,86.23271733940373,43.321066985390146,74.02822736459433
dataset/archive/Actor_24/03-01-08-01-02-02-24.wav,40.52081590436233,51.68955260870007,40.176220939561105,41.595507141185706,85.92675441769681
dataset/archive/Actor_24/03-01-08-02-01-01-24.wav,71.51810363105535,40.886311189475606,43.29655221035885,77.13571601055914,41.739173614346164
dataset/archive/Actor_24/03-01-08-02-01-02-24.wav,82.04091040356988,75.58804987105441,48.37214804127835,51.867612948479774,72.58147720252336
dataset/archive/Actor_24/03-01-08-02-02-01-24.wav,82.4978189166064,72.93497757015655,65.32838011952855,62.97342402495687,88.52022636731945
dataset/archive/Actor_24/03-01-08-02-02-02-24.wav,80.28596577601238,62.564072575418706,48.4335446167896,84.0172720151286,41.862498115804264
dataset/archive/audio_speech_actors_01-24/Actor_01/03-01-01-01-01-01-01.wav,74.41318948193069,75.27781888724684,42.736275788386486,65.9811577562805,78.90684730851416
dataset/archive/audio_speech_actors_01-24/Actor_01/03-01-01-01-01-02-01.wav,54.47954671976253,40.712947868556455,77.59171189219487,59.39556778946279,71.10899956220436
dataset/archive/audio_speech_actors_01-24/Actor_01/03-01-01-01-02-01-01.wav,57.67760402105171,81.7965294024257,88.20275190310778,71.04019678948161,47.25210806471795
dataset/archive/audio_speech_actors_01-24/Actor_01/03-01-01-01-02-02-01.wav,85.60198363045609,53.84930921438063,77.60479403050815,65.71263098621489,65.13405769955489
dataset/archive/audio_speech_actors_01-24/Actor_01/03-01-02-01-01-01-01.wav,44.92804656253878,71.7999760974965,87.23328873564591,70.99628939603795,76.95871133483334
dataset/archive/audio_speech_actors_01-24/Actor_01/03-01-02-01-01-02-01.wav,87.88921334073875,76.58264766998428,65.0410704930114,63.60558288372626,52.989193742509684
dataset/archive/audio_speech_actors_01-24/Actor_01/03-01-02-01-02-01-01.wav,53.09432112690443,61.83111373370002,46.587679796869395,59.034408906086576,80.55377717329648
dataset/archive/audio_speech_actors_01-24/Actor_01/03-01-02-01-02-02-01.wav,55.8886078557654,46.01358218786326,62.77918359895093,72.05603961519341,44.8971818390442
dataset/archive/audio_speech_actors_01-24/Actor_01/03-01-02-02-01-01-01.wav,74.45048002325164,77.83320944382024,52.30596704415275,65.03331431549425,45.490830981995906
dataset/archive/audio_speech_actors_01-24/Actor_01/03-01-02-02-01-02-01.wav,60.603440277647785,44.44776667702113,88.3030508753948,76.33348009565685,68.2151298353338
dataset/archive/audio_speech_actors_01-24/Actor_01/03-01-02-02-02-01-01.wav,45.26770861472463,55.104494586166474,43.32352366017313,44.09566934726068,44.215314096381725
dataset/archive/audio_speech_actors_01-24/Actor_01/03-01-02-02-02-02-01.wav,80.63225933462567,65.69904689509346,51.87356191088229,75.60269615275101,71.29732870275343
dataset/archive/audio_speech_actors_01-24/Actor_01/03-01-03-01-01-01-01.wav,45.281115526357276,88.15840526774713,45.79145740313913,75.17897633416943,42.32819220513336
dataset/archive/audio_speech_actors_01-24/Actor_01/03-01-03-01-01-02-01.wav,52.30325867461865,41.07682735609539,67.99427222271888,71.5066441057565,88.25940995181712
dataset/archive/audio_speech_actors_01-24/Actor_01/03-01-03-01-02-01-01.wav,53.41607974730252,80.13323652552967,62.42105864547197,58.69385356347941,75.65418873343143
dataset/archive/audio_speech_actors_01-24/Actor_01/03-01-03-01-02-02-01.wav,71.39606916884966,83.17085882831302,64.90589913305467,73.4625720782074,76.64678881926567
dataset/archive/audio_speech_actors_01-24/Actor_01/03-01-03-02-01-01-01.wav,72.06987991065334,42.42928938410033,82.31032167130134,41.39021808894101,66.9628377554388
dataset/archive/audio_speech_actors_01-24/Actor_01/03-01-03-02-01-02-01.wav,41.10823339119362,62.75102201205445,57.44005613013431,79.89924353456036,44.399922724993544
dataset/archive/audio_speech_actors_01-24/Actor_01/03-01-03-02-02-01-01.wav,56.350606147275485,72.883455482525,75.58859571991505,55.40484744305355,74.25101726152278
dataset/archive/audio_speech_actors_01-24/Actor_01/03-01-03-02-02-02-01.wav,57.32534376478391,47.228002204217184,88.35114414566446,73.15935808643664,72.17630901260577
dataset/archive/audio_speech_actors_01-24/Actor_01/03-01-04-01-01-01-01.wav,67.41732397263043,80.6293931173486,48.94947368137032,68.78082875219569,88.21791091241253
dataset/archive/audio_speech_actors_01-24/Actor_01/03-01-04-01-01-02-01.wav,44.18218486638045,66.6939272895222,54.22887631513473,65.29844291076084,81.85660664703659
dataset/archive/audio_speech_actors_01-24/Actor_01/03-01-04-01-02-01-01.wav,63.55498982151023,50.37498027968981,87.59570461216376,75.96737803972891,67.71670413299768
dataset/archive/audio_speech_actors_01-24/Actor_01/03-01-04-01-02-02-01.wav,55.18238514808927,68.74952413701413,64.3988413097629,88.29972469283746,85.86653109884446
dataset/archive/audio_speech_actors_01-24/Actor_01/03-01-04-02-01-01-01.wav,57.31103935546129,59.4885509382071,72.89052209897233,88.34511359177027,40.48700891280143
dataset/archive/audio_speech_actors_01-24/Actor_01/03-01-04-02-01-02-01.wav,59.297688047480165,80.0131865029099,88.51119563448083,63.40061446875933,71.25411476581687
dataset/archive/audio_speech_actors_01-24/Actor_01/03-01-04-02-02-01-01.wav,46.57752973395742,87.36774854806629,80.59047782636448,87.98325097405154,79.46244530565532
dataset/archive/audio_speech_actors_01-24/Actor_01/03-01-04-02-02-02-01.wav,70.12647066439513,85.88992271258705,56.41253677934225,44.83869872569823,42.00351970615479
dataset/archive/audio_speech_actors_01-24/Actor_01/03-01-05-01-01-01-01.wav,56.556786013693454,78.37709525565444,89.3589881941931,75.56333135632937,86.9404180509529
dataset/archive/audio_speech_actors_01-24/Actor_01/03-01-05-01-01-02-01.wav,60.06201513489712,48.39791424752006,73.16932468114203,72.72309267820071,79.32794499167923
dataset/archive/audio_speech_actors_01-24/Actor_01/03-01-05-01-02-01-01.wav,84.61955141575109,76.41800182424276,52.930264085690574,78.90367150610123,50.62784422982895
dataset/archive/audio_speech_actors_01-24/Actor_01/03-01-05-01-02-02-01.wav,75.45433663641667,67.08357536193208,45.59456000411422,70.40260433889145,77.22614970256566
dataset/archive/audio_speech_actors_01-24/Actor_01/03-01-05-02-01-01-01.wav,51.831736651292864,79.31605101626486,60.46990018229287,46.87052581659475,78.02493756156579
dataset/archive/audio_speech_actors_01-24/Actor_01/03-01-05-02-01-02-01.wav,87.82388391452372,42.081728463278786,56.28074343396541,88.86129556072615,81.40531836776874
dataset/archive/audio_speech_actors_01-24/Actor_01/03-01-05-02-02-01-01.wav,56.38159359567635,52.76589715850358,40.63578972619195,50.23882501323577,70.16419967096289
dataset/archive/audio_speech_actors_01-24/Actor_01/03-01-05-02-02-02-01.wav,76.34087058173986,79.88575802195854,41.24911680090863,49.07907582196124,51.60437001052465
dataset/archive/audio_speech_actors_01-24/Actor_01/03-01-06-01-01-01-01.wav,80.10891753974693,75.04173050380254,50.39478222480497,64.07937389961839,50.862113680878075
dataset/archive/audio_speech_actors_01-24/Actor_01/03-01-06-01-01-02-01.wav,40.8155630711417,61.1937753837385,80.5140547507247,85.12168298506457,57.38378252310606
dataset/archive/audio_speech_actors_01-24/Actor_01/03-01-06-01-02-01-01.wav,79.95790224949997,73.490181752508,79.55924967438865,60.23375571796418,40.87926952004309
dataset/archive/audio_speech_actors_01-24/Actor_01/03-01-06-01-02-02-01.wav,73.1594500653776,54.55169285100723,46.40217404590983,58.8880021000539,72.86730004791889
dataset/archive/audio_speech_actors_01-24/Actor_01/03-01-06-02-01-01-01.wav,62.70599974434201,73.2850558522789,80.98282526086021,84.84013794049146,66.0035761089969
dataset/archive/audio_speech_actors_01-24/Actor_01/03-01-06-02-01-02-01.wav,82.39195639007129,55.2911951055774,85.0647234275457,85.20561753424403,88.96850905992423
dataset/archive/audio_speech_actors_01-24/Actor_01/03-01-06-02-02-01-01.wav,41.20199358934981,63.67628617792368,54.08547877701453,74.74730827639655,82.9822260046796
dataset/archive/audio_speech_actors_01-24/Actor_01/03-01-06-02-02-02-01.wav,89.84010348082805,84.25034522822273,48.546208999892414,79.76036617555837,48.955347389104524
dataset/archive/audio_speech_actors_01-24/Actor_01/03-01-07-01-01-01-01.wav,82.63941899406586,75.27847582868306,84.31466130606759,41.61310878671747,50.77607012475072
dataset/archive/audio_speech_actors_01-24/Actor_01/03-01-07-01-01-02-01.wav,85.97934911838541,52.88423723298766,86.09669352166797,42.17215518915606,52.483136118347446
dataset/archive/audio_speech_actors_01-24/Actor_01/03-01-07-01-02-01-01.wav,65.2623701098092,74.41153566800443,61.61624373131125,89.41287535119788,70.46270281906686
dataset/archive/audio_speech_actors_01-24/Actor_01/03-01-07-01-02-02-01.wav,65.01721818502162,67.61995105642112,88.4589246944033,50.83046645762724,81.41579208427171
dataset/archive/audio_speech_actors_01-24/Actor_01/03-01-07-02-01-01-01.wav,48.52535383546248,78.74614502029587,53.33819052782402,61.85418892861203,73.69066215763857
dataset/archive/audio_speech_actors_01-24/Actor_01/03-01-07-02-01-02-01.wav,64.75166445527205,63.7238795589348,53.45683940757208,81.79648749231725,72.29421297127995
dataset/archive/audio_speech_actors_01-24/Actor_01/03-01-07-02-02-01-01.wav,52.42358014172785,83.31285020093085,75.70676533225536,63.59004431973261,87.83812505095582
dataset/archive/audio_speech_actors_01-24/Actor_01/03-01-07-02-02-02-01.wav,45.94445893181984,55.99317464881468,68.303746575132,82.32662547468433,67.63820378143288
dataset/archive/audio_speech_actors_01-24/Actor_01/03-01-08-01-01-01-01.wav,42.4941821827994,76.26066983418464,89.44378150191974,88.01938750517172,64.75035861268833
dataset/archive/audio_speech_actors_01-24/Actor_01/03-01-08-01-01-02-01.wav,81.06859171421524,45.573081902072516,86.76723725782519,45.448464956356425,60.569492450375535
dataset/archive/audio_speech_actors_01-24/Actor_01/03-01-08-01-02-01-01.wav,78.34138088411716,59.75673540508986,81.08250557512596,76.63618428491705,89.58031119533489
dataset/archive/audio_speech_actors_01-24/Actor_01/03-01-08-01-02-02-01.wav,64.78784245769444,47.415680609991846,83.55564582006258,44.47851313769267,50.52260422019263
dataset/archive/audio_speech_actors_01-24/Actor_01/03-01-08-02-01-01-01.wav,58.3497534087239,89.61062292647665,88.81588688252975,55.818659421309256,50.68023416333096
dataset/archive/audio_speech_actors_01-24/Actor_01/03-01-08-02-01-02-01.wav,72.83149338556996,44.19807528539697,48.84164641156669,72.01452202658453,41.101938460835214
dataset/archive/audio_speech_actors_01-24/Actor_01/03-01-08-02-02-01-01.wav,89.85424100044057,81.81596474590845,53.44347744439056,89.8949416594628,61.836632593157844
dataset/archive/audio_speech_actors_01-24/Actor_01/03-01-08-02-02-02-01.wav,80.70260427413909,87.14116319294621,74.35846708513952,57.2806180048881,78.13983042919203
dataset/archive/audio_speech_actors_01-24/Actor_02/03-01-01-01-01-01-02.wav,87.23857503600017,73.38655929854764,57.57257694999354,41.703456448425996,41.99872340780683
dataset/archive/audio_speech_actors_01-24/Actor_02/03-01-01-01-01-02-02.wav,77.95978250490646,75.56675033666048,77.43009468767599,70.41866389108061,80.30403748597814
dataset/archive/audio_speech_actors_01-24/Actor_02/03-01-01-01-02-01-02.wav,79.23446534488329,78.79255121998561,66.09325098947308,58.395213280052985,53.40895899230288
dataset/archive/audio_speech_actors_01-24/Actor_02/03-01-01-01-02-02-02.wav,48.39484163682295,86.09760291336401,83.25833927829271,65.18570544370748,82.14371626074168
dataset/archive/audio_speech_actors_01-24/Actor_02/03-01-02-01-01-01-02.wav,80.31314375447955,81.61511918891622,41.050788869409466,74.5981137598554,62.51197009112226
dataset/archive/audio_speech_actors_01-24/Actor_02/03-01-02-01-01-02-02.wav,53.31502193458856,89.96168981483896,45.371335892759724,70.28865079705095,44.3186181736041
dataset/archive/audio_speech_actors_01-24/Actor_02/03-01-02-01-02-01-02.wav,76.75642447264732,89.34522122312728,53.598370904891226,60.079110209029814,68.71224517312484
dataset/archive/audio_speech_actors_01-24/Actor_02/03-01-02-01-02-02-02.wav,45.96697737772995,81.17690494658831,81.98027676026649,89.71329675160555,71.15402248782831
dataset/archive/audio_speech_actors_01-24/Actor_02/03-01-02-02-01-01-02.wav,49.08345228546254,50.535600479647286,47.51179753808391,49.262453598851806,41.541361659155456
dataset/archive/audio_speech_actors_01-24/Actor_02/03-01-02-02-01-02-02.wav,66.24398878742406,55.035450098251374,61.93509698622067,61.74756288545636,55.565492610998746
dataset/archive/audio_speech_actors_01-24/Actor_02/03-01-02-02-02-01-02.wav,79.53117397982123,87.27836398455366,85.3719009911662,53.47261767101986,64.82358494605973
dataset/archive/audio_speech_actors_01-24/Actor_02/03-01-02-02-02-02-02.wav,67.88122960076268,42.794497634803015,79.73761240259648,84.95314228810935,86.68857049277948
dataset/archive/audio_speech_actors_01-24/Actor_02/03-01-03-01-01-01-02.wav,42.94095047052074,42.59055567964907,68.00606201471605,67.9778491248992,49.53064322835451
dataset/archive/audio_speech_actors_01-24/Actor_02/03-01-03-01-01-02-02.wav,77.02106773547794,45.642504838770584,72.06614429600391,60.96101691913891,71.05803491482285
dataset/archive/audio_speech_actors_01-24/Actor_02/03-01-03-01-02-01-02.wav,49.147102967951085,80.91049870201425,46.83247294680879,61.47262613812649,61.915766475947486
dataset/archive/audio_speech_actors_01-24/Actor_02/03-01-03-01-02-02-02.wav,88.89427898625287,46.69721303010284,74.3363731735476,69.71968794844949,40.50630805446987
dataset/archive/audio_speech_actors_01-24/Actor_02/03-01-03-02-01-01-02.wav,53.50355604379158,53.52515724436685,46.378770408386984,57.015501544841804,86.51372810965185
dataset/archive/audio_speech_actors_01-24/Actor_02/03-01-03-02-01-02-02.wav,54.18245841119687,42.50505084610658,51.927017060514494,76.14690520451052,73.85384648940675
dataset/archive/audio_speech_actors_01-24/Actor_02/03-01-03-02-02-01-02.wav,82.61874877444234,55.352738412632526,70.02189833946854,60.65395653263025,53.76717144465098
dataset/archive/audio_speech_actors_01-24/Actor_02/03-01-03-02-02-02-02.wav,89.72681997055683,81.43628930981126,83.85413407727864,66.89599008119194,59.62229858269409
dataset/archive/audio_speech_actors_01-24/Actor_02/03-01-04-01-01-01-02.wav,78.8137442226055,82.77895821338802,43.86163271967997,57.04014643629125,42.13553362059256
dataset/archive/audio_speech_actors_01-24/Actor_02/03-01-04-01-01-02-02.wav,72.25549883262826,78.36577805991007,71.93871521751062,58.71743963722529,66.1649394561942
dataset/archive/audio_speech_actors_01-24/Actor_02/03-01-04-01-02-01-02.wav,41.79190344208183,85.94914584536029,89.57185711715087,87.32406993117996,57.52330301060208
dataset/archive/audio_speech_actors_01-24/Actor_02/03-01-04-01-02-02-02.wav,59.95219476265251,82.89857540010331,73.15649363699177,52.91927941934093,79.53344081882342
dataset/archive/audio_speech_actors_01-24/Actor_02/03-01-04-02-01-01-02.wav,77.06919569099833,59.434142258325934,88.67251449728587,86.46639232837086,74.26902192994785
dataset/archive/audio_speech_actors_01-24/Actor_02/03-01-04-02-01-02-02.wav,76.22424582488728,63.372497445341025,65.57824893967472,78.66841669764678,77.75704833467006
dataset/archive/audio_speech_actors_01-24/Actor_02/03-01-04-02-02-01-02.wav,63.85640681030844,75.04185055991445,74.7804707379657,62.31280716502667,50.96692577521129
dataset/archive/audio_speech_actors_01-24/Actor_02/03-01-04-02-02-02-02.wav,64.86625871348578,49.923470816555984,53.73996027533536,52.63558311387175,57.24093004659069
dataset/archive/audio_speech_actors_01-24/Actor_02/03-01-05-01-01-01-02.wav,59.28158469655111,68.22662814468612,67.20287666109249,45.073293912667296,80.79340555161565
dataset/archive/audio_speech_actors_01-24/Actor_02/03-01-05-01-01-02-02.wav,58.49938561242145,59.39353407356218,78.53976506871965,74.29103436446456,68.96480913201466
dataset/archive/audio_speech_actors_01-24/Actor_02/03-01-05-01-02-01-02.wav,51.61460341692301,57.000709091839695,49.89763625665134,54.98433954179914,87.34491903802363
dataset/archive/audio_speech_actors_01-24/Actor_02/03-01-05-01-02-02-02.wav,76.20387114973539,83.25478384995876,60.07633049380439,82.52835866546037,48.84894552224984
dataset/archive/audio_speech_actors_01-24/Actor_02/03-01-05-02-01-01-02.wav,70.84513751846328,51.764043308455214,85.36489741679759,56.121786253004274,59.04100988332984
dataset/archive/audio_speech_actors_01-24/Actor_02/03-01-05-02-01-02-02.wav,60.88483554068449,77.92896246856522,87.406282659948,58.10179999343725,88.96445100928261
dataset/archive/audio_speech_actors_01-24/Actor_02/03-01-05-02-02-01-02.wav,76.12733201822859,83.95889038735115,56.062238343220926,82.54127738459454,68.78858695122845
dataset/archive/audio_speech_actors_01-24/Actor_02/03-01-05-02-02-02-02.wav,47.4037225697379,76.01483010900938,81.2847125474704,78.35306869839255,48.71923319795681
dataset/archive/audio_speech_actors_01-24/Actor_02/03-01-06-01-01-01-02.wav,76.79090721359643,63.528827009567024,72.68476954193675,76.78178274853637,82.0811225659848
dataset/archive/audio_speech_actors_01-24/Actor_02/03-01-06-01-01-02-02.wav,53.270681084960586,75.42276944610191,45.99812857343522,81.63021722314252,84.4718363415673
dataset/archive/audio_speech_actors_01-24/Actor_02/03-01-06-01-02-01-02.wav,42.651379464558964,74.01163309773018,55.486745269430365,75.94522541724592,72.0751291687409
dataset/archive/audio_speech_actors_01-24/Actor_02/03-01-06-01-02-02-02.wav,76.6916914087987,42.18555828943644,74.15773404378581,87.6662809616573,64.85205013410854
dataset/archive/audio_speech_actors_01-24/Actor_02/03-01-06-02-01-01-02.wav,75.36796640804117,55.470373130878535,67.0782227978839,80.65402851651227,53.57413405987401
dataset/archive/audio_speech_actors_01-24/Actor_02/03-01-06-02-01-02-02.wav,58.72439809282892,49.210014676685134,64.46817270828753,79.43428397531744,81.3914396325577
dataset/archive/audio_speech_actors_01-24/Actor_02/03-01-06-02-02-01-02.wav,80.2339829054826,71.09105324891438,89.4166018655368,69.49085189289156,48.92954266504778
dataset/archive/audio_speech_actors_01-24/Actor_02/03-01-06-02-02-02-02.wav,87.77657562789516,73.74916841874037,45.04268748093264,86.32164570355371,64.16469875217038
dataset/archive/audio_speech_actors_01-24/Actor_02/03-01-07-01-01-01-02.wav,50.01607194178834,62.33970893421027,49.10916533257522,66.24693787903166,40.47342292629106
dataset/archive/audio_speech_actors_01-24/Actor_02/03-01-07-01-01-02-02.wav,44.0930992797473,57.98943265932104,44.303809126584305,46.34676039843451,40.85315127169018
dataset/archive/audio_speech_actors_01-24/Actor_02/03-01-07-01-02-01-02.wav,42.10979902039342,42.281071649545254,65.36516159910933,58.19390994846031,81.1628128180489
dataset/archive/audio_speech_actors_01-24/Actor_02/03-01-07-01-02-02-02.wav,64.46694714719293,87.61835897431763,40.4492917849131,50.30622842466791,57.90486169266124
dataset/archive/audio_speech_actors_01-24/Actor_02/03-01-07-02-01-01-02.wav,83.64404324234008,47.86222688266565,81.75557945008411,83.16587212462392,83.70069322231406
dataset/archive/audio_speech_actors_01-24/Actor_02/03-01-07-02-01-02-02.wav,81.52336413716081,78.29005335257905,89.0336827863447,82.8294675761529,64.25734000730567
dataset/archive/audio_speech_actors_01-24/Actor_02/03-01-07-02-02-01-02.wav,77.78261560811691,80.52919285362174,73.1599522915385,49.79283722541609,49.14319925071837
dataset/archive/audio_speech_actors_01-24/Actor_02/03-01-07-02-02-02-02.wav,41.211254360872026,54.79945858696644,87.19664054561741,79.51774136015784,69.57144839458476
dataset/archive/audio_speech_actors_01-24/Actor_02/03-01-08-01-01-01-02.wav,82.30993879083022,51.275251156603474,40.121354747670544,62.35264108361413,86.30388652891116
dataset/archive/audio_speech_actors_01-24/Actor_02/03-01-08-01-01-02-02.wav,85.23525143237514,74.27707784113258,56.96376199551268,80.98863381475118,50.0844704397039
dataset/archive/audio_speech_actors_01-24/Actor_02/03-01-08-01-02-01-02.wav,59.24830184211702,82.13306381092875,73.12884167214773,74.51616517608358,41.69218546921581
dataset/archive/audio_speech_actors_01-24/Actor_02/03-01-08-01-02-02-02.wav,67.19477639702359,72.21718305938134,82.83351442996295,60.204872528712166,74.64466456274022
dataset/archive/audio_speech_actors_01-24/Actor_02/03-01-08-02-01-01-02.wav,63.301709168988445,73.8443233704386,62.08620694045169,67.53577699021854,86.26730389571506
dataset/archive/audio_speech_actors_01-24/Actor_02/03-01-08-02-01-02-02.wav,58.30494339413377,55.020801653544424,68.78378272950431,81.8056447517107,85.08505217462621
dataset/archive/audio_speech_actors_01-24/Actor_02/03-01-08-02-02-01-02.wav,70.03757755407234,53.27470271433708,66.88860289980022,60.20972435597154,56.0971603318564
dataset/archive/audio_speech_actors_01-24/Actor_02/03-01-08-02-02-02-02.wav,79.70523565324027,58.91244701686428,82.92460198192012,86.02975652048252,64.46277718666943
dataset/archive/audio_speech_actors_01-24/Actor_03/03-01-01-01-01-01-03.wav,40.68717570386595,59.452001247298504,61.60727078857964,44.68302298364226,86.34451155650918
dataset/archive/audio_speech_actors_01-24/Actor_03/03-01-01-01-01-02-03.wav,66.0171977234578,74.79476228334521,74.79338701154322,81.06325838993183,52.13885244363363
dataset/archive/audio_speech_actors_01-24/Actor_03/03-01-01-01-02-01-03.wav,86.13365695380011,50.043358491016136,45.95964148218299,83.47050683938915,64.82949141279664
dataset/archive/audio_speech_actors_01-24/Actor_03/03-01-01-01-02-02-03.wav,73.92614768186411,52.51311268655987,44.35969141380937,68.04864175938991,82.38398080338715
dataset/archive/audio_speech_actors_01-24/Actor_03/03-01-02-01-01-01-03.wav,44.68638232773541,66.92356885051247,52.55840156675795,64.17060790106477,75.15066543543662
dataset/archive/audio_speech_actors_01-24/Actor_03/03-01-02-01-01-02-03.wav,67.24361909280096,62.60422520764817,89.76604149355803,62.53148031568385,56.3364956652744
dataset/archive/audio_speech_actors_01-24/Actor_03/03-01-02-01-02-01-03.wav,58.16625502811833,77.5310805993292,48.72850017097756,63.32589742426712,88.32561719135728
dataset/archive/audio_speech_actors_01-24/Actor_03/03-01-02-01-02-02-03.wav,52.83197069748954,53.299264228855066,66.77789187663542,86.35634367666202,75.68874813812944
dataset/archive/audio_speech_actors_01-24/Actor_03/03-01-02-02-01-01-03.wav,78.75545600319646,42.757612758622074,46.66563843661507,77.51985987977494,63.17004643065309
dataset/archive/audio_speech_actors_01-24/Actor_03/03-01-02-02-01-02-03.wav,79.9498106751288,43.48201972971411,56.31360483390572,42.79500165579363,82.94694679256298
dataset/archive/audio_speech_actors_01-24/Actor_03/03-01-02-02-02-01-03.wav,73.04009041988851,78.56262290130397,56.630665741364,68.0165203361792,70.70121920787804
dataset/archive/audio_speech_actors_01-24/Actor_03/03-01-02-02-02-02-03.wav,51.24856575952961,41.10585881266134,55.06395727400859,54.017682356675905,59.813369911884514
dataset/archive/audio_speech_actors_01-24/Actor_03/03-01-03-01-01-01-03.wav,68.86293007047819,65.32783392843899,80.10078315863004,86.77897000928604,40.40417463327612
dataset/archive/audio_speech_actors_01-24/Actor_03/03-01-03-01-01-02-03.wav,87.32031846088165,81.91285884656389,48.82299268162951,61.895309546756806,62.654980632701836
dataset/archive/audio_speech_actors_01-24/Actor_03/03-01-03-01-02-01-03.wav,45.941586442095314,83.6671501113771,57.426683307842765,68.13647813563122,75.93495058202942
dataset/archive/audio_speech_actors_01-24/Actor_03/03-01-03-01-02-02-03.wav,76.35206880860204,43.594146671203276,55.61921534348068,80.57195334942082,40.49695794218987
dataset/archive/audio_speech_actors_01-24/Actor_03/03-01-03-02-01-01-03.wav,41.043228830375085,67.75894198361125,82.93018278773792,87.36384375794455,46.39163463291764
dataset/archive/audio_speech_actors_01-24/Actor_03/03-01-03-02-01-02-03.wav,52.10047325976141,58.59882771707409,65.65667439640524,71.92168662404647,57.537005109162756
dataset/archive/audio_speech_actors_01-24/Actor_03/03-01-03-02-02-01-03.wav,63.69449823189974,79.10110509948157,55.596854871526475,79.73339201857324,85.16055086458712
dataset/archive/audio_speech_actors_01-24/Actor_03/03-01-03-02-02-02-03.wav,50.91384914359505,63.52315911908016,84.03221064745182,63.1012195609054,58.765740526031344
dataset/archive/audio_speech_actors_01-24/Actor_03/03-01-04-01-01-01-03.wav,61.38117707246984,66.50342967271924,59.13855150630157,82.16707476129906,67.82591310298787
dataset/archive/audio_speech_actors_01-24/Actor_03/03-01-04-01-01-02-03.wav,62.352211142860426,43.06070820086388,56.90528093292518,78.85493405060049,77.18192128212871
dataset/archive/audio_speech_actors_01-24/Actor_03/03-01-04-01-02-01-03.wav,45.412224279354845,45.24925450138626,46.31539151549089,74.68997753458174,48.038580574459225
dataset/archive/audio_speech_actors_01-24/Actor_03/03-01-04-01-02-02-03.wav,69.74086322633636,69.7162592721509,44.16595349440367,79.89856281425575,81.84821929561136
dataset/archive/audio_speech_actors_01-24/Actor_03/03-01-04-02-01-01-03.wav,45.45949955308218,45.65510939429324,69.5347897173908,41.12776098271786,42.160591686973525
dataset/archive/audio_speech_actors_01-24/Actor_03/03-01-04-02-01-02-03.wav,45.258070331123776,54.79292795832872,55.07921234824506,60.102843328131,65.38008497605242
dataset/archive/audio_speech_actors_01-24/Actor_03/03-01-04-02-02-01-03.wav,44.13677371343739,50.96495978442772,81.14040397152513,83.16313930617582,81.63524799973865
dataset/archive/audio_speech_actors_01-24/Actor_03/03-01-04-02-02-02-03.wav,40.10952111914112,66.91314495809038,40.90458104840686,54.51336411823826,58.53891361519321
dataset/archive/audio_speech_actors_01-24/Actor_03/03-01-05-01-01-01-03.wav,67.3885684849544,45.22763099521874,66.0591174265121,68.55919621094233,64.54724627111152
dataset/archive/audio_speech_actors_01-24/Actor_03/03-01-05-01-01-02-03.wav,79.18090277505664,83.86842375083631,52.14601238580228,68.82276027756168,72.58855674821115
dataset/archive/audio_speech_actors_01-24/Actor_03/03-01-05-01-02-01-03.wav,46.287296977078384,65.11465516619384,50.30479386946746,87.40232785970193,69.04244100961037
dataset/archive/audio_speech_actors_01-24/Actor_03/03-01-05-01-02-02-03.wav,89.97924634591334,59.1434905408068,45.23057834635004,40.723732494229246,42.16125200233767
dataset/archive/audio_speech_actors_01-24/Actor_03/03-01-05-02-01-01-03.wav,82.04016288134689,67.07282462048431,89.59461263073985,81.9785140750342,66.46996115504025
dataset/archive/audio_speech_actors_01-24/Actor_03/03-01-05-02-01-02-03.wav,83.19540548129257,70.90253301025517,86.68285288199797,83.9076557270653,67.63699893988395
dataset/archive/audio_speech_actors_01-24/Actor_03/03-01-05-02-02-01-03.wav,65.53766254937064,48.94207106807458,87.84927189881162,51.99456081040599,45.140441855726614
dataset/archive/audio_speech_actors_01-24/Actor_03/03-01-05-02-02-02-03.wav,45.78897058149735,70.21679974501963,80.77844975230738,59.21930355711841,47.34646785507294
dataset/archive/audio_speech_actors_01-24/Actor_03/03-01-06-01-01-01-03.wav,69.55243134560237,76.39936074922448,60.52327037255791,88.45241951687493,85.61834058677542
dataset/archive/audio_speech_actors_01-24/Actor_03/03-01-06-01-01-02-03.wav,63.912897005620096,86.6639772315442,80.43839996103472,87.59596073613939,74.35708193368154
dataset/archive/audio_speech_actors_01-24/Actor_03/03-01-06-01-02-01-03.wav,81.85822912907459,89.1573176668636,88.95537656680915,87.93558071192099,71.95759015538314
dataset/archive/audio_speech_actors_01-24/Actor_03/03-01-06-01-02-02-03.wav,73.81408531063735,64.710792267688,49.12651336517891,43.06775432875042,49.129596114818746
dataset/archive/audio_speech_actors_01-24/Actor_03/03-01-06-02-01-01-03.wav,58.61075914413662,86.90996430576354,70.08036773515781,47.815348898164345,83.92666000156
dataset/archive/audio_speech_actors_01-24/Actor_03/03-01-06-02-01-02-03.wav,60.49722656664001,65.90095197045446,50.94131554387991,49.53785843818993,40.76220841262524
dataset/archive/audio_speech_actors_01-24/Actor_03/03-01-06-02-02-01-03.wav,44.47779952643497,78.89909631106815,64.74859313164289,78.69407081232899,64.794390551628
dataset/archive/audio_speech_actors_01-24/Actor_03/03-01-06-02-02-02-03.wav,71.62606845948858,46.76437434215663,64.80522271570393,42.899971844808164,64.14703810251156
dataset/archive/audio_speech_actors_01-24/Actor_03/03-01-07-01-01-01-03.wav,70.63868534248033,67.0052769167129,89.06772823207245,54.814095170668686,52.27940955917211
dataset/archive/audio_speech_actors_01-24/Actor_03/03-01-07-01-01-02-03.wav,83.65945597764191,68.16664632049006,85.42812442600001,89.6831001430925,61.65916334094423
dataset/archive/audio_speech_actors_01-24/Actor_03/03-01-07-01-02-01-03.wav,85.24634511027824,86.31142217491401,49.546573225475896,75.35758095436776,62.748488766631056
dataset/archive/audio_speech_actors_01-24/Actor_03/03-01-07-01-02-02-03.wav,83.14669031131926,40.47435859088532,65.07470240046516,48.622992671594076,85.57677620718832
dataset/archive/audio_speech_actors_01-24/Actor_03/03-01-07-02-01-01-03.wav,81.08528617265983,43.80533073400227,84.60418982641131,47.02619758488315,58.75102543981817
dataset/archive/audio_speech_actors_01-24/Actor_03/03-01-07-02-01-02-03.wav,80.79263836948769,60.30979202755537,72.90074579071913,40.462312322483335,75.62394420332753
dataset/archive/audio_speech_actors_01-24/Actor_03/03-01-07-02-02-01-03.wav,70.51082723274921,65.11019925946694,40.01716952717895,76.62173758645844,60.407492990547205
dataset/archive/audio_speech_actors_01-24/Actor_03/03-01-07-02-02-02-03.wav,61.21036998881104,46.493436938317856,46.60902394336804,46.83892492235086,88.03349096944038
dataset/archive/audio_speech_actors_01-24/Actor_03/03-01-08-01-01-01-03.wav,66.41071902935911,52.19256678444084,48.182465790673476,57.048330769016715,40.08292593323941
dataset/archive/audio_speech_actors_01-24/Actor_03/03-01-08-01-01-02-03.wav,75.50057350685267,43.06980388537595,75.93338441948279,67.07912999345065,51.26444421695949
dataset/archive/audio_speech_actors_01-24/Actor_03/03-01-08-01-02-01-03.wav,82.46794473854723,85.88895497369654,62.392132837128955,83.15275804004777,45.09759027190389
dataset/archive/audio_speech_actors_01-24/Actor_03/03-01-08-01-02-02-03.wav,54.744273457775485,70.75742318003164,61.27986117026215,86.42174248715168,83.6746216167333
dataset/archive/audio_speech_actors_01-24/Actor_03/03-01-08-02-01-01-03.wav,47.698538930248276,60.821386958335886,50.37814762214372,76.78763003753718,45.46074746311203
dataset/archive/audio_speech_actors_01-24/Actor_03/03-01-08-02-01-02-03.wav,58.116701599197356,80.95331859429163,86.31451772462455,89.40977489350837,47.42295733945207
dataset/archive/audio_speech_actors_01-24/Actor_03/03-01-08-02-02-01-03.wav,71.14242946196315,64.02689924148117,79.89399500966616,76.20639866228298,69.151277517586
dataset/archive/audio_speech_actors_01-24/Actor_03/03-01-08-02-02-02-03.wav,79.01123911772382,85.75124343544516,78.77247416693453,56.28351349517356,42.64807108783721
dataset/archive/audio_speech_actors_01-24/Actor_04/03-01-01-01-01-01-04.wav,83.15935239789997,85.90108409874308,64.68874361534063,69.54277459964311,73.20882750404209
dataset/archive/audio_speech_actors_01-24/Actor_04/03-01-01-01-01-02-04.wav,63.98601068656717,66.75384766572463,50.77674584464724,78.02035832954886,68.33965986714377
dataset/archive/audio_speech_actors_01-24/Actor_04/03-01-01-01-02-01-04.wav,56.76308301497169,54.424070660039455,88.21872501107339,43.463913127122446,41.21903218359309
dataset/archive/audio_speech_actors_01-24/Actor_04/03-01-01-01-02-02-04.wav,62.35252956154172,86.76608265788057,63.18473754737455,46.94278828305355,86.94180871652293
dataset/archive/audio_speech_actors_01-24/Actor_04/03-01-02-01-01-01-04.wav,83.38210839107316,61.76469356344403,76.73768143102853,79.38813422232933,71.86391327921682
dataset/archive/audio_speech_actors_01-24/Actor_04/03-01-02-01-01-02-04.wav,66.99293824675554,49.28580099485852,74.1268134598499,67.10104656620143,47.69430381285827
dataset/archive/audio_speech_actors_01-24/Actor_04/03-01-02-01-02-01-04.wav,69.67794208262671,54.56569468396191,65.90031648783074,85.08782239076885,49.776779968087546
dataset/archive/audio_speech_actors_01-24/Actor_04/03-01-02-01-02-02-04.wav,68.12560725442779,68.15760553422695,75.35540294593352,82.06578063007518,78.67207636092925
dataset/archive/audio_speech_actors_01-24/Actor_04/03-01-02-02-01-01-04.wav,60.31480937079111,61.12236324637571,74.5875284389061,84.01007760852931,44.12505875203903
dataset/archive/audio_speech_actors_01-24/Actor_04/03-01-02-02-01-02-04.wav,62.77519654487083,69.53114771431403,67.27328274179617,82.93950517512543,73.9759108773595
dataset/archive/audio_speech_actors_01-24/Actor_04/03-01-02-02-02-01-04.wav,79.54072048196419,89.64324701118358,47.66419826895019,72.68244699370682,69.19227926768849
dataset/archive/audio_speech_actors_01-24/Actor_04/03-01-02-02-02-02-04.wav,78.45648696282558,62.29794770241503,53.3600621722844,89.49711069724415,76.78520545159589
dataset/archive/audio_speech_actors_01-24/Actor_04/03-01-03-01-01-01-04.wav,77.77929986458736,53.034824812656325,46.224510508978604,81.31784867624768,61.78588128726376
dataset/archive/audio_speech_actors_01-24/Actor_04/03-01-03-01-01-02-04.wav,88.07348282596934,76.73871892632997,70.00348059725646,61.41502443247681,65.32950268630715
dataset/archive/audio_speech_actors_01-24/Actor_04/03-01-03-01-02-01-04.wav,63.556917082466654,75.21099597535726,51.24327467039533,83.68015218384987,89.5216785937092
dataset/archive/audio_speech_actors_01-24/Actor_04/03-01-03-01-02-02-04.wav,57.173449879653056,60.665155940733825,76.15604457397338,45.6153309757898,80.4422714723535
dataset/archive/audio_speech_actors_01-24/Actor_04/03-01-03-02-01-01-04.wav,68.63738894193193,59.2453431958142,53.405239587954505,44.797688842508464,58.638278444522015
dataset/archive/audio_speech_actors_01-24/Actor_04/03-01-03-02-01-02-04.wav,77.75709035239844,73.7386590531907,44.618703302317826,73.59791590314546,40.67819873409602
dataset/archive/audio_speech_actors_01-24/Actor_04/03-01-03-02-02-01-04.wav,87.38608718739553,89.61027633422376,42.7213322848568,44.51422419539667,40.34073886264179
dataset/archive/audio_speech_actors_01-24/Actor_04/03-01-03-02-02-02-04.wav,80.8386017296771,85.96989632735003,63.03741826364234,77.91542732687886,89.18757380802019
dataset/archive/audio_speech_actors_01-24/Actor_04/03-01-04-01-01-01-04.wav,82.67081834879214,53.7730892754127,78.58884191616087,76.25317520919694,64.09189676808965
dataset/archive/audio_speech_actors_01-24/Actor_04/03-01-04-01-01-02-04.wav,79.53353131891491,56.158162504811344,71.04050472346754,43.33057036404599,88.60743773232558
dataset/archive/audio_speech_actors_01-24/Actor_04/03-01-04-01-02-01-04.wav,64.52090622841867,85.44549322814561,69.7486168944792,57.46812264177211,47.95999396518964
dataset/archive/audio_speech_actors_01-24/Actor_04/03-01-04-01-02-02-04.wav,54.97257097770433,79.79465575044674,51.621200125673795,59.21990169470565,40.65874841971226
dataset/archive/audio_speech_actors_01-24/Actor_04/03-01-04-02-01-01-04.wav,46.41279572795621,72.2003720058301,64.38041986817504,51.3388839573526,86.9802663265709
dataset/archive/audio_speech_actors_01-24/Actor_04/03-01-04-02-01-02-04.wav,76.73550124213972,62.16948459873326,50.590503751939266,49.78585420172999,61.54419604872551
dataset/archive/audio_speech_actors_01-24/Actor_04/03-01-04-02-02-01-04.wav,62.399612176955735,51.99985314626193,72.16288373849136,51.744657966819844,81.57783374961195
dataset/archive/audio_speech_actors_01-24/Actor_04/03-01-04-02-02-02-04.wav,76.1778080693958,71.99545074303231,88.97082591441534,54.67552782641536,57.91547263674114
dataset/archive/audio_speech_actors_01-24/Actor_04/03-01-05-01-01-01-04.wav,54.69595920903437,63.86493590089059,49.14883421737918,71.34028706132133,87.03233221453206
dataset/archive/audio_speech_actors_01-24/Actor_04/03-01-05-01-01-02-04.wav,87.11277630402003,48.15335101892073,70.74508803096401,46.8680420917429,41.614217660142
dataset/archive/audio_speech_actors_01-24/Actor_04/03-01-05-01-02-01-04.wav,68.74386867351537,58.2306959750899,65.28625161509832,72.22891704796565,63.81048864450523
dataset/archive/audio_speech_actors_01-24/Actor_04/03-01-05-01-02-02-04.wav,85.47264603275559,49.34807362843908,65.0661584313289,47.959237119853555,84.16406308153489
dataset/archive/audio_speech_actors_01-24/Actor_04/03-01-05-02-01-01-04.wav,86.95562244108652,66.36562007142064,72.68316209396481,48.55439558907567,69.73512394853145
dataset/archive/audio_speech_actors_01-24/Actor_04/03-01-05-02-01-02-04.wav,72.46913068833541,62.49728568558396,86.85262537621733,60.25166497860887,70.07287489364147
dataset/archive/audio_speech_actors_01-24/Actor_04/03-01-05-02-02-01-04.wav,56.85946274488653,50.830664538368254,67.51831983177196,80.70209593134007,61.817283525643376
dataset/archive/audio_speech_actors_01-24/Actor_04/03-01-05-02-02-02-04.wav,74.57228811217999,53.97301499267149,89.22431541104258,68.09974682511718,87.55403983050152
dataset/archive/audio_speech_actors_01-24/Actor_04/03-01-06-01-01-01-04.wav,67.97056495164503,44.39924508629668,69.10115455884174,79.03614653252711,66.06194841171957
dataset/archive/audio_speech_actors_01-24/Actor_04/03-01-06-01-01-02-04.wav,44.81377364485013,57.599692825454895,51.86344411497999,72.99895313080282,61.99013537150058
dataset/archive/audio_speech_actors_01-24/Actor_04/03-01-06-01-02-01-04.wav,40.650093058670755,79.37898700850013,62.94102453629385,78.66500347245774,65.12867475581018
dataset/archive/audio_speech_actors_01-24/Actor_04/03-01-06-01-02-02-04.wav,77.93484196951196,45.179893866414574,84.6024935476064,76.6245551499652,42.569250739130624
dataset/archive/audio_speech_actors_01-24/Actor_04/03-01-06-02-01-01-04.wav,56.750311691769824,42.82942282985027,43.51070691245168,65.13883070568919,54.92522627450427
dataset/archive/audio_speech_actors_01-24/Actor_04/03-01-06-02-01-02-04.wav,87.7659829584989,84.83937704345563,43.76037272331391,81.65602525444567,55.07480134168801
dataset/archive/audio_speech_actors_01-24/Actor_04/03-01-06-02-02-01-04.wav,70.51446741893544,41.51915813275044,76.66043491744554,64.14416513609633,55.87989494041801
dataset/archive/audio_speech_actors_01-24/Actor_04/03-01-06-02-02-02-04.wav,83.80883984721171,63.06416289915404,45.865573560611345,65.85604381489406,43.700118515635566
dataset/archive/audio_speech_actors_01-24/Actor_04/03-01-07-01-01-01-04.wav,87.80934210441043,41.09773056399516,53.89805865648117,66.16300663437852,43.88469454140266
dataset/archive/audio_speech_actors_01-24/Actor_04/03-01-07-01-01-02-04.wav,46.008558946666675,78.76482064130839,63.846070675262425,81.61768176100753,72.69907913706277
dataset/archive/audio_speech_actors_01-24/Actor_04/03-01-07-01-02-01-04.wav,76.69466564081578,83.9347624862869,49.21291846795595,87.69276269075152,41.199679482394565
dataset/archive/audio_speech_actors_01-24/Actor_04/03-01-07-01-02-02-04.wav,50.07471218248287,61.66109858292849,80.22225120892556,61.022804225477415,83.33673126488907
dataset/archive/audio_speech_actors_01-24/Actor_04/03-01-07-02-01-01-04.wav,73.00854489060202,75.0874566079448,41.27008865269691,45.78672749564933,73.49008533529806
dataset/archive/audio_speech_actors_01-24/Actor_04/03-01-07-02-01-02-04.wav,76.0613228875097,81.37498381347909,67.29254674462751,49.66588734352379,89.75286889821496
dataset/archive/audio_speech_actors_01-24/Actor_04/03-01-07-02-02-01-04.wav,78.71308511520625,65.0463926101488,62.83288751280918,48.79906105989898,85.70128337192958
dataset/archive/audio_speech_actors_01-24/Actor_04/03-01-07-02-02-02-04.wav,45.79200952926078,67.83009414594224,59.47625648139124,47.44383997253878,68.34841302005643
dataset/archive/audio_speech_actors_01-24/Actor_04/03-01-08-01-01-01-04.wav,84.43109246415068,76.21737932383475,73.87453185780417,69.84671334169745,62.06458654619627
dataset/archive/audio_speech_actors_01-24/Actor_04/03-01-08-01-01-02-04.wav,84.49374868148797,43.07342811604152,57.627546527818446,71.66188535116973,45.06160168298816
dataset/archive/audio_speech_actors_01-24/Actor_04/03-01-08-01-02-01-04.wav,87.7624070113583,55.31355529085318,46.166322419760114,54.137418996122534,49.084943648387465
dataset/archive/audio_speech_actors_01-24/Actor_04/03-01-08-01-02-02-04.wav,62.1866866237155,62.133425932106675,80.57980011513956,75.93529836051806,81.66832646741372
dataset/archive/audio_speech_actors_01-24/Actor_04/03-01-08-02-01-01-04.wav,54.90921910273202,61.09869358255352,82.40176980824731,57.02542861773942,41.591804977420516
dataset/archive/audio_speech_actors_01-24/Actor_04/03-01-08-02-01-02-04.wav,48.72183833224325,63.936434597366585,81.89305820327198,83.2790942382793,78.37799762939005
dataset/archive/audio_speech_actors_01-24/Actor_04/03-01-08-02-02-01-04.wav,75.58160753767686,65.18404243479878,45.9634998197871,50.94437479378901,88.36868324075249
dataset/archive/audio_speech_actors_01-24/Actor_04/03-01-08-02-02-02-04.wav,87.4884533461175,55.53410181483571,80.27468993611822,58.54691852299103,69.79071860205241
dataset/archive/audio_speech_actors_01-24/Actor_05/03-01-01-01-01-01-05.wav,66.33478691902238,60.126001318168925,67.54144812933623,58.47533207369317,43.92762654110217
dataset/archive/audio_speech_actors_01-24/Actor_05/03-01-01-01-01-02-05.wav,78.25905265108995,42.06540424188341,87.22085532467011,66.02908905681849,74.96523443618587
dataset/archive/audio_speech_actors_01-24/Actor_05/03-01-01-01-02-01-05.wav,43.84214950598749,71.58334334070585,46.026246504352194,86.930939154812,57.71302429831485
dataset/archive/audio_speech_actors_01-24/Actor_05/03-01-01-01-02-02-05.wav,85.25906971834084,44.44694080714392,70.3059319241708,85.34827181930866,59.04589508157743
dataset/archive/audio_speech_actors_01-24/Actor_05/03-01-02-01-01-01-05.wav,79.47946859721475,67.44093094202279,85.74629001122165,84.85172030180311,53.62880961899572
dataset/archive/audio_speech_actors_01-24/Actor_05/03-01-02-01-01-02-05.wav,46.82827856782781,57.79159770580933,68.31633886242034,88.82795586618859,73.61164903176896
dataset/archive/audio_speech_actors_01-24/Actor_05/03-01-02-01-02-01-05.wav,54.3638257239992,73.58711478200254,65.86384351362004,69.64267623811114,48.4129473712187
dataset/archive/audio_speech_actors_01-24/Actor_05/03-01-02-01-02-02-05.wav,77.01100141879243,49.92164567014067,65.49327239279833,50.31209623108336,82.0224088911648
dataset/archive/audio_speech_actors_01-24/Actor_05/03-01-02-02-01-01-05.wav,75.69297352463573,86.8029145209133,74.1150994172225,79.78334289477554,48.50581995832366
dataset/archive/audio_speech_actors_01-24/Actor_05/03-01-02-02-01-02-05.wav,67.18598703360266,45.559985675302975,69.10739011622898,41.762877917963365,84.69983949323628
dataset/archive/audio_speech_actors_01-24/Actor_05/03-01-02-02-02-01-05.wav,75.82169406313278,48.43128599526995,77.60534425383312,57.88961324940327,58.764175018958454
dataset/archive/audio_speech_actors_01-24/Actor_05/03-01-02-02-02-02-05.wav,47.67546837621165,81.09855961202823,51.45274153517553,42.38183486180179,58.784564705830604
dataset/archive/audio_speech_actors_01-24/Actor_05/03-01-03-01-01-01-05.wav,89.78510660996238,75.61532182473684,63.75732588789184,41.24133953341773,68.71271479385686
dataset/archive/audio_speech_actors_01-24/Actor_05/03-01-03-01-01-02-05.wav,74.64717967138424,62.78782958233493,49.445383550325026,73.15057261815723,41.3978466793745
dataset/archive/audio_speech_actors_01-24/Actor_05/03-01-03-01-02-01-05.wav,42.661989466862124,69.22859005119855,50.790295690189666,62.77432462146268,86.09955990601098
dataset/archive/audio_speech_actors_01-24/Actor_05/03-01-03-01-02-02-05.wav,57.05102426660625,61.27644884720567,80.7964986769922,62.04433556776936,73.18022673347424
dataset/archive/audio_speech_actors_01-24/Actor_05/03-01-03-02-01-01-05.wav,76.02595416783839,68.21906938705213,82.40953544550962,65.9642312904493,41.86363154739716
dataset/archive/audio_speech_actors_01-24/Actor_05/03-01-03-02-01-02-05.wav,74.23236841254482,62.33909786835875,78.96738029664289,49.21888561478024,64.71317833681076
dataset/archive/audio_speech_actors_01-24/Actor_05/03-01-03-02-02-01-05.wav,89.70574287348552,70.42588624940879,67.36218391634985,80.0565902501456,42.470636312506414
dataset/archive/audio_speech_actors_01-24/Actor_05/03-01-03-02-02-02-05.wav,81.42865252935808,42.65038445641393,65.27657914435773,87.36411488049065,46.1312654559767
dataset/archive/audio_speech_actors_01-24/Actor_05/03-01-04-01-01-01-05.wav,66.60142874735158,79.20323826688568,85.2189241472116,64.1876048575476,67.7153925473886
dataset/archive/audio_speech_actors_01-24/Actor_05/03-01-04-01-01-02-05.wav,84.72784379656775,48.48944547689749,86.38957800483281,65.45854082857517,66.16863595152122
dataset/archive/audio_speech_actors_01-24/Actor_05/03-01-04-01-02-01-05.wav,64.83437848677448,64.39637753718976,61.29806066396834,64.66467855832808,59.01931773446705
dataset/archive/audio_speech_actors_01-24/Actor_05/03-01-04-01-02-02-05.wav,47.499160370177215,79.03466475879992,74.45015318425854,71.0652079575939,70.21352517197434
dataset/archive/audio_speech_actors_01-24/Actor_05/03-01-04-02-01-01-05.wav,45.728848897657535,57.56005047195465,61.94933871631288,59.487993757943116,43.48757856251245
dataset/archive/audio_speech_actors_01-24/Actor_05/03-01-04-02-01-02-05.wav,46.88490340040317,51.8431301881802,46.19336439235171,46.27393718264885,70.42687097998129
dataset/archive/audio_speech_actors_01-24/Actor_05/03-01-04-02-02-01-05.wav,55.6437661890874,41.61965072819669,50.63357964148977,41.506640003847195,41.419285598339414
dataset/archive/audio_speech_actors_01-24/Actor_05/03-01-04-02-02-02-05.wav,46.235049872565355,43.07493979836659,50.90224906707974,52.148493375659946,74.92193709304897
dataset/archive/audio_speech_actors_01-24/Actor_05/03-01-05-01-01-01-05.wav,52.682662367419525,49.53039946765087,40.23165252289383,69.63748813868378,75.44097052806256
dataset/archive/audio_speech_actors_01-24/Actor_05/03-01-05-01-01-02-05.wav,70.60580527578634,66.5044401685846,61.648539145769135,89.17469431973925,50.98032638417024
dataset/archive/audio_speech_actors_01-24/Actor_05/03-01-05-01-02-01-05.wav,80.69431102859164,57.34500642105515,48.98691257679474,59.67581963404345,51.188637037485506
dataset/archive/audio_speech_actors_01-24/Actor_05/03-01-05-01-02-02-05.wav,78.49719614900584,68.32597226080158,42.663828225677996,80.35818988261974,88.21422100393228
dataset/archive/audio_speech_actors_01-24/Actor_05/03-01-05-02-01-01-05.wav,55.749239966969604,63.0520981797299,54.684775216243935,45.49895710505814,79.39297958421565
dataset/archive/audio_speech_actors_01-24/Actor_05/03-01-05-02-01-02-05.wav,59.86869564502483,86.36353716860268,56.90173500932612,59.509296990255024,49.82791032434693
dataset/archive/audio_speech_actors_01-24/Actor_05/03-01-05-02-02-01-05.wav,45.556694528809466,75.20960708806336,51.27602156748888,64.06699890879362,52.60343749890308
dataset/archive/audio_speech_actors_01-24/Actor_05/03-01-05-02-02-02-05.wav,74.19827161611909,78.5700403684479,42.90608255165657,67.2359427523453,56.1557647237525
dataset/archive/audio_speech_actors_01-24/Actor_05/03-01-06-01-01-01-05.wav,66.35698015245171,53.95035794756352,78.05494622600466,54.86771502970688,40.577617072642106
dataset/archive/audio_speech_actors_01-24/Actor_05/03-01-06-01-01-02-05.wav,48.1695036518047,70.74971593669403,50.397644797763085,63.28867539160667,68.42178237120497
dataset/archive/audio_speech_actors_01-24/Actor_05/03-01-06-01-02-01-05.wav,53.39498099493269,70.41109117332027,64.02166134303292,79.20643216079839,51.19549175265377
dataset/archive/audio_speech_actors_01-24/Actor_05/03-01-06-01-02-02-05.wav,42.017810595546024,44.61975774030678,52.49040364612454,72.58479528585126,73.58518824176608
dataset/archive/audio_speech_actors_01-24/Actor_05/03-01-06-02-01-01-05.wav,50.170485832334904,85.3778357301702,72.64956433080837,79.60566151852379,69.23173461244842
dataset/archive/audio_speech_actors_01-24/Actor_05/03-01-06-02-01-02-05.wav,44.78074496708285,52.02854121292562,78.35073888510242,77.72336958559703,50.36622670409749
dataset/archive/audio_speech_actors_01-24/Actor_05/03-01-06-02-02-01-05.wav,44.614902562200015,72.20424130183632,73.56469147682728,73.75041376863442,66.46606951886346
dataset/archive/audio_speech_actors_01-24/Actor_05/03-01-06-02-02-02-05.wav,70.01441806031512,47.4780962203623,46.65960608801176,55.405041619837,58.87214900373591
dataset/archive/audio_speech_actors_01-24/Actor_05/03-01-07-01-01-01-05.wav,64.01968755114503,56.16962467507794,50.87739234719834,45.13401287647146,44.81954943827706
dataset/archive/audio_speech_actors_01-24/Actor_05/03-01-07-01-01-02-05.wav,62.63963438349468,64.04507956409074,51.3161946541495,59.03190617011042,49.755829099629146
dataset/archive/audio_speech_actors_01-24/Actor_05/03-01-07-01-02-01-05.wav,49.00895145887803,77.02690422554474,88.94862722759342,60.870876392441915,84.53996567915046
dataset/archive/audio_speech_actors_01-24/Actor_05/03-01-07-01-02-02-05.wav,85.36324427873043,71.1954177727143,60.5353389950984,51.20521239970164,59.69489420699907
dataset/archive/audio_speech_actors_01-24/Actor_05/03-01-07-02-01-01-05.wav,45.4541411012504,43.47484777436405,61.92425168382289,69.85716659390445,54.06535739081367
dataset/archive/audio_speech_actors_01-24/Actor_05/03-01-07-02-01-02-05.wav,65.32076381749766,73.36669616042916,68.84208390223188,73.00590345819735,83.35513600596606
dataset/archive/audio_speech_actors_01-24/Actor_05/03-01-07-02-02-01-05.wav,67.35481066580198,52.38305055805219,86.25825861510305,79.67759111030672,67.02398227195988
dataset/archive/audio_speech_actors_01-24/Actor_05/03-01-07-02-02-02-05.wav,65.73008459700591,50.374241446285644,77.51078872195771,76.14943438696676,69.05823537325378
dataset/archive/audio_speech_actors_01-24/Actor_05/03-01-08-01-01-01-05.wav,67.4105914942576,80.81949214358505,61.17533237016926,71.1028375587335,58.85556130754153
dataset/archive/audio_speech_actors_01-24/Actor_05/03-01-08-01-01-02-05.wav,60.93401736072654,83.39128619458,86.03682180942761,54.66007831378186,58.872559113649366
dataset/archive/audio_speech_actors_01-24/Actor_05/03-01-08-01-02-01-05.wav,40.82802771311323,60.08428570027962,75.63438510966915,40.07977739980088,50.384593079345244
dataset/archive/audio_speech_actors_01-24/Actor_05/03-01-08-01-02-02-05.wav,42.791863340447215,63.826374796994195,68.65894306643796,43.719479403771786,49.8067796055442
dataset/archive/audio_speech_actors_01-24/Actor_05/03-01-08-02-01-01-05.wav,53.2481889443917,55.50095563753129,45.519445450385156,57.83814754170408,54.17794668924323
dataset/archive/audio_speech_actors_01-24/Actor_05/03-01-08-02-01-02-05.wav,60.60967872527337,45.58922882262074,41.88525775821885,73.29273021261565,69.12195387650542
dataset/archive/audio_speech_actors_01-24/Actor_05/03-01-08-02-02-01-05.wav,61.25826082954265,69.64650269281759,82.70239462317707,70.04582800032456,75.80063658680015
dataset/archive/audio_speech_actors_01-24/Actor_05/03-01-08-02-02-02-05.wav,48.472709723032665,56.36257146003361,77.28353284475823,64.84470145128631,71.95778746304777
dataset/archive/audio_speech_actors_01-24/Actor_06/03-01-01-01-01-01-06.wav,45.80874638647035,72.52802421257749,65.36784822106739,44.110986489454746,56.52257027565038
dataset/archive/audio_speech_actors_01-24/Actor_06/03-01-01-01-01-02-06.wav,50.98220338917115,77.99890261030738,80.61325425860451,77.61249144497253,48.770276952172864
dataset/archive/audio_speech_actors_01-24/Actor_06/03-01-01-01-02-01-06.wav,77.78730085277869,56.95251215560988,62.08131941188057,54.91173518017189,83.17372366449612
dataset/archive/audio_speech_actors_01-24/Actor_06/03-01-01-01-02-02-06.wav,71.02046123858722,50.91756151853853,83.51866127868348,49.931016477502595,71.55854614258706
dataset/archive/audio_speech_actors_01-24/Actor_06/03-01-02-01-01-01-06.wav,80.49268998410551,46.29197502999367,42.40086351615713,65.76445431645169,85.67910354869545
dataset/archive/audio_speech_actors_01-24/Actor_06/03-01-02-01-01-02-06.wav,51.4621556978103,75.2027051921385,89.09786392866556,85.93221790746364,48.63790079125498
dataset/archive/audio_speech_actors_01-24/Actor_06/03-01-02-01-02-01-06.wav,56.40011657483602,81.7643506505762,59.61526221930342,44.16256564944237,45.72203473123598
dataset/archive/audio_speech_actors_01-24/Actor_06/03-01-02-01-02-02-06.wav,48.22519488589281,49.86211659755118,89.90248495128375,66.84792917941438,73.26604286680308
dataset/archive/audio_speech_actors_01-24/Actor_06/03-01-02-02-01-01-06.wav,81.46060547734086,59.08417179077941,74.61875980575651,47.36297658432916,55.31388865549039
dataset/archive/audio_speech_actors_01-24/Actor_06/03-01-02-02-01-02-06.wav,60.52919859744233,46.353517931998695,46.73261549109774,82.85498089738448,86.74041058286485
dataset/archive/audio_speech_actors_01-24/Actor_06/03-01-02-02-02-01-06.wav,56.4043342134578,42.37962581791119,41.35870514578848,69.43697008047039,51.937066021597694
dataset/archive/audio_speech_actors_01-24/Actor_06/03-01-02-02-02-02-06.wav,66.21622653155337,78.77520181345261,62.64402824969051,52.71446619431672,56.47822264583996
dataset/archive/audio_speech_actors_01-24/Actor_06/03-01-03-01-01-01-06.wav,86.4065200069588,58.399880964021214,50.37177487633663,64.56949114549707,40.40029580392652
dataset/archive/audio_speech_actors_01-24/Actor_06/03-01-03-01-01-02-06.wav,80.0679234148248,73.11217564529397,66.35170039241302,57.28886819844678,57.05084942718398
dataset/archive/audio_speech_actors_01-24/Actor_06/03-01-03-01-02-01-06.wav,42.397508861610234,49.70931042460313,68.26313900195287,51.159625763669546,54.70158034529194
dataset/archive/audio_speech_actors_01-24/Actor_06/03-01-03-01-02-02-06.wav,76.10283539537724,85.0667571977744,75.51856410409678,56.9115070886136,65.61963610381478
dataset/archive/audio_speech_actors_01-24/Actor_06/03-01-03-02-01-01-06.wav,45.398277407139574,73.24448514873046,69.7043374789807,59.225147342216005,42.66514047064193
dataset/archive/audio_speech_actors_01-24/Actor_06/03-01-03-02-01-02-06.wav,54.60270658806348,67.86186804719621,74.0838864040575,89.27731742761618,57.09948787653818
dataset/archive/audio_speech_actors_01-24/Actor_06/03-01-03-02-02-01-06.wav,72.53399762035141,56.54670555982369,56.89367545742752,62.521452236326205,74.71500795790107
dataset/archive/audio_speech_actors_01-24/Actor_06/03-01-03-02-02-02-06.wav,63.78032962302666,65.06665492529791,77.23250154076831,85.67592406520015,89.44446366470146
dataset/archive/audio_speech_actors_01-24/Actor_06/03-01-04-01-01-01-06.wav,58.238674790606346,60.74321011059834,41.25609603087466,41.11148119218749,87.34668727418305
dataset/archive/audio_speech_actors_01-24/Actor_06/03-01-04-01-01-02-06.wav,62.71454001326428,61.46219160759492,74.06954819859929,84.390905993379,42.29242910802723
dataset/archive/audio_speech_actors_01-24/Actor_06/03-01-04-01-02-01-06.wav,47.855126314327066,64.04481367799403,88.74986813881705,74.66791191059488,72.92734649706316
dataset/archive/audio_speech_actors_01-24/Actor_06/03-01-04-01-02-02-06.wav,67.8827568162504,63.84578391357965,69.21222793853164,68.02721970960741,79.65987951411634
dataset/archive/audio_speech_actors_01-24/Actor_06/03-01-04-02-01-01-06.wav,60.181216372518435,81.51511873892812,74.93383012830053,55.89373158750807,42.333122662277354
dataset/archive/audio_speech_actors_01-24/Actor_06/03-01-04-02-01-02-06.wav,76.31442744151133,85.36875457908873,48.031481168980164,53.96569758910528,84.01974236777554
dataset/archive/audio_speech_actors_01-24/Actor_06/03-01-04-02-02-01-06.wav,69.76508804064412,48.020365872483886,54.732234786027256,50.36690631926518,59.73204733926222
dataset/archive/audio_speech_actors_01-24/Actor_06/03-01-04-02-02-02-06.wav,76.73998246292774,42.20662963902719,50.1467700502953,62.31672476764206,64.08464148616504
dataset/archive/audio_speech_actors_01-24/Actor_06/03-01-05-01-01-01-06.wav,84.16815852347128,89.42337354728454,68.14820186618671,59.715104346006214,81.07049128107701
dataset/archive/audio_speech_actors_01-24/Actor_06/03-01-05-01-01-02-06.wav,89.86391468328853,84.96268875953919,40.9195058865505,56.88896632742818,53.799719160528575
dataset/archive/audio_speech_actors_01-24/Actor_06/03-01-05-01-02-01-06.wav,78.8228923054782,42.48240830639959,48.985255566669835,69.69270595294414,52.66755419962747
dataset/archive/audio_speech_actors_01-24/Actor_06/03-01-05-01-02-02-06.wav,42.34329006604778,68.39484532780392,84.84702928845837,66.09204193251931,76.20828962644511
dataset/archive/audio_speech_actors_01-24/Actor_06/03-01-05-02-01-01-06.wav,69.2895207897945,44.20931451821748,81.4919683737057,89.64971655480781,89.96961925432043
dataset/archive/audio_speech_actors_01-24/Actor_06/03-01-05-02-01-02-06.wav,42.939506150324725,68.74421136516457,46.738511735716955,71.60536862468305,87.11522575482621
dataset/archive/audio_speech_actors_01-24/Actor_06/03-01-05-02-02-01-06.wav,52.701239358153764,59.10167215454241,72.58022856118941,46.525454774822805,71.2619849307051
dataset/archive/audio_speech_actors_01-24/Actor_06/03-01-05-02-02-02-06.wav,83.10353797261033,40.26441721515013,51.44634850080898,68.11865734928824,52.73334924832699
dataset/archive/audio_speech_actors_01-24/Actor_06/03-01-06-01-01-01-06.wav,51.48393321930031,49.28721329137424,85.60495917416017,48.51771467063395,79.2781201941867
dataset/archive/audio_speech_actors_01-24/Actor_06/03-01-06-01-01-02-06.wav,43.60560228719738,63.519904985722164,86.03481743346384,81.38306098545326,79.33041973610254
dataset/archive/audio_speech_actors_01-24/Actor_06/03-01-06-01-02-01-06.wav,80.24382013858794,57.44349371045578,74.78031460567954,80.64909296344237,65.72424435670818
dataset/archive/audio_speech_actors_01-24/Actor_06/03-01-06-01-02-02-06.wav,49.7792947188661,88.32446869587642,68.63957073818642,43.62390371658584,63.61652441325711
dataset/archive/audio_speech_actors_01-24/Actor_06/03-01-06-02-01-01-06.wav,89.76096592874012,72.20834191293739,67.67521694200077,43.35579315610606,58.268171697018005
dataset/archive/audio_speech_actors_01-24/Actor_06/03-01-06-02-01-02-06.wav,85.53096920826357,67.83718295484479,64.49920600921556,63.342191952893856,74.83798751593073
dataset/archive/audio_speech_actors_01-24/Actor_06/03-01-06-02-02-01-06.wav,75.93128552244349,85.34622365804613,59.14670486975029,75.52499147827346,63.38750380357928
dataset/archive/audio_speech_actors_01-24/Actor_06/03-01-06-02-02-02-06.wav,73.79611177794874,47.100254237158744,61.287925850267584,80.37567264395372,83.34422259424082
dataset/archive/audio_speech_actors_01-24/Actor_06/03-01-07-01-01-01-06.wav,67.86653382300786,65.25956964428245,89.54171923193746,77.99055454538998,54.96911730138936
dataset/archive/audio_speech_actors_01-24/Actor_06/03-01-07-01-01-02-06.wav,88.17542093042209,45.009977033735886,61.015006402127106,55.51428085611628,62.75327846020492
dataset/archive/audio_speech_actors_01-24/Actor_06/03-01-07-01-02-01-06.wav,46.691487531149946,62.96594138901954,62.4908476798436,65.40248098192399,89.57470136603656
dataset/archive/audio_speech_actors_01-24/Actor_06/03-01-07-01-02-02-06.wav,86.20500935452651,84.2442633292272,42.277537527899895,54.31209577522708,55.31128511504874
dataset/archive/audio_speech_actors_01-24/Actor_06/03-01-07-02-01-01-06.wav,43.251846413998194,55.19497935753055,59.68245695429986,85.28488790863375,51.05790688256278
dataset/archive/audio_speech_actors_01-24/Actor_06/03-01-07-02-01-02-06.wav,81.22996413818096,50.276256772667466,40.30461787345105,42.32595532558511,80.58422333669841
dataset/archive/audio_speech_actors_01-24/Actor_06/03-01-07-02-02-01-06.wav,64.91320802722461,51.7757767946535,76.14854663948196,57.402553539037406,83.18009014463775
dataset/archive/audio_speech_actors_01-24/Actor_06/03-01-07-02-02-02-06.wav,50.69554533861257,81.9905399127345,41.620824925120104,76.91120554651069,40.72532812197702
dataset/archive/audio_speech_actors_01-24/Actor_06/03-01-08-01-01-01-06.wav,87.68888687675096,68.59898621385204,73.56418974338665,42.82996987658042,43.76313469314754
dataset/archive/audio_speech_actors_01-24/Actor_06/03-01-08-01-01-02-06.wav,52.49681336902773,70.8752214935351,53.465762043594694,53.533799692557615,46.17859281062982
dataset/archive/audio_speech_actors_01-24/Actor_06/03-01-08-01-02-01-06.wav,41.52929038675739,74.12287066182623,87.7523405076249,48.17848839507899,51.142314459186096
dataset/archive/audio_speech_actors_01-24/Actor_06/03-01-08-01-02-02-06.wav,85.0695538895362,82.5438810286817,46.84533968592882,84.43059925681834,63.09220601143142
dataset/archive/audio_speech_actors_01-24/Actor_06/03-01-08-02-01-01-06.wav,67.01878449867732,47.34243334396398,71.56002330208233,83.86255146904205,45.057543763415026
dataset/archive/audio_speech_actors_01-24/Actor_06/03-01-08-02-01-02-06.wav,58.12843702646656,48.015182953201645,82.9795694161875,75.43995603507067,55.22024586734566
dataset/archive/audio_speech_actors_01-24/Actor_06/03-01-08-02-02-01-06.wav,55.55500274336797,50.65848115613242,49.35113955351068,55.61728667221989,49.3478306170246
dataset/archive/audio_speech_actors_01-24/Actor_06/03-01-08-02-02-02-06.wav,60.70813838928253,52.273712830606385,68.34657160393415,70.56311343841669,51.92653958430891
dataset/archive/audio_speech_actors_01-24/Actor_07/03-01-01-01-01-01-07.wav,43.005263137390536,43.4007300470807,84.22327540486236,53.05349594607317,60.52213434529662
dataset/archive/audio_speech_actors_01-24/Actor_07/03-01-01-01-01-02-07.wav,79.03142325206436,41.25080313031019,54.25985700404631,77.63968241249887,51.96696018388762
dataset/archive/audio_speech_actors_01-24/Actor_07/03-01-01-01-02-01-07.wav,89.23724117905087,69.48669930971738,70.1375023510603,73.58228567540893,80.48187682915189
dataset/archive/audio_speech_actors_01-24/Actor_07/03-01-01-01-02-02-07.wav,41.74364520792599,61.75978516922548,62.155320283366,85.5528238567034,52.66104373020174
dataset/archive/audio_speech_actors_01-24/Actor_07/03-01-02-01-01-01-07.wav,52.69642014910581,64.7891919626314,80.55935704332117,67.52371605114178,58.49433687389772
dataset/archive/audio_speech_actors_01-24/Actor_07/03-01-02-01-01-02-07.wav,82.69567994831735,70.81471988096547,66.43813907398946,69.72685817809027,50.67478057840968
dataset/archive/audio_speech_actors_01-24/Actor_07/03-01-02-01-02-01-07.wav,69.70688379867582,88.27449658732895,64.29628176270991,62.900236839218636,86.6503591596389
dataset/archive/audio_speech_actors_01-24/Actor_07/03-01-02-01-02-02-07.wav,83.89798401912066,40.87808794353497,76.76363038498567,46.48706960529213,86.01424483878154
dataset/archive/audio_speech_actors_01-24/Actor_07/03-01-02-02-01-01-07.wav,40.868902874023966,66.78461476525814,49.02588066771227,83.59337692120329,53.45112772411236
dataset/archive/audio_speech_actors_01-24/Actor_07/03-01-02-02-01-02-07.wav,73.8193657200276,80.59059664482758,69.38646687731506,84.91562574292416,89.46444936613202
dataset/archive/audio_speech_actors_01-24/Actor_07/03-01-02-02-02-01-07.wav,43.64421270913711,67.90877473492034,63.48629492249478,46.296837909795585,66.76538489147518
dataset/archive/audio_speech_actors_01-24/Actor_07/03-01-02-02-02-02-07.wav,65.76345348544842,72.67428600179451,48.54059131280635,48.89046159140087,75.23817609334647
dataset/archive/audio_speech_actors_01-24/Actor_07/03-01-03-01-01-01-07.wav,87.7981694954428,87.84757817780351,86.22912986845338,78.57858981912985,80.94533546904096
dataset/archive/audio_speech_actors_01-24/Actor_07/03-01-03-01-01-02-07.wav,50.8550076134813,61.60214788645003,58.216177523311245,66.64582291683215,66.08971684975543
dataset/archive/audio_speech_actors_01-24/Actor_07/03-01-03-01-02-01-07.wav,60.710987500398986,59.31437022409015,43.76750810852906,41.22459562768801,46.86618648099254
dataset/archive/audio_speech_actors_01-24/Actor_07/03-01-03-01-02-02-07.wav,42.911124632585036,49.15269398915288,54.096953480771205,85.51030445416458,68.4581398858382
dataset/archive/audio_speech_actors_01-24/Actor_07/03-01-03-02-01-01-07.wav,80.75726059923792,87.93838145146529,85.73348648819464,62.30838415851922,66.39503559687853
dataset/archive/audio_speech_actors_01-24/Actor_07/03-01-03-02-01-02-07.wav,81.28819626882483,50.49183568440185,78.20159812431751,52.192168608205485,47.140846023897794
dataset/archive/audio_speech_actors_01-24/Actor_07/03-01-03-02-02-01-07.wav,42.331427737083835,47.734748697308156,55.41737502967875,59.06977975956242,57.09966488234861
dataset/archive/audio_speech_actors_01-24/Actor_07/03-01-03-02-02-02-07.wav,85.33257215987697,61.825089143165066,55.55761552871394,89.8184285590635,86.27217332996555
dataset/archive/audio_speech_actors_01-24/Actor_07/03-01-04-01-01-01-07.wav,68.76936495852142,55.6906105497185,75.68745987422187,56.00108454614592,50.33872570191478
dataset/archive/audio_speech_actors_01-24/Actor_07/03-01-04-01-01-02-07.wav,80.94537944786238,44.981767727402534,87.10952455685411,71.98247576037559,88.92832000165699
dataset/archive/audio_speech_actors_01-24/Actor_07/03-01-04-01-02-01-07.wav,85.22246801299187,81.5936302987884,56.188947600398436,82.09382765454274,83.10926039365629
dataset/archive/audio_speech_actors_01-24/Actor_07/03-01-04-01-02-02-07.wav,74.76665350030905,81.21687587941565,68.36314950149546,60.883843260005484,41.78230069612787
dataset/archive/audio_speech_actors_01-24/Actor_07/03-01-04-02-01-01-07.wav,76.47628578354119,70.28890133008186,50.227198360174064,81.8068756171916,75.41041458928522
dataset/archive/audio_speech_actors_01-24/Actor_07/03-01-04-02-01-02-07.wav,61.09736689111898,51.58594165319576,77.038180054501,63.959932279746766,62.97097437596716
dataset/archive/audio_speech_actors_01-24/Actor_07/03-01-04-02-02-01-07.wav,67.9543096074771,55.19581265669364,66.20000912713654,73.4424042176089,46.66839157437433
dataset/archive/audio_speech_actors_01-24/Actor_07/03-01-04-02-02-02-07.wav,70.03942873752317,79.56666459188463,76.03044059535375,57.522665385194436,66.00111269794243
dataset/archive/audio_speech_actors_01-24/Actor_07/03-01-05-01-01-01-07.wav,61.077347720985095,40.56119755752021,85.23233192358428,57.883187097003635,79.10858848216793
dataset/archive/audio_speech_actors_01-24/Actor_07/03-01-05-01-01-02-07.wav,88.80768345531314,49.99718006836815,77.66185331787449,57.14501774506226,85.09627375569076
dataset/archive/audio_speech_actors_01-24/Actor_07/03-01-05-01-02-01-07.wav,84.77943902138452,70.0982800693794,85.19479388480013,54.359354892033316,65.52434588538215
dataset/archive/audio_speech_actors_01-24/Actor_07/03-01-05-01-02-02-07.wav,75.35649584302803,54.610133456981615,71.76480309462193,68.51342369082532,41.92794002446003
dataset/archive/audio_speech_actors_01-24/Actor_07/03-01-05-02-01-01-07.wav,46.38506679920039,73.20887007607004,63.7583895819877,57.66693206790249,53.48312125223216
dataset/archive/audio_speech_actors_01-24/Actor_07/03-01-05-02-01-02-07.wav,53.425706438071025,61.342691968326115,45.543379951675234,78.7123420101915,52.37244117190769
dataset/archive/audio_speech_actors_01-24/Actor_07/03-01-05-02-02-01-07.wav,89.84152064462637,51.30390411259297,82.59642133010954,86.16950201176874,85.99143960937664
dataset/archive/audio_speech_actors_01-24/Actor_07/03-01-05-02-02-02-07.wav,85.33482735171368,66.70239376768993,59.7856534898387,78.68528873338977,48.87503829471794
dataset/archive/audio_speech_actors_01-24/Actor_07/03-01-06-01-01-01-07.wav,67.18680957465696,75.8431760668343,43.821950504978425,57.564416773649114,44.27934126279137
dataset/archive/audio_speech_actors_01-24/Actor_07/03-01-06-01-01-02-07.wav,40.10440203075965,46.906535793573696,70.48630625069902,69.26680772745533,82.77418320058044
dataset/archive/audio_speech_actors_01-24/Actor_07/03-01-06-01-02-01-07.wav,75.96074091016487,59.35054908170403,69.16911247491439,68.64958541543737,70.83100646828834
dataset/archive/audio_speech_actors_01-24/Actor_07/03-01-06-01-02-02-07.wav,64.6451689695634,60.07406793900661,60.85674087900716,53.12360785394924,81.86481526634563
dataset/archive/audio_speech_actors_01-24/Actor_07/03-01-06-02-01-01-07.wav,40.8803614809313,54.584619148197845,61.16204883646362,57.30577759665249,43.66593560895062
dataset/archive/audio_speech_actors_01-24/Actor_07/03-01-06-02-01-02-07.wav,74.59230290080912,84.48111538635473,89.38074379111515,88.19413546021046,62.81984960787692
dataset/archive/audio_speech_actors_01-24/Actor_07/03-01-06-02-02-01-07.wav,44.37384332453248,44.99853354376392,77.50161770044227,41.55446662268851,48.96931503977939
dataset/archive/audio_speech_actors_01-24/Actor_07/03-01-06-02-02-02-07.wav,56.99486767375011,64.960992782809,69.61703938139976,62.74963688852782,75.7649094059197
dataset/archive/audio_speech_actors_01-24/Actor_07/03-01-07-01-01-01-07.wav,53.61403226105597,78.02978250837248,44.329820651638954,59.228218813589166,58.65516418703839
dataset/archive/audio_speech_actors_01-24/Actor_07/03-01-07-01-01-02-07.wav,87.84195043141823,53.11734579288838,43.580279784223336,70.9969147164939,83.19424506733391
dataset/archive/audio_speech_actors_01-24/Actor_07/03-01-07-01-02-01-07.wav,71.51420055216371,43.673129440077666,65.61251724330515,58.57226490988201,88.55777803708762
dataset/archive/audio_speech_actors_01-24/Actor_07/03-01-07-01-02-02-07.wav,49.47482695243996,66.30061132194098,62.97490092776238,56.7195888867016,77.65753825544584
dataset/archive/audio_speech_actors_01-24/Actor_07/03-01-07-02-01-01-07.wav,56.73602328048547,74.04392937515767,77.527860085762,58.831026124115894,46.70002440759051
dataset/archive/audio_speech_actors_01-24/Actor_07/03-01-07-02-01-02-07.wav,52.38920526591621,49.73250309888266,88.2757670624834,89.84703662822177,89.26673846519316
dataset/archive/audio_speech_actors_01-24/Actor_07/03-01-07-02-02-01-07.wav,74.69382131802868,57.383007112690706,76.77472171778525,56.49060685217535,80.8009177461177
dataset/archive/audio_speech_actors_01-24/Actor_07/03-01-07-02-02-02-07.wav,49.73610250855891,66.978267240807,54.82240318298313,65.45730461696702,45.13059205561302
dataset/archive/audio_speech_actors_01-24/Actor_07/03-01-08-01-01-01-07.wav,50.48014957831188,74.06707320162762,80.40729874605515,85.138459395903,83.74732563966151
dataset/archive/audio_speech_actors_01-24/Actor_07/03-01-08-01-01-02-07.wav,40.88161310705984,63.92233667986544,44.116709137250346,82.316425896948,45.76855636739903
dataset/archive/audio_speech_actors_01-24/Actor_07/03-01-08-01-02-01-07.wav,64.5566469603892,58.78220087347536,63.41024951642088,69.40119803553718,52.0601280927726
dataset/archive/audio_speech_actors_01-24/Actor_07/03-01-08-01-02-02-07.wav,60.12293364019564,51.895149917449764,45.26518645106021,66.18439971601747,43.008168190899205
dataset/archive/audio_speech_actors_01-24/Actor_07/03-01-08-02-01-01-07.wav,49.51930302345598,83.78076954644536,48.65635611639178,67.31910029886399,52.9178524361911
dataset/archive/audio_speech_actors_01-24/Actor_07/03-01-08-02-01-02-07.wav,67.53498140132875,81.24060773339068,82.47113759621398,40.805858869832086,86.50347936974978
dataset/archive/audio_speech_actors_01-24/Actor_07/03-01-08-02-02-01-07.wav,64.85587136289226,62.68575532210559,69.18544681183066,59.653550494345524,54.5703416436988
dataset/archive/audio_speech_actors_01-24/Actor_07/03-01-08-02-02-02-07.wav,66.1541552783283,61.73107729516953,52.03405507193531,79.42091016883424,62.163660508757445
dataset/archive/audio_speech_actors_01-24/Actor_08/03-01-01-01-01-01-08.wav,74.14650809822682,49.45768952969296,43.64439022861461,74.40921090197054,87.11036878944122
dataset/archive/audio_speech_actors_01-24/Actor_08/03-01-01-01-01-02-08.wav,82.7790106842307,51.526418403060006,82.79012155518114,84.42074809009273,40.45419317258656
dataset/archive/audio_speech_actors_01-24/Actor_08/03-01-01-01-02-01-08.wav,46.66201630843407,66.48837092970874,54.61284005494695,52.007278183415124,72.38990279566586
dataset/archive/audio_speech_actors_01-24/Actor_08/03-01-01-01-02-02-08.wav,47.462795005752014,46.33133855822556,52.97187389172733,43.12158049118604,76.14445980092981
dataset/archive/audio_speech_actors_01-24/Actor_08/03-01-02-01-01-01-08.wav,63.329069383556075,73.6249790978926,54.533498811513155,78.74728336942164,50.069210748642114
dataset/archive/audio_speech_actors_01-24/Actor_08/03-01-02-01-01-02-08.wav,85.35983059818047,64.58741228854731,63.1311591733148,80.62662276278543,48.06599631126146
dataset/archive/audio_speech_actors_01-24/Actor_08/03-01-02-01-02-01-08.wav,59.95621592046476,87.78385579819886,46.56231947615689,54.44035453586731,70.9866438416461
dataset/archive/audio_speech_actors_01-24/Actor_08/03-01-02-01-02-02-08.wav,74.4212470183624,57.08518157240529,41.89912821000606,67.40313611037746,60.396618930124006
dataset/archive/audio_speech_actors_01-24/Actor_08/03-01-02-02-01-01-08.wav,61.52188576612645,48.058314022839426,82.70860846452064,63.476311372152665,65.85939267175408
dataset/archive/audio_speech_actors_01-24/Actor_08/03-01-02-02-01-02-08.wav,83.91768481851167,79.19495826671358,85.75082204329541,49.99818853918352,40.73509515069338
dataset/archive/audio_speech_actors_01-24/Actor_08/03-01-02-02-02-01-08.wav,50.66673759085906,44.26559501031534,67.63398136134305,73.33751771770775,61.680651792655055
dataset/archive/audio_speech_actors_01-24/Actor_08/03-01-02-02-02-02-08.wav,72.00947133454409,47.96046634731231,53.5191307391715,63.375769232921854,46.904993388216646
dataset/archive/audio_speech_actors_01-24/Actor_08/03-01-03-01-01-01-08.wav,49.981219600467895,74.07900623078069,43.66648632945002,50.532287063627024,47.80979159261546
dataset/archive/audio_speech_actors_01-24/Actor_08/03-01-03-01-01-02-08.wav,57.24143876056393,67.52040565589003,80.01520754509889,52.08330847552049,53.731714836720634
dataset/archive/audio_speech_actors_01-24/Actor_08/03-01-03-01-02-01-08.wav,79.27353590648502,52.60102731225096,43.71792127520812,58.5465286301781,42.18245565516915
dataset/archive/audio_speech_actors_01-24/Actor_08/03-01-03-01-02-02-08.wav,75.97684656518462,69.82803149805194,67.79489558824355,66.44148222689753,62.5931688327764
dataset/archive/audio_speech_actors_01-24/Actor_08/03-01-03-02-01-01-08.wav,70.93019851772682,82.4992177968256,47.08546163574121,46.99347014161405,54.20457140507038
dataset/archive/audio_speech_actors_01-24/Actor_08/03-01-03-02-01-02-08.wav,42.16685581358977,82.83095400023481,75.193654613998,63.78200176561285,61.1635188769055
dataset/archive/audio_speech_actors_01-24/Actor_08/03-01-03-02-02-01-08.wav,83.66815882645975,69.0153773087151,86.15200697678026,85.66248021594485,58.5493732845935
dataset/archive/audio_speech_actors_01-24/Actor_08/03-01-03-02-02-02-08.wav,79.11725019137779,89.98700628555213,71.04850170629302,55.05328395197023,77.01442743142843
dataset/archive/audio_speech_actors_01-24/Actor_08/03-01-04-01-01-01-08.wav,89.87231937638171,55.61759833097669,44.259793512395824,43.79583956350677,82.87342868795014
dataset/archive/audio_speech_actors_01-24/Actor_08/03-01-04-01-01-02-08.wav,76.63014332764457,55.14836984306387,76.39031437918206,77.44800086212899,76.5103994668502
dataset/archive/audio_speech_actors_01-24/Actor_08/03-01-04-01-02-01-08.wav,58.475151164455966,59.740608670911556,61.25312017110467,68.30336705285397,40.02970854617112
dataset/archive/audio_speech_actors_01-24/Actor_08/03-01-04-01-02-02-08.wav,60.880760668482885,57.142326454946826,42.90944613295718,81.85604123901078,63.4380493562741
dataset/archive/audio_speech_actors_01-24/Actor_08/03-01-04-02-01-01-08.wav,43.41377246528492,54.699508267496434,43.862012221809614,47.05957340874897,43.32828854631229
dataset/archive/audio_speech_actors_01-24/Actor_08/03-01-04-02-01-02-08.wav,61.04714310713501,62.76919817894091,47.29025337668779,72.01496407971695,75.27095871610273
dataset/archive/audio_speech_actors_01-24/Actor_08/03-01-04-02-02-01-08.wav,50.99506247337732,87.20819210030169,84.86575235034921,68.07114076274593,41.096486777813816
dataset/archive/audio_speech_actors_01-24/Actor_08/03-01-04-02-02-02-08.wav,67.03156043977445,43.94025963929337,77.21781349784209,73.75511867434916,53.35272840799025
dataset/archive/audio_speech_actors_01-24/Actor_08/03-01-05-01-01-01-08.wav,54.65277657224624,81.30503602028787,57.17463806315587,62.46568007238878,61.303715408102406
dataset/archive/audio_speech_actors_01-24/Actor_08/03-01-05-01-01-02-08.wav,44.06169336531364,40.11129539038542,68.03291324249895,49.867374379001085,88.23332941418082
dataset/archive/audio_speech_actors_01-24/Actor_08/03-01-05-01-02-01-08.wav,41.755915647032666,86.00755655592212,63.75443661547776,69.9256344524672,78.63278504893296
dataset/archive/audio_speech_actors_01-24/Actor_08/03-01-05-01-02-02-08.wav,77.29451327247916,61.9318058256565,66.72542319238869,65.82427395616905,83.743148338635
dataset/archive/audio_speech_actors_01-24/Actor_08/03-01-05-02-01-01-08.wav,47.411538024295,50.38968439073717,41.09815510883351,59.66637023541246,58.58862360128275
dataset/archive/audio_speech_actors_01-24/Actor_08/03-01-05-02-01-02-08.wav,66.18984660743808,75.85548917901768,86.63654452373191,58.80913345628223,50.19935557850981
dataset/archive/audio_speech_actors_01-24/Actor_08/03-01-05-02-02-01-08.wav,67.7768084479872,53.12179053394116,63.60926507229892,84.25858885916224,70.70447750183573
dataset/archive/audio_speech_actors_01-24/Actor_08/03-01-05-02-02-02-08.wav,85.30372797325217,53.80363987998748,75.92250844793885,79.6790785685059,56.64836420828597
dataset/archive/audio_speech_actors_01-24/Actor_08/03-01-06-01-01-01-08.wav,51.96647152283154,67.43669449974439,89.14175959749923,40.91803883748861,80.18737240140084
dataset/archive/audio_speech_actors_01-24/Actor_08/03-01-06-01-01-02-08.wav,61.34274298250498,62.25226267847034,68.91857158008354,54.904523227789134,58.68359786510271
dataset/archive/audio_speech_actors_01-24/Actor_08/03-01-06-01-02-01-08.wav,46.76849567526287,51.37783790464916,54.62707089934147,69.51672578490955,57.497402840526405
dataset/archive/audio_speech_actors_01-24/Actor_08/03-01-06-01-02-02-08.wav,88.34006792488458,50.628851685497374,54.8029449263424,73.43938795217261,62.678537670925664
dataset/archive/audio_speech_actors_01-24/Actor_08/03-01-06-02-01-01-08.wav,72.46600047162136,74.60364742573064,61.87842468268764,55.67589999154598,55.58615712197328
dataset/archive/audio_speech_actors_01-24/Actor_08/03-01-06-02-01-02-08.wav,64.58179272073404,73.64061338798248,56.71966817512675,53.015958373417945,86.34622973940495
dataset/archive/audio_speech_actors_01-24/Actor_08/03-01-06-02-02-01-08.wav,40.756398033719,83.11137786419289,72.01362142060854,75.84528428636027,78.14486394110438
dataset/archive/audio_speech_actors_01-24/Actor_08/03-01-06-02-02-02-08.wav,42.64422822869748,79.32242496509352,45.42240510081013,55.98094372997426,65.09159979747753
dataset/archive/audio_speech_actors_01-24/Actor_08/03-01-07-01-01-01-08.wav,75.68113056297307,83.06312025586294,40.87282293419308,68.34817332569666,46.68830949814232
dataset/archive/audio_speech_actors_01-24/Actor_08/03-01-07-01-01-02-08.wav,67.04073897998148,87.96150631721143,87.3923536665813,57.058885924012905,89.14114612536092
dataset/archive/audio_speech_actors_01-24/Actor_08/03-01-07-01-02-01-08.wav,74.81077466748829,59.26876212063202,87.49275945763915,42.67666120014763,59.25543756233987
dataset/archive/audio_speech_actors_01-24/Actor_08/03-01-07-01-02-02-08.wav,57.48670125271251,61.212393394186876,62.16912535332598,55.15844687352551,77.31470488906788
dataset/archive/audio_speech_actors_01-24/Actor_08/03-01-07-02-01-01-08.wav,48.49990997282701,59.74536732327772,47.04833797494654,46.407230287623335,88.75132204731655
dataset/archive/audio_speech_actors_01-24/Actor_08/03-01-07-02-01-02-08.wav,42.863365992257954,81.30208866268508,72.27235790758385,55.77633028456452,53.75838917454622
dataset/archive/audio_speech_actors_01-24/Actor_08/03-01-07-02-02-01-08.wav,88.0848016315218,69.45514706587223,84.61920629184233,56.89480065282957,69.58328881529077
dataset/archive/audio_speech_actors_01-24/Actor_08/03-01-07-02-02-02-08.wav,59.54774699445037,74.51446882052386,63.31174050278996,47.558255062255995,40.815717898997725
dataset/archive/audio_speech_actors_01-24/Actor_08/03-01-08-01-01-01-08.wav,64.20407066195256,76.4077352435995,49.33708346985836,56.44496140316552,70.48885478243228
dataset/archive/audio_speech_actors_01-24/Actor_08/03-01-08-01-01-02-08.wav,42.853903285160236,75.3043471600991,77.84081947345388,44.934004582837794,44.5663397248376
dataset/archive/audio_speech_actors_01-24/Actor_08/03-01-08-01-02-01-08.wav,76.57219846058135,41.575208047378375,58.91901711072454,56.63284279887287,41.40993384465116
dataset/archive/audio_speech_actors_01-24/Actor_08/03-01-08-01-02-02-08.wav,60.52764240645929,51.49310830774866,74.04191247346256,83.15817150228003,40.31997160465973
dataset/archive/audio_speech_actors_01-24/Actor_08/03-01-08-02-01-01-08.wav,75.55808416057525,78.60236983123377,54.57361072838093,71.62590414173786,41.9617534609365
dataset/archive/audio_speech_actors_01-24/Actor_08/03-01-08-02-01-02-08.wav,40.110646432507764,54.8951472049865,81.03638316538124,66.04227110777234,42.854157032470475
dataset/archive/audio_speech_actors_01-24/Actor_08/03-01-08-02-02-01-08.wav,78.0468030655492,43.774810338118776,73.55584138558709,78.98382074251384,79.13462837507427
dataset/archive/audio_speech_actors_01-24/Actor_08/03-01-08-02-02-02-08.wav,53.74128376558098,49.86088583575594,57.467060265587044,51.55227362867489,53.91916663113927
dataset/archive/audio_speech_actors_01-24/Actor_09/03-01-01-01-01-01-09.wav,73.87237286689195,84.65826876775404,50.93076664121196,89.0438207464941,43.673621022631565
dataset/archive/audio_speech_actors_01-24/Actor_09/03-01-01-01-01-02-09.wav,49.61001510787387,47.93622171141357,52.490042251354495,65.00041649967513,80.7190985495935
dataset/archive/audio_speech_actors_01-24/Actor_09/03-01-01-01-02-01-09.wav,40.004331752931236,54.8463146898432,89.18333688720627,60.511698856690955,76.63868171910582
dataset/archive/audio_speech_actors_01-24/Actor_09/03-01-01-01-02-02-09.wav,71.48119240804553,68.37519924416479,59.400656997242635,55.01927881337898,75.8659837894933
dataset/archive/audio_speech_actors_01-24/Actor_09/03-01-02-01-01-01-09.wav,44.69421316518528,85.15046009568681,85.15002304226006,78.29778576702296,60.720367024751766
dataset/archive/audio_speech_actors_01-24/Actor_09/03-01-02-01-01-02-09.wav,71.70591723928183,63.90230989623491,43.14571506737761,40.44962805902703,40.47066362874257
dataset/archive/audio_speech_actors_01-24/Actor_09/03-01-02-01-02-01-09.wav,63.03314193204035,46.38750482739781,44.25699453697438,48.9257231441042,66.72803173575005
dataset/archive/audio_speech_actors_01-24/Actor_09/03-01-02-01-02-02-09.wav,49.72066459316281,60.12553639227169,52.25091134129702,65.15953850907434,88.20644397514091
dataset/archive/audio_speech_actors_01-24/Actor_09/03-01-02-02-01-01-09.wav,47.70849369379022,64.56330574986924,80.81621945556313,82.68871502999201,43.81699151037232
dataset/archive/audio_speech_actors_01-24/Actor_09/03-01-02-02-01-02-09.wav,83.92789318724382,85.73874097356668,82.78041942423803,80.36415663017532,72.0069606688391
dataset/archive/audio_speech_actors_01-24/Actor_09/03-01-02-02-02-01-09.wav,63.271743973254175,78.41356678758129,60.14187428202588,48.458142823750286,60.72516850433826
dataset/archive/audio_speech_actors_01-24/Actor_09/03-01-02-02-02-02-09.wav,58.39348253047751,55.94474713119591,58.92343177324402,49.21797848806508,51.388887153113316
dataset/archive/audio_speech_actors_01-24/Actor_09/03-01-03-01-01-01-09.wav,73.63019630636269,44.20249322331735,46.06884082340761,74.4810865107512,44.3683002754122
dataset/archive/audio_speech_actors_01-24/Actor_09/03-01-03-01-01-02-09.wav,74.30999724512726,83.32079818857486,47.78395035505221,88.7452581659758,42.433825147086225
dataset/archive/audio_speech_actors_01-24/Actor_09/03-01-03-01-02-01-09.wav,40.31767749342302,64.82974023479929,47.54393801077165,57.87956792056872,54.797424941815045
dataset/archive/audio_speech_actors_01-24/Actor_09/03-01-03-01-02-02-09.wav,61.22336638211402,57.37998380164096,87.44422262874446,55.88937755059354,70.13360940051385
dataset/archive/audio_speech_actors_01-24/Actor_09/03-01-03-02-01-01-09.wav,89.12985106936316,72.75366489595496,56.25679329428965,61.52073077278457,82.7065967994419
dataset/archive/audio_speech_actors_01-24/Actor_09/03-01-03-02-01-02-09.wav,53.5268192464249,86.43222425711926,78.76201626736147,69.99644755087542,80.84577565121006
dataset/archive/audio_speech_actors_01-24/Actor_09/03-01-03-02-02-01-09.wav,41.5604424115036,45.01134196219567,84.79869242824428,53.551669609935274,71.67707998818753
dataset/archive/audio_speech_actors_01-24/Actor_09/03-01-03-02-02-02-09.wav,78.92264001703032,53.37711244526826,60.304528742074055,77.47302589285275,46.117688921199324
dataset/archive/audio_speech_actors_01-24/Actor_09/03-01-04-01-01-01-09.wav,53.15152138123548,41.31386072300302,86.89540678230478,61.141937791307136,70.03591764774394
dataset/archive/audio_speech_actors_01-24/Actor_09/03-01-04-01-01-02-09.wav,43.15866731757111,52.25537329715701,73.39858876771375,70.16653003565688,88.76172708572098
dataset/archive/audio_speech_actors_01-24/Actor_09/03-01-04-01-02-01-09.wav,62.74775915232171,62.219585998807986,86.61942239365746,58.25431652490204,58.49940092786195
dataset/archive/audio_speech_actors_01-24/Actor_09/03-01-04-01-02-02-09.wav,71.92968670520136,50.92367798067737,77.57734248334583,50.81806683268102,78.12102994426243
dataset/archive/audio_speech_actors_01-24/Actor_09/03-01-04-02-01-01-09.wav,45.36018090791107,62.22913976486789,46.89928962372967,48.08052462080711,69.19145126107111
dataset/archive/audio_speech_actors_01-24/Actor_09/03-01-04-02-01-02-09.wav,66.86530862167727,66.21955568360102,61.9012391271972,78.87676872530619,87.95036168108777
dataset/archive/audio_speech_actors_01-24/Actor_09/03-01-04-02-02-01-09.wav,66.164897194312,42.586829764383026,83.02092937201618,66.7858891054332,84.03370643567588
dataset/archive/audio_speech_actors_01-24/Actor_09/03-01-04-02-02-02-09.wav,57.16677884067498,53.22045529049876,70.8218067189922,54.30822050641062,58.1147895045235
dataset/archive/audio_speech_actors_01-24/Actor_09/03-01-05-01-01-01-09.wav,56.04161232270923,43.16618254523671,52.071445996442115,72.34835231050604,66.03772387371549
dataset/archive/audio_speech_actors_01-24/Actor_09/03-01-05-01-01-02-09.wav,79.85642774095577,79.55383455206297,80.00183318939045,83.67759549109002,74.52669168002808
dataset/archive/audio_speech_actors_01-24/Actor_09/03-01-05-01-02-01-09.wav,66.53483065061036,58.980136349851335,57.29242316072472,48.65373830162964,71.00535422270119
dataset/archive/audio_speech_actors_01-24/Actor_09/03-01-05-01-02-02-09.wav,51.377810063711465,40.4057391787945,40.792382898090096,47.40576344748558,66.68331866274559
dataset/archive/audio_speech_actors_01-24/Actor_09/03-01-05-02-01-01-09.wav,52.11159187316735,69.2374397904852,87.7009648614999,41.92979142698269,51.489252626203196
dataset/archive/audio_speech_actors_01-24/Actor_09/03-01-05-02-01-02-09.wav,61.567818081230115,72.46480145850975,61.41860174564732,68.1592057003545,46.71506595374061
dataset/archive/audio_speech_actors_01-24/Actor_09/03-01-05-02-02-01-09.wav,59.470030832293624,46.72123052001876,68.16126379709868,50.09015901769085,45.91446491447201
dataset/archive/audio_speech_actors_01-24/Actor_09/03-01-05-02-02-02-09.wav,75.7906759937375,44.99205851130298,40.357451861264444,51.43745459208181,71.80937421297521
dataset/archive/audio_speech_actors_01-24/Actor_09/03-01-06-01-01-01-09.wav,41.30781028271192,89.49771624391643,57.98052401119081,60.11862630639038,63.60458526223154
dataset/archive/audio_speech_actors_01-24/Actor_09/03-01-06-01-01-02-09.wav,55.301845794473884,47.62765375346221,47.00165050729839,86.53459742635393,77.99740813750563
dataset/archive/audio_speech_actors_01-24/Actor_09/03-01-06-01-02-01-09.wav,64.3986500972586,72.9580972774921,64.29986450294982,52.139648618466595,45.99920628523494
dataset/archive/audio_speech_actors_01-24/Actor_09/03-01-06-01-02-02-09.wav,40.96699873499634,55.607393739282934,73.16063467879331,56.967739400642635,63.66508150181578
dataset/archive/audio_speech_actors_01-24/Actor_09/03-01-06-02-01-01-09.wav,67.71571132505258,62.045070651516895,82.80140934584387,67.84428770316146,73.48822319659116
dataset/archive/audio_speech_actors_01-24/Actor_09/03-01-06-02-01-02-09.wav,80.39908499887983,49.36980676936868,67.38411887482988,88.70531518861775,88.61733955513935
dataset/archive/audio_speech_actors_01-24/Actor_09/03-01-06-02-02-01-09.wav,83.22889106264617,84.08633840474857,67.18242662483004,51.66561636278773,48.19570428234812
dataset/archive/audio_speech_actors_01-24/Actor_09/03-01-06-02-02-02-09.wav,43.28837044147248,65.0748502448539,50.18935411069841,84.89973437068403,63.63028237370814
dataset/archive/audio_speech_actors_01-24/Actor_09/03-01-07-01-01-01-09.wav,65.29592412872107,63.34490560698349,81.2311790036293,53.91230462642963,80.16119925557803
dataset/archive/audio_speech_actors_01-24/Actor_09/03-01-07-01-01-02-09.wav,70.09396808007733,42.40838615811574,64.88521246833776,79.92451637492562,48.684313530497285
dataset/archive/audio_speech_actors_01-24/Actor_09/03-01-07-01-02-01-09.wav,86.82859056620711,49.20455310487018,43.429090026322555,48.67140626284024,40.762982793893144
dataset/archive/audio_speech_actors_01-24/Actor_09/03-01-07-01-02-02-09.wav,78.95101012985475,69.5569202828696,80.85828947709624,70.10872529593836,45.39954366784897
dataset/archive/audio_speech_actors_01-24/Actor_09/03-01-07-02-01-01-09.wav,88.8373086789484,60.3719346763668,77.04409413146067,79.20477752997348,80.79260798159137
dataset/archive/audio_speech_actors_01-24/Actor_09/03-01-07-02-01-02-09.wav,71.93184424250309,84.91728104396984,74.93238884442823,89.47361391469241,69.45258916345222
dataset/archive/audio_speech_actors_01-24/Actor_09/03-01-07-02-02-01-09.wav,40.0153742483039,81.49084131324639,63.28899885860036,86.7960808397313,57.463645850456984
dataset/archive/audio_speech_actors_01-24/Actor_09/03-01-07-02-02-02-09.wav,86.3837590185361,62.10170768911692,52.48273584725521,79.08192153775305,77.77843642996525
dataset/archive/audio_speech_actors_01-24/Actor_09/03-01-08-01-01-01-09.wav,78.27791047234184,71.27518848618097,69.61971327350432,69.62403353577574,87.26045210816841
dataset/archive/audio_speech_actors_01-24/Actor_09/03-01-08-01-01-02-09.wav,64.6132724898951,65.20103414703233,43.09203364950852,41.392873620129876,48.66083643032707
dataset/archive/audio_speech_actors_01-24/Actor_09/03-01-08-01-02-01-09.wav,75.5205146139371,45.039201412424546,72.56608064100101,74.00198760542122,41.189457355711205
dataset/archive/audio_speech_actors_01-24/Actor_09/03-01-08-01-02-02-09.wav,62.88296361579767,42.82927329858358,67.16668443628711,49.70710674628865,53.16619621263461
dataset/archive/audio_speech_actors_01-24/Actor_09/03-01-08-02-01-01-09.wav,82.97960667809876,49.7268134670326,59.99120457530739,46.18094609794766,69.48333778504681
dataset/archive/audio_speech_actors_01-24/Actor_09/03-01-08-02-01-02-09.wav,87.1956045393355,61.08350528978466,79.46266196123024,77.5106945138569,76.94241166515003
dataset/archive/audio_speech_actors_01-24/Actor_09/03-01-08-02-02-01-09.wav,69.45132489251827,64.03008985837553,60.158259840631644,52.27599879705423,48.82764253582201
dataset/archive/audio_speech_actors_01-24/Actor_09/03-01-08-02-02-02-09.wav,40.48222793218776,53.43929217564682,57.48881349072329,42.025388316484005,65.53829062956117
dataset/archive/audio_speech_actors_01-24/Actor_10/03-01-01-01-01-01-10.wav,89.02887571365098,44.81243390330099,87.28503198040806,83.28629951343953,58.12718599953412
dataset/archive/audio_speech_actors_01-24/Actor_10/03-01-01-01-01-02-10.wav,85.86428680943831,43.657264204218386,73.65099441948634,62.37772893417062,78.83593086764381
dataset/archive/audio_speech_actors_01-24/Actor_10/03-01-01-01-02-01-10.wav,48.28824806640513,82.79895575110612,59.74666126319096,60.035640478866206,76.68238017713773
dataset/archive/audio_speech_actors_01-24/Actor_10/03-01-01-01-02-02-10.wav,70.7317923697496,83.2141900468454,74.55849440128097,58.68746711310891,86.10983185617648
dataset/archive/audio_speech_actors_01-24/Actor_10/03-01-02-01-01-01-10.wav,51.383176347997605,72.30315134951691,60.81090015128904,80.38064676821173,60.29711850222115
dataset/archive/audio_speech_actors_01-24/Actor_10/03-01-02-01-01-02-10.wav,74.91634705741534,80.064090390254,58.745859732891134,71.76210216609839,63.816069447154845
dataset/archive/audio_speech_actors_01-24/Actor_10/03-01-02-01-02-01-10.wav,40.150514272287836,89.4382404484756,87.86187188610066,40.355197303092055,55.460564298302465
dataset/archive/audio_speech_actors_01-24/Actor_10/03-01-02-01-02-02-10.wav,68.04968901890298,55.96870987830836,87.73068864288723,87.47881750514264,56.2044773261364
dataset/archive/audio_speech_actors_01-24/Actor_10/03-01-02-02-01-01-10.wav,52.20138121377664,88.67672150156099,54.32667135051932,59.890651331733295,46.855458989723694
dataset/archive/audio_speech_actors_01-24/Actor_10/03-01-02-02-01-02-10.wav,43.81506391354141,70.09706043437131,46.58898708086616,42.74996798726794,63.726533805487435
dataset/archive/audio_speech_actors_01-24/Actor_10/03-01-02-02-02-01-10.wav,42.20473072688999,48.60071554420759,59.04487756194456,80.65073368347073,76.02183861108257
dataset/archive/audio_speech_actors_01-24/Actor_10/03-01-02-02-02-02-10.wav,67.66954914171366,81.02144640064841,65.21946974874857,74.73094162575396,56.08114413156021
dataset/archive/audio_speech_actors_01-24/Actor_10/03-01-03-01-01-01-10.wav,40.30527484339657,44.95627262601171,40.584683473193536,61.93326211943892,60.9916599620029
dataset/archive/audio_speech_actors_01-24/Actor_10/03-01-03-01-01-02-10.wav,81.62381993426246,64.49861100414334,43.93887363887242,83.7181175185489,72.96720994734605
dataset/archive/audio_speech_actors_01-24/Actor_10/03-01-03-01-02-01-10.wav,64.01807015706129,70.75585050631068,88.48285182750118,59.290329074879836,53.10675641765535
dataset/archive/audio_speech_actors_01-24/Actor_10/03-01-03-01-02-02-10.wav,75.12500308245063,88.14230661185769,60.28942953859014,66.23368689118604,56.7239592565419
dataset/archive/audio_speech_actors_01-24/Actor_10/03-01-03-02-01-01-10.wav,53.230743641817995,84.15724772626123,75.53227383096115,86.30205658092738,68.0066754711817
dataset/archive/audio_speech_actors_01-24/Actor_10/03-01-03-02-01-02-10.wav,79.44222269793732,41.6121801405879,77.13366930729723,87.4839704722136,68.70439124769645
dataset/archive/audio_speech_actors_01-24/Actor_10/03-01-03-02-02-01-10.wav,46.633606620362215,87.60545633691227,45.72245287943461,47.372306934178795,47.73700414565273
dataset/archive/audio_speech_actors_01-24/Actor_10/03-01-03-02-02-02-10.wav,60.45451218232468,69.35708304316732,43.447898506898746,86.16715776996563,68.85788289302477
dataset/archive/audio_speech_actors_01-24/Actor_10/03-01-04-01-01-01-10.wav,74.31847728974714,53.4753399756141,44.757791491126554,66.26838582903868,77.6620288957424
dataset/archive/audio_speech_actors_01-24/Actor_10/03-01-04-01-01-02-10.wav,68.22337679530246,61.90745786845409,67.39947794470338,50.17342965506068,84.01131796555978
dataset/archive/audio_speech_actors_01-24/Actor_10/03-01-04-01-02-01-10.wav,80.98283816035973,69.55972187005746,40.437921153632566,52.03118709081095,79.26092045691452
dataset/archive/audio_speech_actors_01-24/Actor_10/03-01-04-01-02-02-10.wav,62.883954303246725,61.292300440582295,46.28835940340371,68.66629791064383,63.42196275377471
dataset/archive/audio_speech_actors_01-24/Actor_10/03-01-04-02-01-01-10.wav,50.51695472857378,57.04893449688778,54.294820303215786,66.2717254733531,44.68937499360198
dataset/archive/audio_speech_actors_01-24/Actor_10/03-01-04-02-01-02-10.wav,89.24566927943351,45.666734761269645,61.17381108144942,84.6128788242041,59.33138209771164
dataset/archive/audio_speech_actors_01-24/Actor_10/03-01-04-02-02-01-10.wav,41.28505454142557,78.88535791966106,44.06944154316002,70.06737127663654,81.8678069527972
dataset/archive/audio_speech_actors_01-24/Actor_10/03-01-04-02-02-02-10.wav,46.506598290760415,49.6110905937763,52.46979576934213,41.63538412936979,74.68683418264465
dataset/archive/audio_speech_actors_01-24/Actor_10/03-01-05-01-01-01-10.wav,66.30455003462649,55.42350284178596,77.32729985176886,72.94869632974202,52.225151727398554
dataset/archive/audio_speech_actors_01-24/Actor_10/03-01-05-01-01-02-10.wav,80.6278300980756,60.132995282119225,58.971357694536835,88.80973644808786,57.34807590800952
dataset/archive/audio_speech_actors_01-24/Actor_10/03-01-05-01-02-01-10.wav,47.08419902782856,50.483391877408465,62.43418019523651,47.705448593796135,55.22922161409658
dataset/archive/audio_speech_actors_01-24/Actor_10/03-01-05-01-02-02-10.wav,73.1177569863096,79.01410816944579,73.98963512899249,56.639670823634354,75.65601013396682
dataset/archive/audio_speech_actors_01-24/Actor_10/03-01-05-02-01-01-10.wav,81.3110415988667,79.31789745267751,40.70920049905739,89.61355577415932,83.29514766819338
dataset/archive/audio_speech_actors_01-24/Actor_10/03-01-05-02-01-02-10.wav,42.32194082877648,84.78124146856031,89.6774716963665,43.0846514373911,60.65920815426699
dataset/archive/audio_speech_actors_01-24/Actor_10/03-01-05-02-02-01-10.wav,49.651626408728745,62.81306515390597,52.67967900231815,42.324047337694914,69.10962243245902
dataset/archive/audio_speech_actors_01-24/Actor_10/03-01-05-02-02-02-10.wav,67.82383077857489,77.29919002608621,61.614333754245266,68.6594591572306,62.784301316858325
dataset/archive/audio_speech_actors_01-24/Actor_10/03-01-06-01-01-01-10.wav,46.18961249138089,50.51039112062499,54.640207254091166,47.46056130428126,55.00453194267775
dataset/archive/audio_speech_actors_01-24/Actor_10/03-01-06-01-01-02-10.wav,67.63652698835969,66.572385450161,78.0081430418885,67.34194650639955,65.40673196551988
dataset/archive/audio_speech_actors_01-24/Actor_10/03-01-06-01-02-01-10.wav,43.92664403198427,50.60705596062655,78.6732072072069,80.11116250564314,70.8544932242099
dataset/archive/audio_speech_actors_01-24/Actor_10/03-01-06-01-02-02-10.wav,50.03314630533193,70.35042654013218,64.92959585595815,70.46526746469368,71.94843428875699
dataset/archive/audio_speech_actors_01-24/Actor_10/03-01-06-02-01-01-10.wav,58.36981221279618,81.40066631050303,80.08122475319115,73.9864092729513,86.77358886712514
dataset/archive/audio_speech_actors_01-24/Actor_10/03-01-06-02-01-02-10.wav,49.42391492140432,79.34486492130347,60.72799578557894,43.7333566065454,64.55622770581492
dataset/archive/audio_speech_actors_01-24/Actor_10/03-01-06-02-02-01-10.wav,56.378190472519044,85.4367334268345,68.01534352626567,48.50409915998428,88.12742456481907
dataset/archive/audio_speech_actors_01-24/Actor_10/03-01-06-02-02-02-10.wav,59.09561535243604,47.44114233449687,69.32908799709226,84.73842603485056,62.53974755240463
dataset/archive/audio_speech_actors_01-24/Actor_10/03-01-07-01-01-01-10.wav,44.42170905597578,62.06114673195108,88.8452304932548,84.20486227098422,81.48306476522075
dataset/archive/audio_speech_actors_01-24/Actor_10/03-01-07-01-01-02-10.wav,65.75595215511098,71.3050288392989,68.5640199160841,87.15028867734637,76.93140040806418
dataset/archive/audio_speech_actors_01-24/Actor_10/03-01-07-01-02-01-10.wav,40.50484552662273,40.65033359971343,52.91269406608279,44.29603595942451,42.13072136113257
dataset/archive/audio_speech_actors_01-24/Actor_10/03-01-07-01-02-02-10.wav,79.22156934550519,63.86741591702459,46.13119022019872,42.081413976966985,67.3754871466795
dataset/archive/audio_speech_actors_01-24/Actor_10/03-01-07-02-01-01-10.wav,47.12689179817473,85.53089056076755,74.29725765762075,45.95351698115882,88.48933837059244
dataset/archive/audio_speech_actors_01-24/Actor_10/03-01-07-02-01-02-10.wav,88.26485488472329,62.9326299600721,88.0969796004629,75.18512408420929,83.40682239197915
dataset/archive/audio_speech_actors_01-24/Actor_10/03-01-07-02-02-01-10.wav,88.90784126499658,46.023104072403896,66.59858024875658,88.41614693381085,62.64994356211224
dataset/archive/audio_speech_actors_01-24/Actor_10/03-01-07-02-02-02-10.wav,72.28344087978729,41.40374976893786,87.15956180716934,81.58114001878012,76.77534668520974
dataset/archive/audio_speech_actors_01-24/Actor_10/03-01-08-01-01-01-10.wav,76.76110474106133,50.732643450034196,63.31236541617457,56.664570989685245,56.86557841221979
dataset/archive/audio_speech_actors_01-24/Actor_10/03-01-08-01-01-02-10.wav,86.72526186558767,89.92484925124907,70.6910680522806,75.01136504783487,74.69610751340073
dataset/archive/audio_speech_actors_01-24/Actor_10/03-01-08-01-02-01-10.wav,83.75073035406615,42.94177238431218,71.17335929479304,41.717442260365345,74.46340826741229
dataset/archive/audio_speech_actors_01-24/Actor_10/03-01-08-01-02-02-10.wav,65.60025097088854,70.24688128141999,49.093495175779566,47.723505892230634,44.312821641245876
dataset/archive/audio_speech_actors_01-24/Actor_10/03-01-08-02-01-01-10.wav,51.455582440340905,63.29772604581984,52.28266486958566,68.80425851805104,78.23787220915202
dataset/archive/audio_speech_actors_01-24/Actor_10/03-01-08-02-01-02-10.wav,80.47357477574127,55.270049074745266,75.32546404631485,60.87627167946795,88.29495984136237
dataset/archive/audio_speech_actors_01-24/Actor_10/03-01-08-02-02-01-10.wav,51.85606057140326,62.14942295255461,87.841957263182,60.16671337051821,59.7553347565449
dataset/archive/audio_speech_actors_01-24/Actor_10/03-01-08-02-02-02-10.wav,83.96866723331217,76.36338876661962,73.5888612086033,61.290644650725945,68.03950185993914
dataset/archive/audio_speech_actors_01-24/Actor_11/03-01-01-01-01-01-11.wav,69.78655602492451,75.2956686825386,80.58822787826348,72.47088314334633,84.12429878676073
dataset/archive/audio_speech_actors_01-24/Actor_11/03-01-01-01-01-02-11.wav,45.15614993366727,43.18858919198004,76.11689321337823,46.71228312154959,70.11781280038107
dataset/archive/audio_speech_actors_01-24/Actor_11/03-01-01-01-02-01-11.wav,58.32366045531129,62.74708622703538,76.44541656446822,81.47897666347663,66.67726467159034
dataset/archive/audio_speech_actors_01-24/Actor_11/03-01-01-01-02-02-11.wav,86.67196606233256,83.53889617810788,87.62275852178145,76.26024699142903,78.09073633714915
dataset/archive/audio_speech_actors_01-24/Actor_11/03-01-02-01-01-01-11.wav,61.31967036022895,55.03847403042043,45.04487695575384,47.363772728448254,60.685361512734815
dataset/archive/audio_speech_actors_01-24/Actor_11/03-01-02-01-01-02-11.wav,61.92997831974861,53.205397328802434,44.356465251811265,81.23695978662857,65.41110128688757
dataset/archive/audio_speech_actors_01-24/Actor_11/03-01-02-01-02-01-11.wav,60.52209276038727,66.71928050123468,75.504864591927,62.12103569298904,65.50628317777395
dataset/archive/audio_speech_actors_01-24/Actor_11/03-01-02-01-02-02-11.wav,59.40950391269282,77.25020790518712,88.67116333622778,42.08869729187799,57.138122017511726
dataset/archive/audio_speech_actors_01-24/Actor_11/03-01-02-02-01-01-11.wav,41.89130002892507,42.8323987623628,52.31263436531117,86.34206446307158,87.02454193544374
dataset/archive/audio_speech_actors_01-24/Actor_11/03-01-02-02-01-02-11.wav,67.10489544013174,41.08128411482489,83.49576580253822,85.46850347180491,55.196693211565375
dataset/archive/audio_speech_actors_01-24/Actor_11/03-01-02-02-02-01-11.wav,63.225786068097335,45.65004853747175,53.44052967776201,78.31183786110263,76.65777369308411
dataset/archive/audio_speech_actors_01-24/Actor_11/03-01-02-02-02-02-11.wav,88.69486850734131,69.30557000050408,76.58104484854815,41.96933489610742,42.29422036620061
dataset/archive/audio_speech_actors_01-24/Actor_11/03-01-03-01-01-01-11.wav,81.45381430597973,50.83908098477794,51.64078609862856,80.70734718745356,72.19065473692052
dataset/archive/audio_speech_actors_01-24/Actor_11/03-01-03-01-01-02-11.wav,70.94904409754457,42.010118564636024,84.17526707363172,45.351780381346416,68.06112712055253
dataset/archive/audio_speech_actors_01-24/Actor_11/03-01-03-01-02-01-11.wav,84.8347207838532,81.00146552396758,73.42353614009227,43.28300448013451,80.62142846230542
dataset/archive/audio_speech_actors_01-24/Actor_11/03-01-03-01-02-02-11.wav,59.60702592263103,74.31345322174874,73.89890604883905,45.784985705387335,57.43672677447297
dataset/archive/audio_speech_actors_01-24/Actor_11/03-01-03-02-01-01-11.wav,46.76517337434359,53.929858080012885,44.58421147330047,69.72354629230824,54.03774497167568
dataset/archive/audio_speech_actors_01-24/Actor_11/03-01-03-02-01-02-11.wav,47.83772460395257,40.578091676761176,66.9697714932326,73.97879110355841,47.2758354823969
dataset/archive/audio_speech_actors_01-24/Actor_11/03-01-03-02-02-01-11.wav,45.142175771077056,84.28884849431513,82.08146067598133,63.778407621800646,81.85883873836475
dataset/archive/audio_speech_actors_01-24/Actor_11/03-01-03-02-02-02-11.wav,46.406529572468656,73.03797521996438,75.3339671448453,57.725294175190314,65.08010157432679
dataset/archive/audio_speech_actors_01-24/Actor_11/03-01-04-01-01-01-11.wav,88.12553924686992,52.34438285534392,50.84146361781485,57.462258563046205,82.23445552018458
dataset/archive/audio_speech_actors_01-24/Actor_11/03-01-04-01-01-02-11.wav,52.193472446206464,73.98710757982471,61.107897566784935,70.59174974950557,73.60588251227821
dataset/archive/audio_speech_actors_01-24/Actor_11/03-01-04-01-02-01-11.wav,53.6470137022054,44.10832710258893,78.9941827297535,42.54178669394316,78.50085205749824
dataset/archive/audio_speech_actors_01-24/Actor_11/03-01-04-01-02-02-11.wav,86.63582785154505,85.66539237287202,46.242059552257345,49.22737698498506,88.67917561065003
dataset/archive/audio_speech_actors_01-24/Actor_11/03-01-04-02-01-01-11.wav,88.18702541055046,81.3747018018379,87.11417688695154,53.001396286755075,59.43106578620305
dataset/archive/audio_speech_actors_01-24/Actor_11/03-01-04-02-01-02-11.wav,63.888112798838705,53.626316928889295,61.29364658774194,89.64480111395685,53.542147133123365
dataset/archive/audio_speech_actors_01-24/Actor_11/03-01-04-02-02-01-11.wav,46.57583633408012,89.4839738991054,45.66475484600163,73.31144787367293,85.22254462994603
dataset/archive/audio_speech_actors_01-24/Actor_11/03-01-04-02-02-02-11.wav,58.13388631421738,42.09660578525919,79.28332267769935,71.94157580443877,54.89819049311699
dataset/archive/audio_speech_actors_01-24/Actor_11/03-01-05-01-01-01-11.wav,86.85272330001828,88.70880615255403,65.56325462560542,43.56054363942197,50.93124047836662
dataset/archive/audio_speech_actors_01-24/Actor_11/03-01-05-01-01-02-11.wav,77.33826430263326,63.24049130867601,77.19732423472195,48.349618198766194,62.56380232653231
dataset/archive/audio_speech_actors_01-24/Actor_11/03-01-05-01-02-01-11.wav,52.46516767398055,88.84881353390212,76.32547532089207,73.19497304690947,88.11807370936977
dataset/archive/audio_speech_actors_01-24/Actor_11/03-01-05-01-02-02-11.wav,71.52550737722804,70.51187323586763,76.35172106445577,79.28905364960903,47.393452784789616
dataset/archive/audio_speech_actors_01-24/Actor_11/03-01-05-02-01-01-11.wav,62.719418794490316,68.01032494843194,81.72718199228777,83.83016587656061,46.131709036579196
dataset/archive/audio_speech_actors_01-24/Actor_11/03-01-05-02-01-02-11.wav,65.52135737066153,67.28461025060562,64.95863808581583,66.05883119155573,48.68356103841592
dataset/archive/audio_speech_actors_01-24/Actor_11/03-01-05-02-02-01-11.wav,72.47434317131706,81.9602872199044,89.55292966362089,77.68090626094589,69.33643886561804
dataset/archive/audio_speech_actors_01-24/Actor_11/03-01-05-02-02-02-11.wav,52.0022074313311,55.7419048266402,66.89147421921152,67.54991297973571,89.42448922706828
dataset/archive/audio_speech_actors_01-24/Actor_11/03-01-06-01-01-01-11.wav,81.56466669763185,89.73059517466908,43.30485374208905,47.65631558576742,70.45229276189968
dataset/archive/audio_speech_actors_01-24/Actor_11/03-01-06-01-01-02-11.wav,67.64075135571082,42.8150616702873,43.06124472593205,86.69367984561751,64.45772051007097
dataset/archive/audio_speech_actors_01-24/Actor_11/03-01-06-01-02-01-11.wav,59.82679608385268,78.54644920038422,82.10401939773645,86.75547117611532,87.44117969457244
dataset/archive/audio_speech_actors_01-24/Actor_11/03-01-06-01-02-02-11.wav,64.5846174184187,89.32643563168499,72.62761069110749,41.77878533103845,65.2006547780155
dataset/archive/audio_speech_actors_01-24/Actor_11/03-01-06-02-01-01-11.wav,42.979802802330475,87.95908496934588,85.79665583111023,81.43443756625537,45.245693545960386
dataset/archive/audio_speech_actors_01-24/Actor_11/03-01-06-02-01-02-11.wav,73.00018009758867,68.93578467428011,67.683030400641,57.37161535068313,63.605379491967106
dataset/archive/audio_speech_actors_01-24/Actor_11/03-01-06-02-02-01-11.wav,56.317474789566184,77.81567987038335,67.40681742591539,57.1399294546386,40.64551391271801
dataset/archive/audio_speech_actors_01-24/Actor_11/03-01-06-02-02-02-11.wav,63.00853725406516,69.12433341598627,56.90177281109963,41.63509527512381,56.13418340621066
dataset/archive/audio_speech_actors_01-24/Actor_11/03-01-07-01-01-01-11.wav,77.01905393159456,62.026536207020555,77.05733912845034,82.5392693468936,75.99829022053783
dataset/archive/audio_speech_actors_01-24/Actor_11/03-01-07-01-01-02-11.wav,45.18718703238793,67.0866239285267,81.55704637084149,44.41450801084834,81.11615900297373
dataset/archive/audio_speech_actors_01-24/Actor_11/03-01-07-01-02-01-11.wav,41.15350076396747,69.31748917171907,41.67672968991015,77.61922643262832,45.070106998489955
dataset/archive/audio_speech_actors_01-24/Actor_11/03-01-07-01-02-02-11.wav,62.18747485098174,59.6412158092425,86.32439047087158,42.00813334353176,81.65947178027798
dataset/archive/audio_speech_actors_01-24/Actor_11/03-01-07-02-01-01-11.wav,68.07086429353721,70.2527168251537,74.76108579197698,78.93125013151345,73.7051135841
dataset/archive/audio_speech_actors_01-24/Actor_11/03-01-07-02-01-02-11.wav,86.8355169879668,70.34651201503574,83.94064319678796,75.3856992660624,55.70975304368285
dataset/archive/audio_speech_actors_01-24/Actor_11/03-01-07-02-02-01-11.wav,59.14781583770724,64.88292144916676,68.91884633488695,71.28066390982644,72.87263081309422
dataset/archive/audio_speech_actors_01-24/Actor_11/03-01-07-02-02-02-11.wav,50.192161713708174,56.731890725776736,50.525426332913305,70.66806938887605,46.17342199139181
dataset/archive/audio_speech_actors_01-24/Actor_11/03-01-08-01-01-01-11.wav,77.62492023506732,43.112516100896805,47.49910439791876,73.38209370146419,55.17303827022712
dataset/archive/audio_speech_actors_01-24/Actor_11/03-01-08-01-01-02-11.wav,44.07554822849659,42.6207415065361,86.8982488452526,76.0532075963373,56.509891460374035
dataset/archive/audio_speech_actors_01-24/Actor_11/03-01-08-01-02-01-11.wav,49.22081209471561,72.8690206699381,78.66206456246897,68.3248761607918,40.76684612283422
dataset/archive/audio_speech_actors_01-24/Actor_11/03-01-08-01-02-02-11.wav,59.73706894443933,41.20427503202761,61.40246899029564,73.22549517945461,40.42423950111187
dataset/archive/audio_speech_actors_01-24/Actor_11/03-01-08-02-01-01-11.wav,63.905513342980996,78.68188336931533,75.55505932476089,49.7428489734624,43.253124100644875
dataset/archive/audio_speech_actors_01-24/Actor_11/03-01-08-02-01-02-11.wav,61.725200572250316,69.42795637699524,56.931126742104865,74.84338761835232,76.00344640003107
dataset/archive/audio_speech_actors_01-24/Actor_11/03-01-08-02-02-01-11.wav,64.97232889954853,53.32370724861785,57.77808086811879,64.6968725439518,70.00096257931303
dataset/archive/audio_speech_actors_01-24/Actor_11/03-01-08-02-02-02-11.wav,60.59915871916595,52.95088260831119,72.79443630110401,53.130803356944824,73.79071659555088
dataset/archive/audio_speech_actors_01-24/Actor_12/03-01-01-01-01-01-12.wav,71.38124559115965,78.13064081674247,49.627189749707824,47.094540773989664,81.80212719910851
dataset/archive/audio_speech_actors_01-24/Actor_12/03-01-01-01-01-02-12.wav,73.06767290557221,76.9257756344258,57.16568345796091,84.68391606499239,74.21672219879252
dataset/archive/audio_speech_actors_01-24/Actor_12/03-01-01-01-02-01-12.wav,54.170009175981335,56.91133615793862,44.671480641562184,67.08130803582925,43.60875914021594
dataset/archive/audio_speech_actors_01-24/Actor_12/03-01-01-01-02-02-12.wav,84.15955126144318,54.62497857476771,44.887395931661956,80.07631415880938,80.46541213031375
dataset/archive/audio_speech_actors_01-24/Actor_12/03-01-02-01-01-01-12.wav,79.71844222361852,59.86112678755894,72.281788986963,79.22501046205116,51.51332255168636
dataset/archive/audio_speech_actors_01-24/Actor_12/03-01-02-01-01-02-12.wav,87.10102126187189,62.93590733406905,66.50023996327795,65.26179895190488,64.386521689582
dataset/archive/audio_speech_actors_01-24/Actor_12/03-01-02-01-02-01-12.wav,86.86987383197294,66.93306584484604,56.34856094970766,44.873178319935185,52.27004308881415
dataset/archive/audio_speech_actors_01-24/Actor_12/03-01-02-01-02-02-12.wav,73.14296978869108,87.08206057414112,71.77478899603457,64.46002286963699,71.6474960224334
dataset/archive/audio_speech_actors_01-24/Actor_12/03-01-02-02-01-01-12.wav,58.32552299448545,56.44659203230425,59.29219311076847,58.281540078904364,88.56982591425461
dataset/archive/audio_speech_actors_01-24/Actor_12/03-01-02-02-01-02-12.wav,69.93563139288857,84.36888127083128,44.52757107533456,88.79782309187897,64.87955174566355
dataset/archive/audio_speech_actors_01-24/Actor_12/03-01-02-02-02-01-12.wav,75.36946912428795,60.149801947677204,66.82636032678859,76.322396952377,51.887707497442555
dataset/archive/audio_speech_actors_01-24/Actor_12/03-01-02-02-02-02-12.wav,75.57799287622424,74.03428341773545,57.47198067305297,44.52426943270676,52.02336581188304
dataset/archive/audio_speech_actors_01-24/Actor_12/03-01-03-01-01-01-12.wav,86.08326061164703,67.59197232661985,55.551431076592216,76.30453821358486,43.135629286923155
dataset/archive/audio_speech_actors_01-24/Actor_12/03-01-03-01-01-02-12.wav,54.792325000037295,62.98172500120293,57.57688464657727,67.75959468327008,64.47877085152317
dataset/archive/audio_speech_actors_01-24/Actor_12/03-01-03-01-02-01-12.wav,47.548470048620054,55.318920725095424,70.6788802769886,61.20052533260262,74.10875453034916
dataset/archive/audio_speech_actors_01-24/Actor_12/03-01-03-01-02-02-12.wav,85.50266294340685,89.62809581256073,54.00392968642708,65.53999343770116,53.38502819197666
dataset/archive/audio_speech_actors_01-24/Actor_12/03-01-03-02-01-01-12.wav,47.70154114299852,55.373613032856156,44.13589564249521,83.6451890571782,46.25992138159214
dataset/archive/audio_speech_actors_01-24/Actor_12/03-01-03-02-01-02-12.wav,75.19681715122428,87.48730528688648,41.65731507017414,67.59355405315836,71.26355562439163
dataset/archive/audio_speech_actors_01-24/Actor_12/03-01-03-02-02-01-12.wav,75.84757541209939,41.955347525112686,47.27238958183163,78.88476877775989,55.43237420993502
dataset/archive/audio_speech_actors_01-24/Actor_12/03-01-03-02-02-02-12.wav,58.60827252604463,45.427849618878604,53.623934907528295,60.02780878579654,81.71567961439011
dataset/archive/audio_speech_actors_01-24/Actor_12/03-01-04-01-01-01-12.wav,70.23464999594998,44.579660441064846,42.34057191246418,72.71421145156428,87.58554299978486
dataset/archive/audio_speech_actors_01-24/Actor_12/03-01-04-01-01-02-12.wav,43.25525733859762,43.42435339135333,71.57203525991049,40.34213981962321,63.74491376435107
dataset/archive/audio_speech_actors_01-24/Actor_12/03-01-04-01-02-01-12.wav,52.43985559234685,63.948360039050755,41.961806144827385,71.79156527171595,55.03460573214944
dataset/archive/audio_speech_actors_01-24/Actor_12/03-01-04-01-02-02-12.wav,63.24551729508262,87.08792599538843,70.45121742829674,59.48940935352631,67.56836336954993
dataset/archive/audio_speech_actors_01-24/Actor_12/03-01-04-02-01-01-12.wav,69.68655902500423,61.19266153766987,44.08876681497173,63.42196277975086,64.84594602170418
dataset/archive/audio_speech_actors_01-24/Actor_12/03-01-04-02-01-02-12.wav,59.31398222925934,48.344567217560325,71.93002544675701,79.18063223110153,86.17633349080377
dataset/archive/audio_speech_actors_01-24/Actor_12/03-01-04-02-02-01-12.wav,66.10025659831521,78.15344016707775,75.12655787867155,60.37737393631839,46.95889789457165
dataset/archive/audio_speech_actors_01-24/Actor_12/03-01-04-02-02-02-12.wav,45.362890228574834,71.48660244018899,63.09834302543764,57.7476576776302,60.161135144745295
dataset/archive/audio_speech_actors_01-24/Actor_12/03-01-05-01-01-01-12.wav,66.63842116453927,52.10220807983748,67.91288986711879,41.492571038206435,64.31003404961386
dataset/archive/audio_speech_actors_01-24/Actor_12/03-01-05-01-01-02-12.wav,49.16928906362669,74.27747341337411,79.57795606280749,50.10154441974023,73.74002692236594
dataset/archive/audio_speech_actors_01-24/Actor_12/03-01-05-01-02-01-12.wav,49.22057134865504,75.04584623373471,58.59696523211823,85.58883985108245,45.67968083811624
dataset/archive/audio_speech_actors_01-24/Actor_12/03-01-05-01-02-02-12.wav,56.59687886108532,70.6073732144471,41.10213585527319,49.07492773643989,80.6378628442843
dataset/archive/audio_speech_actors_01-24/Actor_12/03-01-05-02-01-01-12.wav,65.61042566493211,57.301057052621715,57.71487113056206,53.885184714554384,47.24793359753361
dataset/archive/audio_speech_actors_01-24/Actor_12/03-01-05-02-01-02-12.wav,63.96727995184676,78.3240308088213,51.459390687378296,58.17438746159023,88.55567131494345
dataset/archive/audio_speech_actors_01-24/Actor_12/03-01-05-02-02-01-12.wav,49.44886994677359,88.63346313364067,69.96286395267983,83.07162986903849,54.518704456710985
dataset/archive/audio_speech_actors_01-24/Actor_12/03-01-05-02-02-02-12.wav,56.34653711433097,40.412298231768354,54.200766157698204,50.68084196424242,43.0325678938991
dataset/archive/audio_speech_actors_01-24/Actor_12/03-01-06-01-01-01-12.wav,85.6561007450172,74.16226992026311,41.64152522158672,81.80365819976451,68.02231779146813
dataset/archive/audio_speech_actors_01-24/Actor_12/03-01-06-01-01-02-12.wav,56.720456940752996,80.34199998231698,43.32251979725396,58.1027852153574,46.931131441398314
dataset/archive/audio_speech_actors_01-24/Actor_12/03-01-06-01-02-01-12.wav,72.89872203348293,45.34881032035598,44.083990843963306,76.981860302846,56.51014995529312
dataset/archive/audio_speech_actors_01-24/Actor_12/03-01-06-01-02-02-12.wav,78.30607608074726,42.89506183943207,67.29204219084482,47.78501770007479,54.10190965770749
dataset/archive/audio_speech_actors_01-24/Actor_12/03-01-06-02-01-01-12.wav,86.78093658863997,89.16764751895745,71.43331993505439,79.78856401864107,80.47987352007632
dataset/archive/audio_speech_actors_01-24/Actor_12/03-01-06-02-01-02-12.wav,79.66903766150139,42.372911640750814,51.109812920552116,61.16669522768471,42.74766819755192
dataset/archive/audio_speech_actors_01-24/Actor_12/03-01-06-02-02-01-12.wav,44.638967265989706,85.19835962494125,80.12477650000875,71.09528723158566,85.87736252479775
dataset/archive/audio_speech_actors_01-24/Actor_12/03-01-06-02-02-02-12.wav,78.53075500215317,75.13666593208754,40.8650034212431,63.00497947650108,64.40065802305142
dataset/archive/audio_speech_actors_01-24/Actor_12/03-01-07-01-01-01-12.wav,66.43427137896542,88.63192299006917,46.90097738846067,78.26158225252087,55.5658804069871
dataset/archive/audio_speech_actors_01-24/Actor_12/03-01-07-01-01-02-12.wav,63.206228263293994,60.26434594113705,56.9421425663277,88.35023797795077,75.35308482026721
dataset/archive/audio_speech_actors_01-24/Actor_12/03-01-07-01-02-01-12.wav,57.123636584404416,43.180368352212945,52.02545630582976,42.592206298113496,50.22271613322673
dataset/archive/audio_speech_actors_01-24/Actor_12/03-01-07-01-02-02-12.wav,76.42433774600403,63.636732564027,73.09724902502309,59.97305299571893,62.69960577651041
dataset/archive/audio_speech_actors_01-24/Actor_12/03-01-07-02-01-01-12.wav,58.886519702239056,64.59884063347141,65.88924924769373,76.02050586864452,43.34526998868766
dataset/archive/audio_speech_actors_01-24/Actor_12/03-01-07-02-01-02-12.wav,84.62744670172964,80.77305076953843,72.33104439090846,81.10370376074255,80.16943577023792
dataset/archive/audio_speech_actors_01-24/Actor_12/03-01-07-02-02-01-12.wav,74.74777586278952,63.49148934947981,78.54614313612787,65.10362280649204,83.2290425986107
dataset/archive/audio_speech_actors_01-24/Actor_12/03-01-07-02-02-02-12.wav,83.45976851005965,51.98414291192926,82.30719080729324,75.7833069756118,83.73901073841355
dataset/archive/audio_speech_actors_01-24/Actor_12/03-01-08-01-01-01-12.wav,80.60038292054114,56.951777937959,82.88337067441373,40.5795141328601,53.20525072974332
dataset/archive/audio_speech_actors_01-24/Actor_12/03-01-08-01-01-02-12.wav,40.24391694722752,65.32490497764401,89.61938888607406,76.3429849250576,88.90309016467202
dataset/archive/audio_speech_actors_01-24/Actor_12/03-01-08-01-02-01-12.wav,65.36347691457868,83.03712732845815,64.44744358209543,64.54021302949774,76.17552331599511
dataset/archive/audio_speech_actors_01-24/Actor_12/03-01-08-01-02-02-12.wav,41.65079014252289,62.43878059135436,74.99131508950339,54.431030661786096,46.62332261281498
dataset/archive/audio_speech_actors_01-24/Actor_12/03-01-08-02-01-01-12.wav,54.559324951275556,62.91137066143444,86.22174936514133,59.75510070483357,61.48539712746566
dataset/archive/audio_speech_actors_01-24/Actor_12/03-01-08-02-01-02-12.wav,61.079176305746,89.27890310196281,76.29782211875039,83.23344021785536,71.95284106544064
dataset/archive/audio_speech_actors_01-24/Actor_12/03-01-08-02-02-01-12.wav,75.0516242034908,44.238298736843234,83.63064751045796,86.10332623892303,65.74205186973774
dataset/archive/audio_speech_actors_01-24/Actor_12/03-01-08-02-02-02-12.wav,80.33560313047857,64.04178738932431,78.98483277086316,65.45287535737567,41.5136802941175
dataset/archive/audio_speech_actors_01-24/Actor_13/03-01-01-01-01-01-13.wav,46.937204966422385,53.26308711332847,74.3751690802293,79.56072716841372,78.97320168290747
dataset/archive/audio_speech_actors_01-24/Actor_13/03-01-01-01-01-02-13.wav,87.59961939733084,43.770510680909766,48.29187941192863,56.79873504370021,62.93329989886855
dataset/archive/audio_speech_actors_01-24/Actor_13/03-01-01-01-02-01-13.wav,82.60705255685617,89.88369892521368,44.30075647463893,74.93307426541548,44.8106457532535
dataset/archive/audio_speech_actors_01-24/Actor_13/03-01-01-01-02-02-13.wav,68.49650640045189,78.80593630186141,79.5559996080363,79.25545434784999,49.60599416228373
dataset/archive/audio_speech_actors_01-24/Actor_13/03-01-02-01-01-01-13.wav,49.898839802337726,50.748739323305614,40.70099372106761,78.4416247108866,56.453065947821045
dataset/archive/audio_speech_actors_01-24/Actor_13/03-01-02-01-01-02-13.wav,43.425199419681185,67.72694600433468,54.10138991484951,77.01402191310684,85.5718849551539
dataset/archive/audio_speech_actors_01-24/Actor_13/03-01-02-01-02-01-13.wav,87.09700731709908,56.81734545057746,66.77447694833725,62.29259614581636,52.24146994318388
dataset/archive/audio_speech_actors_01-24/Actor_13/03-01-02-01-02-02-13.wav,50.7390071139649,64.30621233427924,70.80719796740863,83.31555999939748,43.63230123249372
dataset/archive/audio_speech_actors_01-24/Actor_13/03-01-02-02-01-01-13.wav,48.10691886007338,43.33548441185012,50.23091570828888,45.22226287052033,75.54500135350325
dataset/archive/audio_speech_actors_01-24/Actor_13/03-01-02-02-01-02-13.wav,66.19958060747908,60.5770394747527,46.84532715454137,77.22331780461066,86.90909345259227
dataset/archive/audio_speech_actors_01-24/Actor_13/03-01-02-02-02-01-13.wav,80.06177236358297,88.94102966184224,54.56471111188674,83.4653827424153,75.38951948171706
dataset/archive/audio_speech_actors_01-24/Actor_13/03-01-02-02-02-02-13.wav,40.257720313781576,41.05630757541489,56.70205128586977,73.0489666498652,83.88369131360761
dataset/archive/audio_speech_actors_01-24/Actor_13/03-01-03-01-01-01-13.wav,43.413829691006654,83.34901701792236,43.27220233937994,67.91457980611428,68.81784172147732
dataset/archive/audio_speech_actors_01-24/Actor_13/03-01-03-01-01-02-13.wav,52.34026510214661,72.99691793442105,42.338010087028195,47.7939491783042,63.66359845156204
dataset/archive/audio_speech_actors_01-24/Actor_13/03-01-03-01-02-01-13.wav,72.32695161366448,70.1596334618061,40.35013871519661,67.17077709546578,69.51597010006074
dataset/archive/audio_speech_actors_01-24/Actor_13/03-01-03-01-02-02-13.wav,88.09399569256911,43.34538674261988,64.22467292913787,74.23373609870723,83.95180593973689
dataset/archive/audio_speech_actors_01-24/Actor_13/03-01-03-02-01-01-13.wav,42.34195952355111,58.56990465729561,77.69187314683077,53.11158024120453,89.68770376666745
dataset/archive/audio_speech_actors_01-24/Actor_13/03-01-03-02-01-02-13.wav,85.68843321886334,75.90289502906344,51.45766841739505,58.854461972802945,68.44865327188309
dataset/archive/audio_speech_actors_01-24/Actor_13/03-01-03-02-02-01-13.wav,55.781839452612424,49.412749674912604,73.93464279373768,68.32994755054797,84.84339964867125
dataset/archive/audio_speech_actors_01-24/Actor_13/03-01-03-02-02-02-13.wav,57.068457749684065,63.7205729299361,79.01899604164493,53.852632036962454,41.10939623770718
dataset/archive/audio_speech_actors_01-24/Actor_13/03-01-04-01-01-01-13.wav,48.81082234931647,89.0658006785819,69.29221761729002,85.28875021603525,46.91772743524869
dataset/archive/audio_speech_actors_01-24/Actor_13/03-01-04-01-01-02-13.wav,50.28855850640498,63.81313699267605,41.84025164782893,57.54840905924903,51.45032905302176
dataset/archive/audio_speech_actors_01-24/Actor_13/03-01-04-01-02-01-13.wav,62.37392052915676,45.33139171321488,45.24766093424358,57.46466151758494,82.57974317190684
dataset/archive/audio_speech_actors_01-24/Actor_13/03-01-04-01-02-02-13.wav,61.027536551356945,82.22421547118485,48.95688194513034,46.77189575637088,44.99213460885082
dataset/archive/audio_speech_actors_01-24/Actor_13/03-01-04-02-01-01-13.wav,73.98810862183946,59.53624351169954,64.62561089470334,44.58970742180021,84.40496706719857
dataset/archive/audio_speech_actors_01-24/Actor_13/03-01-04-02-01-02-13.wav,65.22201859041158,44.088169314324716,50.64259497827139,51.38338326112471,62.86019590365991
dataset/archive/audio_speech_actors_01-24/Actor_13/03-01-04-02-02-01-13.wav,63.56964992925901,75.5153026023734,43.89884563094944,88.01146362169283,40.99008985902217
dataset/archive/audio_speech_actors_01-24/Actor_13/03-01-04-02-02-02-13.wav,45.53212771111049,56.82973397337274,52.64786442954451,47.61620773869858,62.186729460588744
dataset/archive/audio_speech_actors_01-24/Actor_13/03-01-05-01-01-01-13.wav,62.37163056172844,86.18860835646808,82.65837988607954,78.68731994117215,87.34747128882452
dataset/archive/audio_speech_actors_01-24/Actor_13/03-01-05-01-01-02-13.wav,49.11489264148417,70.40303287342188,68.13253243452341,52.356997202808145,67.15251458177575
dataset/archive/audio_speech_actors_01-24/Actor_13/03-01-05-01-02-01-13.wav,56.25658354008576,64.29741066211645,45.95792441253418,54.86998048898858,83.30861104952521
dataset/archive/audio_speech_actors_01-24/Actor_13/03-01-05-01-02-02-13.wav,54.789477343031386,69.83917737842319,40.213058914508615,47.325194854181355,45.97134622848986
dataset/archive/audio_speech_actors_01-24/Actor_13/03-01-05-02-01-01-13.wav,51.31114619056417,70.23867538266887,51.61395439280016,53.826968811014545,78.62065957861259
dataset/archive/audio_speech_actors_01-24/Actor_13/03-01-05-02-01-02-13.wav,64.19210054103499,61.58276332051816,85.10241547327921,78.17333662216518,58.192560611893526
dataset/archive/audio_speech_actors_01-24/Actor_13/03-01-05-02-02-01-13.wav,85.54749479891066,89.41890868283355,56.94966729642776,78.17620606004624,56.981341930056814
dataset/archive/audio_speech_actors_01-24/Actor_13/03-01-05-02-02-02-13.wav,77.12559735387975,41.97259172091349,77.4062310838025,67.79769567657142,84.15533080727349
dataset/archive/audio_speech_actors_01-24/Actor_13/03-01-06-01-01-01-13.wav,88.33748784579223,86.42380208862848,46.844163462118644,55.02112829351086,68.15761963164013
dataset/archive/audio_speech_actors_01-24/Actor_13/03-01-06-01-01-02-13.wav,57.58585939571682,63.91030835532789,67.43079650493215,84.9315856476314,51.35080884857746
dataset/archive/audio_speech_actors_01-24/Actor_13/03-01-06-01-02-01-13.wav,71.889167312585,66.50677345431328,60.29460895998288,89.39744869762727,66.61876656568523
dataset/archive/audio_speech_actors_01-24/Actor_13/03-01-06-01-02-02-13.wav,63.56112886751661,66.71649906563479,51.602191822996225,79.56006929469116,82.1109945168788
dataset/archive/audio_speech_actors_01-24/Actor_13/03-01-06-02-01-01-13.wav,77.61912834110176,63.75095711139578,52.83501149610328,40.64150242427575,57.783185068379055
dataset/archive/audio_speech_actors_01-24/Actor_13/03-01-06-02-01-02-13.wav,54.412300582085805,82.54029712232384,58.79783708913831,69.77449949056881,41.574023743272
dataset/archive/audio_speech_actors_01-24/Actor_13/03-01-06-02-02-01-13.wav,58.923902647033486,40.03154520611199,72.98247137595189,69.62039064564232,82.30494161429615
dataset/archive/audio_speech_actors_01-24/Actor_13/03-01-06-02-02-02-13.wav,58.403622578603304,47.2771138064788,53.46389871893184,70.71128464338018,86.8174522589147
dataset/archive/audio_speech_actors_01-24/Actor_13/03-01-07-01-01-01-13.wav,65.57153910134426,44.50202385994211,53.988587603327275,40.88796637249003,59.29430581220328
dataset/archive/audio_speech_actors_01-24/Actor_13/03-01-07-01-01-02-13.wav,72.95508140630545,62.30124313567667,50.33008621074033,74.06714455315709,79.66946374469107
dataset/archive/audio_speech_actors_01-24/Actor_13/03-01-07-01-02-01-13.wav,69.72349738472838,76.73509651300257,45.75708882043193,86.31179486198627,74.5541469369906
dataset/archive/audio_speech_actors_01-24/Actor_13/03-01-07-01-02-02-13.wav,52.0109733261794,69.56877197839889,74.97576495851945,52.94561020649128,66.22955829179818
dataset/archive/audio_speech_actors_01-24/Actor_13/03-01-07-02-01-01-13.wav,66.71506813261499,41.38678927666475,84.2653016088466,81.95943028474233,43.01999357087701
dataset/archive/audio_speech_actors_01-24/Actor_13/03-01-07-02-01-02-13.wav,86.47071639053974,58.62015624969223,53.00919658830675,73.16730421847228,52.36494451642986
dataset/archive/audio_speech_actors_01-24/Actor_13/03-01-07-02-02-01-13.wav,76.46171668314415,87.0643544562681,86.60413029253218,72.60230628490294,88.96306908031514
dataset/archive/audio_speech_actors_01-24/Actor_13/03-01-07-02-02-02-13.wav,56.207145759992294,54.20097536929184,74.67651215637471,59.29184932786684,81.23272255637663
dataset/archive/audio_speech_actors_01-24/Actor_13/03-01-08-01-01-01-13.wav,83.12529537190159,52.40516437884605,64.17713150129956,52.15681615907621,87.8360570429812
dataset/archive/audio_speech_actors_01-24/Actor_13/03-01-08-01-01-02-13.wav,59.5100474284544,66.41195829223852,57.74642819579788,79.3987763663981,76.85362310475779
dataset/archive/audio_speech_actors_01-24/Actor_13/03-01-08-01-02-01-13.wav,78.90696470412993,53.994111182196626,47.113235703944866,48.3606683318119,80.69542817535064
dataset/archive/audio_speech_actors_01-24/Actor_13/03-01-08-01-02-02-13.wav,86.84860938168305,74.83556951369863,56.860289842281205,53.61618099353005,58.12791844999769
dataset/archive/audio_speech_actors_01-24/Actor_13/03-01-08-02-01-01-13.wav,63.851310837833765,41.23800303976803,68.99952242410947,68.95954444999649,55.08395666538675
dataset/archive/audio_speech_actors_01-24/Actor_13/03-01-08-02-01-02-13.wav,55.12078940271949,72.83735357459913,59.74065914485028,68.69817921422347,76.90917241136663
dataset/archive/audio_speech_actors_01-24/Actor_13/03-01-08-02-02-01-13.wav,46.50351954339185,50.36442515412213,46.03104254249624,52.02156276929816,71.78639442231224
dataset/archive/audio_speech_actors_01-24/Actor_13/03-01-08-02-02-02-13.wav,59.250056180743044,88.56075819063533,65.4009630445764,82.1157155271614,52.178162239717125
dataset/archive/audio_speech_actors_01-24/Actor_14/03-01-01-01-01-01-14.wav,74.715581514863,86.23544989947078,74.41323621492398,84.84801699850873,67.10715381086648
dataset/archive/audio_speech_actors_01-24/Actor_14/03-01-01-01-01-02-14.wav,80.75849598310485,49.88534436848559,59.68312345911269,56.18387558413576,71.38874863231823
dataset/archive/audio_speech_actors_01-24/Actor_14/03-01-01-01-02-01-14.wav,45.34164922185426,86.69198291002257,60.750809653661406,50.18991527772182,79.36368028943231
dataset/archive/audio_speech_actors_01-24/Actor_14/03-01-01-01-02-02-14.wav,78.52945760651119,78.71199368286668,88.55566004862146,57.2502771256685,70.72521179961878
dataset/archive/audio_speech_actors_01-24/Actor_14/03-01-02-01-01-01-14.wav,85.87511197698622,61.73018780910549,82.99896585952231,55.09800317328363,80.85604552022816
dataset/archive/audio_speech_actors_01-24/Actor_14/03-01-02-01-01-02-14.wav,65.38350926540534,50.520549379098696,81.72481484628847,63.90994649871747,67.13642024155423
dataset/archive/audio_speech_actors_01-24/Actor_14/03-01-02-01-02-01-14.wav,43.02618281596625,44.56479228730532,83.22011881185139,73.4770456038783,57.725575104995706
dataset/archive/audio_speech_actors_01-24/Actor_14/03-01-02-01-02-02-14.wav,44.25301874770304,62.75159084093332,84.9534325285221,60.8704041386347,40.549272421014315
dataset/archive/audio_speech_actors_01-24/Actor_14/03-01-02-02-01-01-14.wav,41.2686078776918,42.36996688080029,63.832725335025515,53.45387810067321,80.16599402886018
dataset/archive/audio_speech_actors_01-24/Actor_14/03-01-02-02-01-02-14.wav,77.63822007603329,40.92335887249183,77.7314490720022,82.3854648715317,72.12479034400849
dataset/archive/audio_speech_actors_01-24/Actor_14/03-01-02-02-02-01-14.wav,48.82366530327708,78.96121841939856,81.27825946361156,56.54986738609418,54.194550671037604
dataset/archive/audio_speech_actors_01-24/Actor_14/03-01-02-02-02-02-14.wav,78.8121467471328,66.29674988558781,86.49707033500454,52.059019180339114,42.48760107716557
dataset/archive/audio_speech_actors_01-24/Actor_14/03-01-03-01-01-01-14.wav,41.77616885813824,81.53547035157055,45.13576489827777,79.56509226710607,52.396182507880944
dataset/archive/audio_speech_actors_01-24/Actor_14/03-01-03-01-01-02-14.wav,57.30082146044398,76.99101293577922,60.468512634000476,42.48565400843489,43.40273627555319
dataset/archive/audio_speech_actors_01-24/Actor_14/03-01-03-01-02-01-14.wav,85.5417446476643,41.613761175109914,46.47928589453415,71.34793843075683,89.53876828939178
dataset/archive/audio_speech_actors_01-24/Actor_14/03-01-03-01-02-02-14.wav,41.95615365953336,89.43162559589786,52.50084061347103,62.49161497192635,71.19570933970618
dataset/archive/audio_speech_actors_01-24/Actor_14/03-01-03-02-01-01-14.wav,69.88940616794814,68.84018742901952,65.26225535278247,67.24590994865783,65.60722660811848
dataset/archive/audio_speech_actors_01-24/Actor_14/03-01-03-02-01-02-14.wav,79.23112240931127,48.33574770995405,71.54218977653255,42.91893918180429,84.99088121271446
dataset/archive/audio_speech_actors_01-24/Actor_14/03-01-03-02-02-01-14.wav,43.760376376893774,46.091025885821466,66.26389351905812,40.050044945701174,77.04995408750324
dataset/archive/audio_speech_actors_01-24/Actor_14/03-01-03-02-02-02-14.wav,87.65325670192952,48.390607480484675,69.79259610486784,78.8488916273658,52.544545982731954
dataset/archive/audio_speech_actors_01-24/Actor_14/03-01-04-01-01-01-14.wav,61.1274665341156,60.77782089342808,48.276276414266775,64.26945755880928,58.713210738612176
dataset/archive/audio_speech_actors_01-24/Actor_14/03-01-04-01-01-02-14.wav,83.47431818238704,83.07495806920505,86.8863646305738,60.53236105923944,40.09554461595371
dataset/archive/audio_speech_actors_01-24/Actor_14/03-01-04-01-02-01-14.wav,88.43566384425131,80.65443509982333,75.09117710561796,89.92276273065009,61.90885113871297
dataset/archive/audio_speech_actors_01-24/Actor_14/03-01-04-01-02-02-14.wav,42.63769483161549,89.74656903158197,70.41646801809813,84.86350359292489,68.1188097259838
dataset/archive/audio_speech_actors_01-24/Actor_14/03-01-04-02-01-01-14.wav,41.218124477345555,66.30603933532599,74.49506443629889,55.91280233360201,73.1399665367087
dataset/archive/audio_speech_actors_01-24/Actor_14/03-01-04-02-01-02-14.wav,72.94168925629336,42.01588650167315,87.34801757353043,60.35421008840211,80.61194531605106
dataset/archive/audio_speech_actors_01-24/Actor_14/03-01-04-02-02-01-14.wav,80.28885788806346,47.89492439317125,84.46334643480745,69.20640583823838,54.81768970836261
dataset/archive/audio_speech_actors_01-24/Actor_14/03-01-04-02-02-02-14.wav,77.26985789170737,75.18680181748923,74.0224094463288,61.77896092250971,61.19769704368064
dataset/archive/audio_speech_actors_01-24/Actor_14/03-01-05-01-01-01-14.wav,55.37588212601906,76.11059838859481,87.92977800372687,60.62682878942735,58.67718654026601
dataset/archive/audio_speech_actors_01-24/Actor_14/03-01-05-01-01-02-14.wav,81.65609734770656,61.642198159792365,58.14602419743839,67.2480549590683,41.927955323149085
dataset/archive/audio_speech_actors_01-24/Actor_14/03-01-05-01-02-01-14.wav,69.93781117670204,89.90097243933462,62.86377316541494,71.35801887543658,76.12193182607821
dataset/archive/audio_speech_actors_01-24/Actor_14/03-01-05-01-02-02-14.wav,64.51078016275677,77.32955040108223,53.28623859425477,85.69200277344643,71.58653250221465
dataset/archive/audio_speech_actors_01-24/Actor_14/03-01-05-02-01-01-14.wav,65.6295129544024,67.55380851815794,79.5624191247199,82.88735160219026,48.87831364520383
dataset/archive/audio_speech_actors_01-24/Actor_14/03-01-05-02-01-02-14.wav,60.569169999521336,68.60033739331239,63.942485068929926,44.77804952759197,58.07443513616816
dataset/archive/audio_speech_actors_01-24/Actor_14/03-01-05-02-02-01-14.wav,63.06520870887384,45.177708180547256,49.19960516258136,89.0013851404828,83.20526741229696
dataset/archive/audio_speech_actors_01-24/Actor_14/03-01-05-02-02-02-14.wav,51.53860424982063,72.90655436207513,82.28766194221004,52.33437559809444,46.602419006381716
dataset/archive/audio_speech_actors_01-24/Actor_14/03-01-06-01-01-01-14.wav,60.09406376180618,69.39334377728903,49.1374846629508,87.2754884078611,49.099541363436714
dataset/archive/audio_speech_actors_01-24/Actor_14/03-01-06-01-01-02-14.wav,43.019131583545594,71.23278814190985,54.51631315474756,73.17777455182068,55.38828385423457
dataset/archive/audio_speech_actors_01-24/Actor_14/03-01-06-01-02-01-14.wav,76.77737118583478,60.264601001499756,58.32256594103474,84.5337722013964,67.22309489946002
dataset/archive/audio_speech_actors_01-24/Actor_14/03-01-06-01-02-02-14.wav,71.09313761048368,68.57469762181789,81.69183586015538,71.16480150689014,62.16888978427289
dataset/archive/audio_speech_actors_01-24/Actor_14/03-01-06-02-01-01-14.wav,74.13550250434348,47.55184672298081,85.04761961120408,47.04160059580769,71.32493802333201
dataset/archive/audio_speech_actors_01-24/Actor_14/03-01-06-02-01-02-14.wav,46.29573609962258,58.67053531197675,61.204553082524825,46.582513034050244,45.79463902894464
dataset/archive/audio_speech_actors_01-24/Actor_14/03-01-06-02-02-01-14.wav,41.635186779258945,88.69442814307477,49.367122680686265,84.3703581941362,46.128166241617926
dataset/archive/audio_speech_actors_01-24/Actor_14/03-01-06-02-02-02-14.wav,85.36012276240882,75.15471226724593,84.70688648720808,76.45039686889338,54.213488547012425
dataset/archive/audio_speech_actors_01-24/Actor_14/03-01-07-01-01-01-14.wav,53.989002213919846,78.0452264386054,45.390447391685285,76.08299401940496,74.28748581999523
dataset/archive/audio_speech_actors_01-24/Actor_14/03-01-07-01-01-02-14.wav,78.00370755222147,56.781885873599094,45.2741936529347,87.8816380441483,80.21537735625195
dataset/archive/audio_speech_actors_01-24/Actor_14/03-01-07-01-02-01-14.wav,75.45037578001424,52.79345767669593,87.32486342837126,78.85921416666089,88.9093511279373
dataset/archive/audio_speech_actors_01-24/Actor_14/03-01-07-01-02-02-14.wav,54.31166890869914,75.70807738221566,44.22336156515329,82.86145881352307,77.36565129390797
dataset/archive/audio_speech_actors_01-24/Actor_14/03-01-07-02-01-01-14.wav,49.02843797585594,65.54883601641234,69.31889313457084,52.931659851245094,73.28684870320376
dataset/archive/audio_speech_actors_01-24/Actor_14/03-01-07-02-01-02-14.wav,43.265269933906225,50.16623022054651,42.207686503674424,46.24147142033572,80.99495236563784
dataset/archive/audio_speech_actors_01-24/Actor_14/03-01-07-02-02-01-14.wav,42.832664795039854,61.219688473636225,70.24202517736941,89.92720314360685,45.36713528431265
dataset/archive/audio_speech_actors_01-24/Actor_14/03-01-07-02-02-02-14.wav,74.37009054290135,57.81307550205357,78.76941371453007,78.89280091487849,67.62560723218871
dataset/archive/audio_speech_actors_01-24/Actor_14/03-01-08-01-01-01-14.wav,49.77511967412672,81.38430913783552,73.6050416361324,74.17426139645507,76.01593820466496
dataset/archive/audio_speech_actors_01-24/Actor_14/03-01-08-01-01-02-14.wav,79.93116795717764,49.466451402706866,85.31407553714787,74.07508275233025,69.23811890312057
dataset/archive/audio_speech_actors_01-24/Actor_14/03-01-08-01-02-01-14.wav,72.68606345732958,77.53853572517258,85.25420497689298,69.47580645002414,64.93619100027794
dataset/archive/audio_speech_actors_01-24/Actor_14/03-01-08-01-02-02-14.wav,71.7771158552282,77.81463460784951,44.96467073407918,41.739114187844926,57.986032303652024
dataset/archive/audio_speech_actors_01-24/Actor_14/03-01-08-02-01-01-14.wav,78.10034790446124,45.27050686620066,61.64295213022007,70.19567371902473,63.298722519282954
dataset/archive/audio_speech_actors_01-24/Actor_14/03-01-08-02-01-02-14.wav,51.572178566351596,76.09678980503206,74.47967234171557,74.34481285529941,89.68591737510602
dataset/archive/audio_speech_actors_01-24/Actor_14/03-01-08-02-02-01-14.wav,48.76571333045841,70.89011648319423,59.98374728800097,62.92378111100314,48.938120998966184
dataset/archive/audio_speech_actors_01-24/Actor_14/03-01-08-02-02-02-14.wav,64.88829206093817,71.53315511203354,65.08036089776698,77.3786835118863,44.4569005531083
dataset/archive/audio_speech_actors_01-24/Actor_15/03-01-01-01-01-01-15.wav,72.07013968865206,41.62029775782674,52.818678816023606,45.14295088730024,66.14454602139364
dataset/archive/audio_speech_actors_01-24/Actor_15/03-01-01-01-01-02-15.wav,54.24219009296426,79.45549950032296,68.64965243677575,74.49594038654837,44.4999894549085
dataset/archive/audio_speech_actors_01-24/Actor_15/03-01-01-01-02-01-15.wav,52.25926139803536,49.23822042474435,83.51102223679737,59.0486713329977,57.01475351030703
dataset/archive/audio_speech_actors_01-24/Actor_15/03-01-01-01-02-02-15.wav,70.17324744512516,66.78205068095433,71.89644267475396,58.15135081607059,46.77082659900065
dataset/archive/audio_speech_actors_01-24/Actor_15/03-01-02-01-01-01-15.wav,62.227314794491846,56.99853911432146,84.60152093037014,42.37430794966741,64.909134566879
dataset/archive/audio_speech_actors_01-24/Actor_15/03-01-02-01-01-02-15.wav,79.00357409118375,45.179200995440716,58.70479958541255,52.60953879047007,78.55402890499093
dataset/archive/audio_speech_actors_01-24/Actor_15/03-01-02-01-02-01-15.wav,45.43877804132481,69.60984118688948,73.81707417868293,48.62248787574215,74.97639118054991
dataset/archive/audio_speech_actors_01-24/Actor_15/03-01-02-01-02-02-15.wav,87.67176652274541,60.50752841595784,42.44152946184779,74.1191852069941,60.05529666170676
dataset/archive/audio_speech_actors_01-24/Actor_15/03-01-02-02-01-01-15.wav,56.87890987122732,83.97456526804754,76.75881330002609,75.30059050605712,84.01614404651386
dataset/archive/audio_speech_actors_01-24/Actor_15/03-01-02-02-01-02-15.wav,86.98971657277761,51.1772928436744,41.685942410618686,54.35480442415667,49.975751443043514
dataset/archive/audio_speech_actors_01-24/Actor_15/03-01-02-02-02-01-15.wav,89.9844781741389,75.48142289228986,78.727533665546,54.92020740463089,45.99668844222897
dataset/archive/audio_speech_actors_01-24/Actor_15/03-01-02-02-02-02-15.wav,83.62751409358276,89.65526369286808,54.79134164372168,84.73274128050667,70.49953840914063
dataset/archive/audio_speech_actors_01-24/Actor_15/03-01-03-01-01-01-15.wav,65.29953634574616,77.73176229639269,69.17569658831843,85.63479558662696,79.7136113286646
dataset/archive/audio_speech_actors_01-24/Actor_15/03-01-03-01-01-02-15.wav,56.217993063954054,48.03858959511503,54.99484500341747,70.91059212351894,57.48647266955899
dataset/archive/audio_speech_actors_01-24/Actor_15/03-01-03-01-02-01-15.wav,40.31697054451585,55.08262507807015,65.11716400938408,84.05753311265562,58.908298209237316
dataset/archive/audio_speech_actors_01-24/Actor_15/03-01-03-01-02-02-15.wav,47.61198492083679,84.95835613707114,42.529921861002535,63.17422678327648,64.4722160795378
dataset/archive/audio_speech_actors_01-24/Actor_15/03-01-03-02-01-01-15.wav,46.17647055164005,74.16565118547166,51.47633605293933,61.91780621448273,77.09791176231465
dataset/archive/audio_speech_actors_01-24/Actor_15/03-01-03-02-01-02-15.wav,81.09712035517808,56.54354916483775,61.536404180721085,41.69607597188985,87.10151510709613
dataset/archive/audio_speech_actors_01-24/Actor_15/03-01-03-02-02-01-15.wav,61.90736985558499,58.686941255560754,61.1972565370865,44.84395732324766,85.74368084804473
dataset/archive/audio_speech_actors_01-24/Actor_15/03-01-03-02-02-02-15.wav,51.58739302427135,88.0909122818374,49.97391240306838,44.90636861545983,58.15254253333991
dataset/archive/audio_speech_actors_01-24/Actor_15/03-01-04-01-01-01-15.wav,74.12739583653978,55.26763695912374,45.90859917790386,82.52503422986976,57.63574900054033
dataset/archive/audio_speech_actors_01-24/Actor_15/03-01-04-01-01-02-15.wav,61.44179151929849,73.1433656715333,87.16389677563313,58.95556278630271,68.96051992297144
dataset/archive/audio_speech_actors_01-24/Actor_15/03-01-04-01-02-01-15.wav,56.845227907288574,55.69482480429578,83.80347375673753,49.73126594862144,42.39756003185938
dataset/archive/audio_speech_actors_01-24/Actor_15/03-01-04-01-02-02-15.wav,53.103553240849195,44.33794486403281,44.878756414038065,73.05411526243651,50.168361246295646
dataset/archive/audio_speech_actors_01-24/Actor_15/03-01-04-02-01-01-15.wav,71.19597403364341,88.38495471778563,44.71064613457429,66.98617889511364,63.79348180006104
dataset/archive/audio_speech_actors_01-24/Actor_15/03-01-04-02-01-02-15.wav,55.33021028034266,87.08838112265448,59.22448227906446,83.78863629213214,63.19309813061864
dataset/archive/audio_speech_actors_01-24/Actor_15/03-01-04-02-02-01-15.wav,60.69403798461232,77.35041023177004,83.57339788286444,60.562658806319746,77.31815894534415
dataset/archive/audio_speech_actors_01-24/Actor_15/03-01-04-02-02-02-15.wav,85.22970968463503,70.96888453813722,89.76821598400281,76.52541773194025,84.31518952925668
dataset/archive/audio_speech_actors_01-24/Actor_15/03-01-05-01-01-01-15.wav,59.06363099560775,46.22203182657522,58.54959732015014,71.716174096617,53.63935719382049
dataset/archive/audio_speech_actors_01-24/Actor_15/03-01-05-01-01-02-15.wav,71.8218510018184,55.71720543165202,51.7411806918275,81.17007220386793,50.50131061379671
dataset/archive/audio_speech_actors_01-24/Actor_15/03-01-05-01-02-01-15.wav,75.94828479274153,70.58797684158279,60.07370096421656,46.41365806236313,44.299754705168496
dataset/archive/audio_speech_actors_01-24/Actor_15/03-01-05-01-02-02-15.wav,51.3758345717551,73.8586028369079,89.40523078310112,71.84151218476192,59.443588358978744
dataset/archive/audio_speech_actors_01-24/Actor_15/03-01-05-02-01-01-15.wav,86.63443952175344,42.755317510372016,58.183244911242284,76.3517368037678,40.127899571973536
dataset/archive/audio_speech_actors_01-24/Actor_15/03-01-05-02-01-02-15.wav,76.93303972074041,75.22410960631724,51.11339987052716,59.79844743295372,74.36080021208072
dataset/archive/audio_speech_actors_01-24/Actor_15/03-01-05-02-02-01-15.wav,85.18758474443743,84.9076204115047,59.773550680213404,72.12989979721385,69.55196088333278
dataset/archive/audio_speech_actors_01-24/Actor_15/03-01-05-02-02-02-15.wav,79.85687574652668,47.01200194528511,88.95743088403555,45.162560847606784,80.62739533291972
dataset/archive/audio_speech_actors_01-24/Actor_15/03-01-06-01-01-01-15.wav,42.93954797042389,55.43241335758243,41.464869802142005,55.34181694002216,74.58393083813966
dataset/archive/audio_speech_actors_01-24/Actor_15/03-01-06-01-01-02-15.wav,59.59390247687381,41.96632551643246,41.54536931608195,78.1545845540964,56.89897204531496
dataset/archive/audio_speech_actors_01-24/Actor_15/03-01-06-01-02-01-15.wav,49.98106789229371,52.4357315492736,80.9447365651022,72.64425350269119,53.26170587941926
dataset/archive/audio_speech_actors_01-24/Actor_15/03-01-06-01-02-02-15.wav,69.42980590452275,79.1652250119067,62.40681810840854,89.79446365797122,71.85710869117823
dataset/archive/audio_speech_actors_01-24/Actor_15/03-01-06-02-01-01-15.wav,49.28073431262582,72.84879467171851,74.03108030878678,56.46547869392084,40.05923897114316
dataset/archive/audio_speech_actors_01-24/Actor_15/03-01-06-02-01-02-15.wav,58.18333653610969,53.84592579199867,65.77918511725505,68.18167009687471,70.461389063579
dataset/archive/audio_speech_actors_01-24/Actor_15/03-01-06-02-02-01-15.wav,70.87567615476178,53.1246234777173,83.58346340862977,60.612994832495346,72.03434202600522
dataset/archive/audio_speech_actors_01-24/Actor_15/03-01-06-02-02-02-15.wav,80.3127975673319,85.22343217804205,68.26249976105288,40.42468509679071,54.63163001452825
dataset/archive/audio_speech_actors_01-24/Actor_15/03-01-07-01-01-01-15.wav,85.1420580559086,43.14128671563285,83.51717161366388,49.54424496300041,56.76851473211278
dataset/archive/audio_speech_actors_01-24/Actor_15/03-01-07-01-01-02-15.wav,44.53041066073108,60.27918654304878,84.25145777565672,46.51762010566577,46.42636891194958
dataset/archive/audio_speech_actors_01-24/Actor_15/03-01-07-01-02-01-15.wav,51.65295312635017,48.11752499162264,45.81760663167061,59.533422825863084,46.25687823520639
dataset/archive/audio_speech_actors_01-24/Actor_15/03-01-07-01-02-02-15.wav,84.24983702727337,63.69892531478041,83.34084058166985,64.35131965698768,69.28147334130128
dataset/archive/audio_speech_actors_01-24/Actor_15/03-01-07-02-01-01-15.wav,54.81504891754298,63.59401019318762,84.89352038485796,61.697545344217474,72.49947470162982
dataset/archive/audio_speech_actors_01-24/Actor_15/03-01-07-02-01-02-15.wav,79.24419671813308,81.11380019727568,56.503543388146035,65.04254154567855,79.78818179464093
dataset/archive/audio_speech_actors_01-24/Actor_15/03-01-07-02-02-01-15.wav,78.50711261759186,68.63949950528038,83.94241055175226,54.6802735443369,67.0653867646627
dataset/archive/audio_speech_actors_01-24/Actor_15/03-01-07-02-02-02-15.wav,41.603226761387155,64.03415650112588,78.22488837014123,83.85692115563164,68.8013421606977
dataset/archive/audio_speech_actors_01-24/Actor_15/03-01-08-01-01-01-15.wav,70.36104681604849,45.27740656834452,40.38282158592317,66.87375679054279,56.15567757379402
dataset/archive/audio_speech_actors_01-24/Actor_15/03-01-08-01-01-02-15.wav,78.96045152257489,82.27532734882314,41.13051150003186,53.56325207080364,69.01476958548632
dataset/archive/audio_speech_actors_01-24/Actor_15/03-01-08-01-02-01-15.wav,40.23390403982246,76.04873345797247,87.41705460690497,73.11610394829049,59.2631131041547
dataset/archive/audio_speech_actors_01-24/Actor_15/03-01-08-01-02-02-15.wav,60.13554260780054,48.1472112945969,49.921999219835456,55.97699312244371,77.22231485435697
dataset/archive/audio_speech_actors_01-24/Actor_15/03-01-08-02-01-01-15.wav,70.58480494687086,63.361898923642414,73.85839063282735,57.333439353116454,40.432008909115126
dataset/archive/audio_speech_actors_01-24/Actor_15/03-01-08-02-01-02-15.wav,52.41144373902625,46.199454843881,62.019082655923604,81.78602972167445,50.01425456732313
dataset/archive/audio_speech_actors_01-24/Actor_15/03-01-08-02-02-01-15.wav,43.629791408711256,46.8415968176773,57.18733144147751,79.38845972993026,46.785432985999975
dataset/archive/audio_speech_actors_01-24/Actor_15/03-01-08-02-02-02-15.wav,60.54755395667213,43.346460604695615,40.40927342081727,65.7772027537067,61.65244594580139
dataset/archive/audio_speech_actors_01-24/Actor_16/03-01-01-01-01-01-16.wav,63.80770643707878,50.55543192661794,80.36539687584283,87.98966972031579,47.009305567896746
dataset/archive/audio_speech_actors_01-24/Actor_16/03-01-01-01-01-02-16.wav,63.794695958591845,59.18510369559174,54.86582507399282,88.13964393316235,79.71776936030244
dataset/archive/audio_speech_actors_01-24/Actor_16/03-01-01-01-02-01-16.wav,57.887712413691936,57.47265346252212,72.91849925401064,45.45976559055515,84.17184312824594
dataset/archive/audio_speech_actors_01-24/Actor_16/03-01-01-01-02-02-16.wav,54.486022913093905,77.18611575483749,53.78190466474601,67.14360543116463,72.27759042122419
dataset/archive/audio_speech_actors_01-24/Actor_16/03-01-02-01-01-01-16.wav,85.46059882182767,69.62226885822895,62.497804511000695,54.42090729537664,81.09619173818572
dataset/archive/audio_speech_actors_01-24/Actor_16/03-01-02-01-01-02-16.wav,67.07637444190289,88.25560621917441,53.093497201588676,63.738410493658684,56.902146573356234
dataset/archive/audio_speech_actors_01-24/Actor_16/03-01-02-01-02-01-16.wav,54.190740756609515,85.71522123427556,70.65634246066215,79.17345049063371,80.15709414008649
dataset/archive/audio_speech_actors_01-24/Actor_16/03-01-02-01-02-02-16.wav,83.53116068040916,68.53957583095942,55.55790277158468,54.8281761176823,60.00142490025381
dataset/archive/audio_speech_actors_01-24/Actor_16/03-01-02-02-01-01-16.wav,86.84022819063972,75.98765481242464,51.48552928797097,55.20926287085271,71.89931728350335
dataset/archive/audio_speech_actors_01-24/Actor_16/03-01-02-02-01-02-16.wav,66.58547784394727,55.37711269412142,46.449473982809884,76.28945391737248,63.40090657161005
dataset/archive/audio_speech_actors_01-24/Actor_16/03-01-02-02-02-01-16.wav,70.78724177623101,55.2344038732718,59.36746816403086,57.71225393309881,67.11474795599298
dataset/archive/audio_speech_actors_01-24/Actor_16/03-01-02-02-02-02-16.wav,58.4094256492465,42.91858436617801,60.72341871124627,51.742315319265195,76.89536024311519
dataset/archive/audio_speech_actors_01-24/Actor_16/03-01-03-01-01-01-16.wav,70.99807049239277,61.855195471533264,54.098161357287246,57.291882192714866,77.52968727118787
dataset/archive/audio_speech_actors_01-24/Actor_16/03-01-03-01-01-02-16.wav,87.17756935789043,71.54355895097987,47.02618581978018,62.9780751999144,88.93912031083809
dataset/archive/audio_speech_actors_01-24/Actor_16/03-01-03-01-02-01-16.wav,71.81675768032352,81.59419809488513,47.84310635316582,78.2115682528968,69.9202736537823
dataset/archive/audio_speech_actors_01-24/Actor_16/03-01-03-01-02-02-16.wav,83.08793222123526,78.57593121524627,87.42656043517353,76.80455981465343,49.198716292681496
dataset/archive/audio_speech_actors_01-24/Actor_16/03-01-03-02-01-01-16.wav,85.64518391897978,70.20402105505279,62.951853659170254,41.19999115478976,46.7249977675699
dataset/archive/audio_speech_actors_01-24/Actor_16/03-01-03-02-01-02-16.wav,57.23104056061853,70.7259041343572,80.37827091193896,46.375725396118575,65.82739144300345
dataset/archive/audio_speech_actors_01-24/Actor_16/03-01-03-02-02-01-16.wav,67.35416502140978,83.75590740668036,84.34575867196455,56.023067950712914,81.81458990833201
dataset/archive/audio_speech_actors_01-24/Actor_16/03-01-03-02-02-02-16.wav,78.40899501762814,59.04685795311336,58.35401703172141,70.31971505443104,82.29752521897541
dataset/archive/audio_speech_actors_01-24/Actor_16/03-01-04-01-01-01-16.wav,73.58181215579125,65.37938087349228,45.87650040956765,68.38063690429368,82.05484947814234
dataset/archive/audio_speech_actors_01-24/Actor_16/03-01-04-01-01-02-16.wav,57.6563798555637,46.09531124966611,77.16232268220517,40.64719939455918,79.36084967036327
dataset/archive/audio_speech_actors_01-24/Actor_16/03-01-04-01-02-01-16.wav,43.90944660637907,50.297094922696424,63.669524171372736,72.92561674926986,59.982094389618084
dataset/archive/audio_speech_actors_01-24/Actor_16/03-01-04-01-02-02-16.wav,71.08965504961341,60.9664394682698,66.2770520535085,47.93158948902779,43.26159947386327
dataset/archive/audio_speech_actors_01-24/Actor_16/03-01-04-02-01-01-16.wav,83.55185458849567,71.3297383868796,85.96646069590932,63.25115386680579,52.67977463710513
dataset/archive/audio_speech_actors_01-24/Actor_16/03-01-04-02-01-02-16.wav,40.966669407288755,49.868852516867435,86.5344479973607,85.43888485526858,52.75469429591588
dataset/archive/audio_speech_actors_01-24/Actor_16/03-01-04-02-02-01-16.wav,50.73768843273844,42.20599640230169,89.37930915771241,75.4453791507297,42.31933948453804
dataset/archive/audio_speech_actors_01-24/Actor_16/03-01-04-02-02-02-16.wav,59.59447027121287,49.59461259740976,61.802842424077056,66.52691141514667,54.45076093511828
dataset/archive/audio_speech_actors_01-24/Actor_16/03-01-05-01-01-01-16.wav,84.79289155001786,82.97338983722469,41.59780163850586,83.67420279252154,88.20807400802056
dataset/archive/audio_speech_actors_01-24/Actor_16/03-01-05-01-01-02-16.wav,69.18958628721782,67.01098533638884,46.43746082687065,71.81301123535961,87.93882078895939
dataset/archive/audio_speech_actors_01-24/Actor_16/03-01-05-01-02-01-16.wav,51.08276421232069,58.923714166468045,48.67632535465649,61.73504495590581,43.2104254301092
dataset/archive/audio_speech_actors_01-24/Actor_16/03-01-05-01-02-02-16.wav,40.93630808445208,76.29953749804349,61.471531070505904,55.353600817417544,80.54959880415123
dataset/archive/audio_speech_actors_01-24/Actor_16/03-01-05-02-01-01-16.wav,52.71947931272546,53.376489834975715,74.06253308556172,69.94577410343923,45.924952069360245
dataset/archive/audio_speech_actors_01-24/Actor_16/03-01-05-02-01-02-16.wav,51.39405471655631,83.16480877658665,65.5889716919242,53.25639861217828,40.6618689591284
dataset/archive/audio_speech_actors_01-24/Actor_16/03-01-05-02-02-01-16.wav,83.75763266629387,48.88243383152781,60.70809405139923,66.22175925550962,77.2203350395053
dataset/archive/audio_speech_actors_01-24/Actor_16/03-01-05-02-02-02-16.wav,83.90207260068973,85.46307212815137,44.24595736563265,54.341379058562076,69.13021080250658
dataset/archive/audio_speech_actors_01-24/Actor_16/03-01-06-01-01-01-16.wav,41.20987599685211,80.9571892996201,69.16554490230203,76.50053792538506,87.74912971578709
dataset/archive/audio_speech_actors_01-24/Actor_16/03-01-06-01-01-02-16.wav,64.94839671216249,60.779049784507095,69.94053336093984,55.89961466972349,61.14703628152414
dataset/archive/audio_speech_actors_01-24/Actor_16/03-01-06-01-02-01-16.wav,55.26143758666112,78.57159882656823,64.91243728936918,85.00834877570878,69.94461671457506
dataset/archive/audio_speech_actors_01-24/Actor_16/03-01-06-01-02-02-16.wav,72.20299559044835,71.05503457110464,78.56788475389041,89.27416171615914,53.12625021298578
dataset/archive/audio_speech_actors_01-24/Actor_16/03-01-06-02-01-01-16.wav,52.96031121736484,45.84004933680388,64.23965741604836,67.35592504174423,57.47884866132305
dataset/archive/audio_speech_actors_01-24/Actor_16/03-01-06-02-01-02-16.wav,52.81451859224519,76.89129880788582,89.53878794524229,63.497152509849826,66.45035633271803
dataset/archive/audio_speech_actors_01-24/Actor_16/03-01-06-02-02-01-16.wav,64.38099670085467,84.02078236921223,50.8373964987222,69.960807976329,49.44958834588957
dataset/archive/audio_speech_actors_01-24/Actor_16/03-01-06-02-02-02-16.wav,60.5422301431205,45.114115656139745,82.00640650481063,53.779935397766906,57.55696523550985
dataset/archive/audio_speech_actors_01-24/Actor_16/03-01-07-01-01-01-16.wav,75.22333572623964,62.08693256777238,62.254954517048034,51.013068274025315,55.14967570187657
dataset/archive/audio_speech_actors_01-24/Actor_16/03-01-07-01-01-02-16.wav,81.43717923808413,86.36829143855468,41.778143562866774,42.500819791290795,72.5857678968663
dataset/archive/audio_speech_actors_01-24/Actor_16/03-01-07-01-02-01-16.wav,88.54972243397707,46.041009834764736,89.8669511323742,72.88973493398574,89.68371730827246
dataset/archive/audio_speech_actors_01-24/Actor_16/03-01-07-01-02-02-16.wav,88.45840108718318,57.55523549223878,57.51956969176466,51.07108427796057,44.82710547711343
dataset/archive/audio_speech_actors_01-24/Actor_16/03-01-07-02-01-01-16.wav,48.825091954732564,55.1230595921985,46.36556274103275,87.97127813502088,81.7189617906271
dataset/archive/audio_speech_actors_01-24/Actor_16/03-01-07-02-01-02-16.wav,66.92848077449125,44.11560918329175,84.54007395690826,47.426810384973244,50.27020285877976
dataset/archive/audio_speech_actors_01-24/Actor_16/03-01-07-02-02-01-16.wav,49.22594909308053,75.96523162229971,72.22639772407828,61.770360894342865,69.4055288511467
dataset/archive/audio_speech_actors_01-24/Actor_16/03-01-07-02-02-02-16.wav,71.47459450349362,40.64376863078315,64.84382267870586,61.78484292411564,52.87842877866298
dataset/archive/audio_speech_actors_01-24/Actor_16/03-01-08-01-01-01-16.wav,60.70062316392361,61.27751112355084,67.14794292989367,60.12725960052224,82.17812245685914
dataset/archive/audio_speech_actors_01-24/Actor_16/03-01-08-01-01-02-16.wav,76.45084178778178,66.17895155407071,83.53240639928659,86.41461818390053,74.25231588725262
dataset/archive/audio_speech_actors_01-24/Actor_16/03-01-08-01-02-01-16.wav,48.908592961313836,85.61682705286125,77.55910679004211,84.22254105869018,51.779326135122346
dataset/archive/audio_speech_actors_01-24/Actor_16/03-01-08-01-02-02-16.wav,65.36402431632692,77.55023408165232,68.51514082949035,64.09397037938996,80.8804495975431
dataset/archive/audio_speech_actors_01-24/Actor_16/03-01-08-02-01-01-16.wav,83.5663955073102,42.47826703800024,84.56801974441103,49.98354084079831,43.57426999066494
dataset/archive/audio_speech_actors_01-24/Actor_16/03-01-08-02-01-02-16.wav,40.94955639960297,68.0926437772617,78.85872844362038,51.55828454716789,59.29787392942734
dataset/archive/audio_speech_actors_01-24/Actor_16/03-01-08-02-02-01-16.wav,54.51578074574521,67.54347600110384,74.12431805149737,61.10262870639373,45.39811386174006
dataset/archive/audio_speech_actors_01-24/Actor_16/03-01-08-02-02-02-16.wav,82.43478065830587,59.046763261183564,58.86348521558507,64.77894064590615,67.64773192363211
dataset/archive/audio_speech_actors_01-24/Actor_17/03-01-01-01-01-01-17.wav,51.1217653712816,64.1624067498167,72.18679246472509,58.640270748616004,55.81365682668242
dataset/archive/audio_speech_actors_01-24/Actor_17/03-01-01-01-01-02-17.wav,43.261724489195736,64.6804791593311,71.54012624653105,52.999581165892025,59.22616728488576
dataset/archive/audio_speech_actors_01-24/Actor_17/03-01-01-01-02-01-17.wav,40.02084237639481,69.88826622357064,57.292420463199164,42.83503817480288,70.18807111610006
dataset/archive/audio_speech_actors_01-24/Actor_17/03-01-01-01-02-02-17.wav,85.263465495311,40.32843052249218,41.87723552183435,80.8680131679981,87.16015125487314
dataset/archive/audio_speech_actors_01-24/Actor_17/03-01-02-01-01-01-17.wav,87.32298131856021,75.40500659735889,62.243805534654655,57.781355113961425,83.45372095624674
dataset/archive/audio_speech_actors_01-24/Actor_17/03-01-02-01-01-02-17.wav,89.53448050033683,49.64656573872048,70.73241710147666,84.47758093292546,73.69051359505798
dataset/archive/audio_speech_actors_01-24/Actor_17/03-01-02-01-02-01-17.wav,51.15176876414403,73.38891207147775,41.091971022448554,42.66666111460337,43.250226496610566
dataset/archive/audio_speech_actors_01-24/Actor_17/03-01-02-01-02-02-17.wav,84.60165560905878,42.85218816862105,79.10537163592716,40.6089295835597,83.7587849414974
dataset/archive/audio_speech_actors_01-24/Actor_17/03-01-02-02-01-01-17.wav,64.81184132386967,81.63595136461689,46.05241805951719,81.44338756001378,66.08232384452972
dataset/archive/audio_speech_actors_01-24/Actor_17/03-01-02-02-01-02-17.wav,65.1947251731832,71.48780383798832,74.03865308786621,75.84497761927729,89.18663455941191
dataset/archive/audio_speech_actors_01-24/Actor_17/03-01-02-02-02-01-17.wav,52.68213020644707,82.73696034765251,50.74153630163093,72.62903210191952,88.96178205447437
dataset/archive/audio_speech_actors_01-24/Actor_17/03-01-02-02-02-02-17.wav,86.43217805527115,63.442576740553534,89.77352158828027,70.88017619210315,46.39549160102756
dataset/archive/audio_speech_actors_01-24/Actor_17/03-01-03-01-01-01-17.wav,51.84908136903957,42.48886287593233,68.71516899396778,77.4352009660214,54.54936185576536
dataset/archive/audio_speech_actors_01-24/Actor_17/03-01-03-01-01-02-17.wav,52.17679419820848,44.22106064809401,86.18272645650666,63.267662652396496,74.34728141751562
dataset/archive/audio_speech_actors_01-24/Actor_17/03-01-03-01-02-01-17.wav,77.09799147455152,47.14790021095511,65.07652564397995,45.07683035857915,61.90226826661724
dataset/archive/audio_speech_actors_01-24/Actor_17/03-01-03-01-02-02-17.wav,74.1019461211959,67.4244477174988,48.68818477442308,50.92214794964703,60.74850747895958
dataset/archive/audio_speech_actors_01-24/Actor_17/03-01-03-02-01-01-17.wav,79.70370837486227,43.608628581925025,59.63535586592989,58.4225319784795,63.864640863254834
dataset/archive/audio_speech_actors_01-24/Actor_17/03-01-03-02-01-02-17.wav,53.137905871760864,40.167325714618826,72.58899725690327,60.487275369672005,75.38302160173812
dataset/archive/audio_speech_actors_01-24/Actor_17/03-01-03-02-02-01-17.wav,55.22455829974578,44.13548497313446,46.52677247863479,56.10395579888477,48.612534092238484
dataset/archive/audio_speech_actors_01-24/Actor_17/03-01-03-02-02-02-17.wav,53.03336325715719,58.96556816053939,76.6324232047246,46.70731385920455,81.5070335496691
dataset/archive/audio_speech_actors_01-24/Actor_17/03-01-04-01-01-01-17.wav,77.94417548473116,77.21394323061321,60.42002368090203,47.822655393123945,55.68463936397757
dataset/archive/audio_speech_actors_01-24/Actor_17/03-01-04-01-01-02-17.wav,45.04933221281807,77.18518026949693,55.9200491291094,63.82959720419967,50.2426565121602
dataset/archive/audio_speech_actors_01-24/Actor_17/03-01-04-01-02-01-17.wav,55.571998536806184,43.18778835689535,86.52010227759253,75.50584551564927,62.848210415286815
dataset/archive/audio_speech_actors_01-24/Actor_17/03-01-04-01-02-02-17.wav,48.45687449575496,60.56447791359247,76.56548157721323,66.07874369157953,62.58974943034761
dataset/archive/audio_speech_actors_01-24/Actor_17/03-01-04-02-01-01-17.wav,89.48542305727688,62.423619514207765,45.21934612906192,88.7790761453839,60.54284844257057
dataset/archive/audio_speech_actors_01-24/Actor_17/03-01-04-02-01-02-17.wav,49.78806209081781,77.64416872515906,55.28522042456192,58.50046905829733,81.49567217153161
dataset/archive/audio_speech_actors_01-24/Actor_17/03-01-04-02-02-01-17.wav,44.525342436094725,85.8860576814889,77.85516032446603,58.46358434990264,58.02232406718352
dataset/archive/audio_speech_actors_01-24/Actor_17/03-01-04-02-02-02-17.wav,83.62088469736287,87.9223052464673,48.27398139197304,60.45824233586678,87.18100113921952
dataset/archive/audio_speech_actors_01-24/Actor_17/03-01-05-01-01-01-17.wav,77.31161573497334,83.6630740510688,45.56405989827378,61.61155186331854,81.28604583939226
dataset/archive/audio_speech_actors_01-24/Actor_17/03-01-05-01-01-02-17.wav,56.66099034495224,76.82034145228062,70.56497478387185,73.5974612103553,85.37379184302713
dataset/archive/audio_speech_actors_01-24/Actor_17/03-01-05-01-02-01-17.wav,79.98607929391198,89.41894381700519,50.73380745641403,71.3755586641819,43.84587232697955
dataset/archive/audio_speech_actors_01-24/Actor_17/03-01-05-01-02-02-17.wav,74.5369530070423,62.14603471140457,76.84443708848849,50.67163735371842,55.63424264184094
dataset/archive/audio_speech_actors_01-24/Actor_17/03-01-05-02-01-01-17.wav,79.54007376668244,87.41750383431426,89.19437838351453,65.66018864364676,75.01272532566261
dataset/archive/audio_speech_actors_01-24/Actor_17/03-01-05-02-01-02-17.wav,60.443943906844495,80.38129012120335,40.799927198812156,81.53579915345969,64.025939612089
dataset/archive/audio_speech_actors_01-24/Actor_17/03-01-05-02-02-01-17.wav,85.69258488196814,61.270188546889855,72.53585732917504,61.10968359347643,65.69226376381631
dataset/archive/audio_speech_actors_01-24/Actor_17/03-01-05-02-02-02-17.wav,52.23486201544178,46.19313268273924,40.40092949690768,83.97157991168953,47.87919463873731
dataset/archive/audio_speech_actors_01-24/Actor_17/03-01-06-01-01-01-17.wav,54.1397998021814,72.3443947981456,79.05617321062886,44.964196380962306,55.20179952140103
dataset/archive/audio_speech_actors_01-24/Actor_17/03-01-06-01-01-02-17.wav,70.76320375374331,71.88686891299702,85.8417865562906,59.304407009207765,62.15982350532391
dataset/archive/audio_speech_actors_01-24/Actor_17/03-01-06-01-02-01-17.wav,71.50709806356775,60.26731746370756,77.53230064566011,78.10147493822343,69.75280018766341
dataset/archive/audio_speech_actors_01-24/Actor_17/03-01-06-01-02-02-17.wav,51.70999127797612,86.2499103266191,79.62040495147704,56.32240482537884,51.10967491191512
dataset/archive/audio_speech_actors_01-24/Actor_17/03-01-06-02-01-01-17.wav,52.93061879827624,74.88441965230277,66.88139761599354,41.319140988534244,69.71471542630908
dataset/archive/audio_speech_actors_01-24/Actor_17/03-01-06-02-01-02-17.wav,65.89081274541942,84.32367774039774,45.686823470209845,53.034134466725384,64.24623089440966
dataset/archive/audio_speech_actors_01-24/Actor_17/03-01-06-02-02-01-17.wav,64.78849989694444,80.68319553803757,88.33775526181685,52.43833365559021,64.04134352398827
dataset/archive/audio_speech_actors_01-24/Actor_17/03-01-06-02-02-02-17.wav,59.27502237755252,85.80342534099871,67.0655947653772,57.63204950144247,87.10161010699687
dataset/archive/audio_speech_actors_01-24/Actor_17/03-01-07-01-01-01-17.wav,89.28117201474495,76.81423585003297,43.570203622992544,70.86090579625196,65.20382270380217
dataset/archive/audio_speech_actors_01-24/Actor_17/03-01-07-01-01-02-17.wav,75.02840213013516,57.05511346727734,68.15782843841899,42.749393087367444,54.373352502329936
dataset/archive/audio_speech_actors_01-24/Actor_17/03-01-07-01-02-01-17.wav,84.98219243926883,81.9093476703527,89.86536361098993,52.70479994313286,70.59765718135439
dataset/archive/audio_speech_actors_01-24/Actor_17/03-01-07-01-02-02-17.wav,84.05069221061548,68.69824851381591,51.61812475088161,87.81574403619607,80.39872163418681
dataset/archive/audio_speech_actors_01-24/Actor_17/03-01-07-02-01-01-17.wav,66.69644307488886,55.49970428830978,48.361809301751144,51.354280433557676,41.183729395318984
dataset/archive/audio_speech_actors_01-24/Actor_17/03-01-07-02-01-02-17.wav,55.837132395391855,63.64769277415657,64.09168463474117,86.21241635557897,61.463191609390215
dataset/archive/audio_speech_actors_01-24/Actor_17/03-01-07-02-02-01-17.wav,69.56550578027057,88.35671892895283,62.10979246374618,87.5987964344112,47.00021177372225
dataset/archive/audio_speech_actors_01-24/Actor_17/03-01-07-02-02-02-17.wav,70.88905126299122,47.09904937736849,67.71029360792636,72.36296760892718,69.90461904258589
dataset/archive/audio_speech_actors_01-24/Actor_17/03-01-08-01-01-01-17.wav,87.75232357336569,54.169753089486434,65.43237974477518,50.64584371673134,48.38605876753398
dataset/archive/audio_speech_actors_01-24/Actor_17/03-01-08-01-01-02-17.wav,89.26425819516965,46.628962889571866,74.79627423239918,86.52431985759429,82.42104967985296
dataset/archive/audio_speech_actors_01-24/Actor_17/03-01-08-01-02-01-17.wav,88.01677848688001,40.95506022197442,54.21248345773288,43.658769034844795,53.07685422413881
dataset/archive/audio_speech_actors_01-24/Actor_17/03-01-08-01-02-02-17.wav,55.76291306927225,85.99198551443419,86.93035104202801,88.7758153928142,82.12479281873684
dataset/archive/audio_speech_actors_01-24/Actor_17/03-01-08-02-01-01-17.wav,44.3771549184294,47.042533394869025,46.95834633537748,52.38480980012156,66.60536569308104
dataset/archive/audio_speech_actors_01-24/Actor_17/03-01-08-02-01-02-17.wav,56.19249793333098,77.54367082389896,72.21938659978558,81.60848297708854,55.05747677002391
dataset/archive/audio_speech_actors_01-24/Actor_17/03-01-08-02-02-01-17.wav,68.0841269616541,50.525182447483616,62.07204780692045,68.56380749623362,47.66495349970807
dataset/archive/audio_speech_actors_01-24/Actor_17/03-01-08-02-02-02-17.wav,80.31493864115225,88.40669562424128,75.90156621019355,62.661576318981915,56.95938827535183
dataset/archive/audio_speech_actors_01-24/Actor_18/03-01-01-01-01-01-18.wav,69.1401205221513,47.97956231870663,79.74937158014242,79.53405952444353,79.4788766756276
dataset/archive/audio_speech_actors_01-24/Actor_18/03-01-01-01-01-02-18.wav,83.58443357358483,63.899770514020105,58.537010395269164,44.056561671770005,57.71801431126629
dataset/archive/audio_speech_actors_01-24/Actor_18/03-01-01-01-02-01-18.wav,64.93794359740114,60.15908117248597,66.01452754360761,54.185713629886465,74.04602878130231
dataset/archive/audio_speech_actors_01-24/Actor_18/03-01-01-01-02-02-18.wav,76.62189346425454,55.24697788935355,65.36598764858971,65.6272229960835,59.14240020819422
dataset/archive/audio_speech_actors_01-24/Actor_18/03-01-02-01-01-01-18.wav,67.5638330903902,61.2361551294359,75.19034693317029,55.80660044243961,45.394667330569476
dataset/archive/audio_speech_actors_01-24/Actor_18/03-01-02-01-01-02-18.wav,63.013588273074944,51.60065016568207,86.31784243490911,86.95709966507606,68.85991976300073
dataset/archive/audio_speech_actors_01-24/Actor_18/03-01-02-01-02-01-18.wav,42.67191253328984,61.61776643838839,89.16750247646542,47.592643121988104,46.16724538470092
dataset/archive/audio_speech_actors_01-24/Actor_18/03-01-02-01-02-02-18.wav,47.161580957782796,69.2232433756694,64.83112399714969,85.20602711765648,50.981405133856676
dataset/archive/audio_speech_actors_01-24/Actor_18/03-01-02-02-01-01-18.wav,41.72410778634925,83.04567300721959,75.50931162830709,69.59876832027305,76.22027986816501
dataset/archive/audio_speech_actors_01-24/Actor_18/03-01-02-02-01-02-18.wav,84.81976110267793,75.09314708592659,83.8800789494666,83.88397276904591,89.86460186105163
dataset/archive/audio_speech_actors_01-24/Actor_18/03-01-02-02-02-01-18.wav,84.15196001738578,74.40516084003194,48.408606941017226,84.15587864571822,47.20941520520727
dataset/archive/audio_speech_actors_01-24/Actor_18/03-01-02-02-02-02-18.wav,52.349532827393645,71.73135334577739,72.10577260143621,59.91110842459412,59.47898127502569
dataset/archive/audio_speech_actors_01-24/Actor_18/03-01-03-01-01-01-18.wav,51.818179909850905,42.9133445360295,40.39001313994748,53.388445303225296,66.85780669091098
dataset/archive/audio_speech_actors_01-24/Actor_18/03-01-03-01-01-02-18.wav,75.10016355784569,54.707698545281126,83.3504180955844,70.35876361197563,87.4398430258891
dataset/archive/audio_speech_actors_01-24/Actor_18/03-01-03-01-02-01-18.wav,58.080874050332284,78.47478439878108,65.92392468964914,51.67699300423542,42.92472727834438
dataset/archive/audio_speech_actors_01-24/Actor_18/03-01-03-01-02-02-18.wav,89.72519682752284,85.53029271013293,61.750301438703005,80.74695575229168,82.17698871076607
dataset/archive/audio_speech_actors_01-24/Actor_18/03-01-03-02-01-01-18.wav,81.64959222664032,44.24874329947534,89.94640736597628,81.99983349225198,42.802701655187896
dataset/archive/audio_speech_actors_01-24/Actor_18/03-01-03-02-01-02-18.wav,63.05634579220064,62.855311702158055,52.55452497900495,63.85273760988295,81.82444873251185
dataset/archive/audio_speech_actors_01-24/Actor_18/03-01-03-02-02-01-18.wav,81.73665644961281,41.62330158324205,68.3234727073775,41.4186979793778,62.31323149753895
dataset/archive/audio_speech_actors_01-24/Actor_18/03-01-03-02-02-02-18.wav,83.09923404476575,74.60847999706198,73.56131814883766,86.05631500175588,51.53527376064123
dataset/archive/audio_speech_actors_01-24/Actor_18/03-01-04-01-01-01-18.wav,76.57397774083526,63.95875015921682,86.74790352525793,61.27296971890768,84.11788622891382
dataset/archive/audio_speech_actors_01-24/Actor_18/03-01-04-01-01-02-18.wav,60.15922539942815,58.879550047193135,71.93741879833254,62.45791679388511,80.05085049375077
dataset/archive/audio_speech_actors_01-24/Actor_18/03-01-04-01-02-01-18.wav,41.06800798933421,40.28471889704154,87.93904382560946,54.20136339824618,78.22369300821036
dataset/archive/audio_speech_actors_01-24/Actor_18/03-01-04-01-02-02-18.wav,69.54212257829317,75.85919025228478,80.68999790759567,63.12837362453969,41.36312011364622
dataset/archive/audio_speech_actors_01-24/Actor_18/03-01-04-02-01-01-18.wav,43.456199271815244,45.44262528739902,52.36840846039868,49.546865560675556,84.55591294849663
dataset/archive/audio_speech_actors_01-24/Actor_18/03-01-04-02-01-02-18.wav,75.19566894970647,50.004772310735945,64.58658640030316,62.59631799908527,65.9202301483592
dataset/archive/audio_speech_actors_01-24/Actor_18/03-01-04-02-02-01-18.wav,44.76610801530367,52.74078465652593,46.40063382565421,83.5954711988334,45.17647829975704
dataset/archive/audio_speech_actors_01-24/Actor_18/03-01-04-02-02-02-18.wav,64.70023629285686,57.32566148747466,63.69470597638718,75.15847972086311,44.591500922018554
dataset/archive/audio_speech_actors_01-24/Actor_18/03-01-05-01-01-01-18.wav,83.48539064054643,83.89407438962135,71.48346395126052,55.40585356668275,58.310910616877464
dataset/archive/audio_speech_actors_01-24/Actor_18/03-01-05-01-01-02-18.wav,74.45855813095902,47.95926301906273,71.38290055069817,57.01700369348001,80.16931186868834
dataset/archive/audio_speech_actors_01-24/Actor_18/03-01-05-01-02-01-18.wav,70.70232538463502,53.792549964479406,49.03623535386944,70.55807799278853,73.53392910707564
dataset/archive/audio_speech_actors_01-24/Actor_18/03-01-05-01-02-02-18.wav,68.75252644601635,44.61012071344387,52.176837328578436,61.932172926125844,71.78993144919711
dataset/archive/audio_speech_actors_01-24/Actor_18/03-01-05-02-01-01-18.wav,48.38198759566564,82.6096994766668,42.214493127646534,46.29299398439217,49.6275914097074
dataset/archive/audio_speech_actors_01-24/Actor_18/03-01-05-02-01-02-18.wav,71.80413506626788,68.39972879471014,65.59645703918682,56.187694833391696,61.054358647513006
dataset/archive/audio_speech_actors_01-24/Actor_18/03-01-05-02-02-01-18.wav,75.8412361299194,83.53049199674132,53.77246265433424,87.30467293853921,76.20978889896855
dataset/archive/audio_speech_actors_01-24/Actor_18/03-01-05-02-02-02-18.wav,57.51567464861776,51.375681612911535,80.37755181463535,54.09829755063844,88.24731682957866
dataset/archive/audio_speech_actors_01-24/Actor_18/03-01-06-01-01-01-18.wav,51.521155814172815,52.040007151174265,59.868877903555976,75.60797649327509,84.50006131165608
dataset/archive/audio_speech_actors_01-24/Actor_18/03-01-06-01-01-02-18.wav,58.25329972535911,78.45648943662391,42.858712929949206,77.7044125990933,60.877258100063514
dataset/archive/audio_speech_actors_01-24/Actor_18/03-01-06-01-02-01-18.wav,80.44221478576222,45.47930160393456,60.55089529217146,55.14979498588136,88.6121485747552
dataset/archive/audio_speech_actors_01-24/Actor_18/03-01-06-01-02-02-18.wav,85.23537461253298,67.48421381254344,81.50393660242305,55.95689442126577,87.27666388638787
dataset/archive/audio_speech_actors_01-24/Actor_18/03-01-06-02-01-01-18.wav,64.4423323944308,48.09306664996403,53.27092962690935,49.17135109007147,50.8163404269601
dataset/archive/audio_speech_actors_01-24/Actor_18/03-01-06-02-01-02-18.wav,57.966064953905246,84.28567968383601,48.48225219315111,78.76203525580846,60.588390445142075
dataset/archive/audio_speech_actors_01-24/Actor_18/03-01-06-02-02-01-18.wav,51.9642187431549,67.0460214612993,53.68462371532665,53.71251655103954,54.14090974862431
dataset/archive/audio_speech_actors_01-24/Actor_18/03-01-06-02-02-02-18.wav,86.83384323627817,53.34721917130047,76.2887513602978,74.09266117056384,62.740002226655236
dataset/archive/audio_speech_actors_01-24/Actor_18/03-01-07-01-01-01-18.wav,65.37937858912673,82.64340030030638,82.11302035238832,66.91080912445305,65.77559606837201
dataset/archive/audio_speech_actors_01-24/Actor_18/03-01-07-01-01-02-18.wav,81.84502317077701,64.95951692582071,54.003600055847485,53.18584233085905,49.5742644152621
dataset/archive/audio_speech_actors_01-24/Actor_18/03-01-07-01-02-01-18.wav,53.16255187043735,45.06609875765904,57.33654063306129,73.6535636033183,48.32289881599998
dataset/archive/audio_speech_actors_01-24/Actor_18/03-01-07-01-02-02-18.wav,61.418568023350005,88.74396058606433,75.10832863352041,67.74945716683712,55.392663300251215
dataset/archive/audio_speech_actors_01-24/Actor_18/03-01-07-02-01-01-18.wav,66.50349422595838,67.5550800199881,79.40583988469773,75.58904446927613,51.2027248731237
dataset/archive/audio_speech_actors_01-24/Actor_18/03-01-07-02-01-02-18.wav,85.14243458568005,73.94602011775743,54.489131425223746,58.10579023524643,55.60742295080568
dataset/archive/audio_speech_actors_01-24/Actor_18/03-01-07-02-02-01-18.wav,69.70207933383676,45.656465517713684,52.17683544569606,55.75883138013814,63.56265996073123
dataset/archive/audio_speech_actors_01-24/Actor_18/03-01-07-02-02-02-18.wav,63.11772102587505,48.91624705158914,72.95485757789442,65.74091214318865,64.33571119040893
dataset/archive/audio_speech_actors_01-24/Actor_18/03-01-08-01-01-01-18.wav,59.32909791542258,55.91671967700349,83.15667955344193,77.35044143840386,77.02189917311861
dataset/archive/audio_speech_actors_01-24/Actor_18/03-01-08-01-01-02-18.wav,71.64917070038092,74.33656067512425,63.47597100650904,51.87007370096168,87.27060805427617
dataset/archive/audio_speech_actors_01-24/Actor_18/03-01-08-01-02-01-18.wav,57.26677275030718,48.765809997513294,80.79818101080917,57.63866611368496,70.32302677620935
dataset/archive/audio_speech_actors_01-24/Actor_18/03-01-08-01-02-02-18.wav,82.82946074926292,67.1689916954973,56.52863838855611,72.87190261457549,63.20722309090184
dataset/archive/audio_speech_actors_01-24/Actor_18/03-01-08-02-01-01-18.wav,66.07707729737416,72.44216163976847,63.15206399889186,77.60399269064872,88.90984767575893
dataset/archive/audio_speech_actors_01-24/Actor_18/03-01-08-02-01-02-18.wav,85.87863026836283,46.309281551784935,75.17629924451191,78.47816369754062,82.45691108821762
dataset/archive/audio_speech_actors_01-24/Actor_18/03-01-08-02-02-01-18.wav,64.62590528085667,85.50301693086392,61.65457413607649,43.329556103757845,62.6538641743213
dataset/archive/audio_speech_actors_01-24/Actor_18/03-01-08-02-02-02-18.wav,86.85268791831186,49.31372041309136,43.65962243757758,72.11948425771521,56.44443691029494
dataset/archive/audio_speech_actors_01-24/Actor_19/03-01-01-01-01-01-19.wav,60.05890595686125,40.9175880559221,52.822409413251776,80.44258142069219,74.54695266552349
dataset/archive/audio_speech_actors_01-24/Actor_19/03-01-01-01-01-02-19.wav,58.031262778544885,45.28618286559024,82.48714870187908,49.244927045443276,58.470087340451116
dataset/archive/audio_speech_actors_01-24/Actor_19/03-01-01-01-02-01-19.wav,85.50398702826766,69.2166567396618,58.26760049979256,69.92597628170584,50.30904980489144
dataset/archive/audio_speech_actors_01-24/Actor_19/03-01-01-01-02-02-19.wav,79.79434801303981,51.111961106409254,85.72965164668486,43.23520249499013,85.06249237789581
dataset/archive/audio_speech_actors_01-24/Actor_19/03-01-02-01-01-01-19.wav,63.1326999493762,50.95728207392162,49.09093185571263,63.9492461715597,62.675740625396145
dataset/archive/audio_speech_actors_01-24/Actor_19/03-01-02-01-01-02-19.wav,44.00750865929956,42.541775358059034,52.06687240997456,89.59678876853405,68.19588390694814
dataset/archive/audio_speech_actors_01-24/Actor_19/03-01-02-01-02-01-19.wav,87.80643042075836,40.297275420080425,79.96234105870988,64.7690434983738,63.705637650444466
dataset/archive/audio_speech_actors_01-24/Actor_19/03-01-02-01-02-02-19.wav,75.3758700576156,64.6587625738291,71.13794538612613,69.15763057379485,61.170076686404556
dataset/archive/audio_speech_actors_01-24/Actor_19/03-01-02-02-01-01-19.wav,42.923507471851366,40.40799527534505,79.03070932316817,48.144345785990964,63.194214535075
dataset/archive/audio_speech_actors_01-24/Actor_19/03-01-02-02-01-02-19.wav,52.762304237333936,81.69483266537712,88.04599385657508,48.3356296821953,61.8364426029309
dataset/archive/audio_speech_actors_01-24/Actor_19/03-01-02-02-02-01-19.wav,88.92450750557543,85.82971934424978,44.175676475052896,88.70433221155331,81.28698414488818
dataset/archive/audio_speech_actors_01-24/Actor_19/03-01-02-02-02-02-19.wav,69.71325327791918,86.53873200203464,85.1138833125986,65.61258909429232,44.079545696486704
dataset/archive/audio_speech_actors_01-24/Actor_19/03-01-03-01-01-01-19.wav,57.64361628976133,78.27083631174112,85.77969328212134,46.29730483813926,55.85576548077432
dataset/archive/audio_speech_actors_01-24/Actor_19/03-01-03-01-01-02-19.wav,64.25583980191848,61.08562787700653,54.338436883678455,54.364779312671374,89.3894520464976
dataset/archive/audio_speech_actors_01-24/Actor_19/03-01-03-01-02-01-19.wav,57.52874159130491,82.62539043675115,55.57758605046911,51.77781386681633,76.68928787330199
dataset/archive/audio_speech_actors_01-24/Actor_19/03-01-03-01-02-02-19.wav,43.53780139955646,50.724806871723494,45.74821875021748,57.02794069581003,62.05696595603679
dataset/archive/audio_speech_actors_01-24/Actor_19/03-01-03-02-01-01-19.wav,52.611314335732736,87.03258843957437,86.04282064002666,42.82361452388074,76.92726446732868
dataset/archive/audio_speech_actors_01-24/Actor_19/03-01-03-02-01-02-19.wav,67.33357730798359,56.71276571334735,65.51028470704775,46.84073427180812,87.86338901301076
dataset/archive/audio_speech_actors_01-24/Actor_19/03-01-03-02-02-01-19.wav,48.80520894799612,73.21208469847201,79.54081839641147,49.254054515783594,54.087486813652774
dataset/archive/audio_speech_actors_01-24/Actor_19/03-01-03-02-02-02-19.wav,53.18765897161523,60.76382587928548,58.336142339239444,71.28208200089936,56.65530830665894
dataset/archive/audio_speech_actors_01-24/Actor_19/03-01-04-01-01-01-19.wav,52.057215693341035,57.0276006896516,56.70028782728749,42.235053186971655,61.50835664216829
dataset/archive/audio_speech_actors_01-24/Actor_19/03-01-04-01-01-02-19.wav,69.25443494807007,83.97832808619641,42.27141443731305,43.01024463516865,67.9902665444877
dataset/archive/audio_speech_actors_01-24/Actor_19/03-01-04-01-02-01-19.wav,74.54598352516356,88.25138197795485,53.73968148246,53.850271331023265,71.36718856063375
dataset/archive/audio_speech_actors_01-24/Actor_19/03-01-04-01-02-02-19.wav,65.85207416350734,77.81099377450556,73.21384989384282,65.48252289441206,74.2545887151492
dataset/archive/audio_speech_actors_01-24/Actor_19/03-01-04-02-01-01-19.wav,42.37904063006088,58.041487048482246,69.91422043527433,61.550890372416326,64.44679097628844
dataset/archive/audio_speech_actors_01-24/Actor_19/03-01-04-02-01-02-19.wav,59.41808510789299,83.99373038754692,64.44103908834312,78.73730339968176,84.50825071806646
dataset/archive/audio_speech_actors_01-24/Actor_19/03-01-04-02-02-01-19.wav,82.6956309582096,69.39220179990546,76.72089839654613,73.961373902426,89.9084001608287
dataset/archive/audio_speech_actors_01-24/Actor_19/03-01-04-02-02-02-19.wav,79.53979803950057,89.21487538195888,74.71844344425756,68.08449465845374,86.45295784424101
dataset/archive/audio_speech_actors_01-24/Actor_19/03-01-05-01-01-01-19.wav,77.63312600224495,88.63651471765601,83.6278621634798,44.82947710259211,85.96626197277133
dataset/archive/audio_speech_actors_01-24/Actor_19/03-01-05-01-01-02-19.wav,68.17245375145721,55.833804713719545,73.48840996339133,74.23253331310839,50.811155789955336
dataset/archive/audio_speech_actors_01-24/Actor_19/03-01-05-01-02-01-19.wav,60.562802218946224,72.06933887203205,60.43547208318277,87.25456663271419,44.95032396975197
dataset/archive/audio_speech_actors_01-24/Actor_19/03-01-05-01-02-02-19.wav,59.45866008997973,81.94791214161202,88.05019294418274,43.62307953309924,64.09186806072364
dataset/archive/audio_speech_actors_01-24/Actor_19/03-01-05-02-01-01-19.wav,88.99886648759619,50.07130027365333,62.999952559061036,63.81214927898715,87.64053530181167
dataset/archive/audio_speech_actors_01-24/Actor_19/03-01-05-02-01-02-19.wav,85.71684794960618,46.842818569787326,60.5130082115383,47.4809923423149,47.44857355073013
dataset/archive/audio_speech_actors_01-24/Actor_19/03-01-05-02-02-01-19.wav,66.74261124119153,45.62058407293773,63.33595932893944,68.50692448378354,76.29323046368721
dataset/archive/audio_speech_actors_01-24/Actor_19/03-01-05-02-02-02-19.wav,75.56510773730832,52.07604531085627,52.780604333135265,80.33404885866983,69.06654733641858
dataset/archive/audio_speech_actors_01-24/Actor_19/03-01-06-01-01-01-19.wav,82.00987272729239,45.5616054935338,62.55619392499645,76.01236969778077,77.57047420521423
dataset/archive/audio_speech_actors_01-24/Actor_19/03-01-06-01-01-02-19.wav,88.37867208462765,54.81538509484035,80.3497982001462,87.97836635023216,85.6046205028077
dataset/archive/audio_speech_actors_01-24/Actor_19/03-01-06-01-02-01-19.wav,84.28862687911877,74.83218969047724,56.40364806758335,47.03748809375665,53.85798315976064
dataset/archive/audio_speech_actors_01-24/Actor_19/03-01-06-01-02-02-19.wav,77.17212463606461,66.98720232457049,87.16284387641412,73.4399982301743,53.95247531105234
dataset/archive/audio_speech_actors_01-24/Actor_19/03-01-06-02-01-01-19.wav,53.42654305601408,58.92510532580013,80.7571624536323,85.49894948954807,78.22746450078836
dataset/archive/audio_speech_actors_01-24/Actor_19/03-01-06-02-01-02-19.wav,66.06638326237392,73.43095949856635,42.70045012593877,87.21619690727047,61.423114230661334
dataset/archive/audio_speech_actors_01-24/Actor_19/03-01-06-02-02-01-19.wav,52.207497520094925,64.7684651783815,50.21265071347362,74.41254834978162,86.43165627250954
dataset/archive/audio_speech_actors_01-24/Actor_19/03-01-06-02-02-02-19.wav,68.07588256683334,67.7201549840754,67.51307254542101,68.01197677559456,88.86120426500749
dataset/archive/audio_speech_actors_01-24/Actor_19/03-01-07-01-01-01-19.wav,81.14582527967778,59.934892535267565,69.3257739257584,68.75772032024702,69.94776542716554
dataset/archive/audio_speech_actors_01-24/Actor_19/03-01-07-01-01-02-19.wav,72.63915232842601,42.890051748480126,50.02646513059804,64.0072846942847,85.09011606515402
dataset/archive/audio_speech_actors_01-24/Actor_19/03-01-07-01-02-01-19.wav,52.302349834378056,89.603771767636,70.55045294843855,62.20821439619283,55.488400054707895
dataset/archive/audio_speech_actors_01-24/Actor_19/03-01-07-01-02-02-19.wav,74.30436598521528,51.08481715501448,66.48804605321867,56.16934608091758,55.44722199820418
dataset/archive/audio_speech_actors_01-24/Actor_19/03-01-07-02-01-01-19.wav,56.35894258090046,87.60826769124513,55.537100534491834,41.37217724734882,45.65487719509666
dataset/archive/audio_speech_actors_01-24/Actor_19/03-01-07-02-01-02-19.wav,78.93771514787643,51.62871444719407,61.58766152590172,78.07660068340479,81.90807864115081
dataset/archive/audio_speech_actors_01-24/Actor_19/03-01-07-02-02-01-19.wav,62.20307625132019,88.33494822038217,84.34722355519946,55.6748189539598,70.33387196389683
dataset/archive/audio_speech_actors_01-24/Actor_19/03-01-07-02-02-02-19.wav,53.40335644014697,44.243150852484675,45.75664806820871,42.076630417495714,88.70596378999848
dataset/archive/audio_speech_actors_01-24/Actor_19/03-01-08-01-01-01-19.wav,56.79486976288885,71.26609980293452,51.18501064306191,40.96859775060105,68.89847154930611
dataset/archive/audio_speech_actors_01-24/Actor_19/03-01-08-01-01-02-19.wav,64.4948861230749,79.74547898680964,40.22395255943854,57.0109550760504,64.3057574228963
dataset/archive/audio_speech_actors_01-24/Actor_19/03-01-08-01-02-01-19.wav,66.73684629913777,76.772607442264,41.68094756425927,40.43234785266916,70.6540474525948
dataset/archive/audio_speech_actors_01-24/Actor_19/03-01-08-01-02-02-19.wav,73.49319357534895,76.69163429602699,74.21619255014281,78.98113168792082,55.237136779358764
dataset/archive/audio_speech_actors_01-24/Actor_19/03-01-08-02-01-01-19.wav,42.950130017502836,61.485275383309,89.40027138592828,81.00121375383326,61.560205480378585
dataset/archive/audio_speech_actors_01-24/Actor_19/03-01-08-02-01-02-19.wav,55.4536962295316,53.49305289752963,49.3377563482463,57.718200492774045,46.37539024364909
dataset/archive/audio_speech_actors_01-24/Actor_19/03-01-08-02-02-01-19.wav,76.61437432721682,76.55285173364628,79.17265689169497,89.49401019859351,59.65030017268778
dataset/archive/audio_speech_actors_01-24/Actor_19/03-01-08-02-02-02-19.wav,50.88183738042369,69.73086089665806,40.372401619420096,50.332861073021476,83.62129740804414
dataset/archive/audio_speech_actors_01-24/Actor_20/03-01-01-01-01-01-20.wav,55.77633802034713,87.75272258816992,86.14610312025937,43.74672315928535,74.0511515622078
dataset/archive/audio_speech_actors_01-24/Actor_20/03-01-01-01-01-02-20.wav,64.74139580124513,89.5441121848315,49.44776958029494,75.8480315301785,87.39431599605788
dataset/archive/audio_speech_actors_01-24/Actor_20/03-01-01-01-02-01-20.wav,58.31576687108232,41.451030534056045,58.16167385092958,84.98646008601,85.02042304439169
dataset/archive/audio_speech_actors_01-24/Actor_20/03-01-01-01-02-02-20.wav,77.58690487252332,54.665168778858636,81.8197233005584,81.46826310611328,59.285124155327225
dataset/archive/audio_speech_actors_01-24/Actor_20/03-01-02-01-01-01-20.wav,53.79758592704339,52.439110952150436,79.73571529355249,61.916752212573115,61.92743024266731
dataset/archive/audio_speech_actors_01-24/Actor_20/03-01-02-01-01-02-20.wav,50.72556727376558,56.993629055069825,53.6032468584013,44.704150774018395,66.53590147797938
dataset/archive/audio_speech_actors_01-24/Actor_20/03-01-02-01-02-01-20.wav,40.86437845266619,82.30007443509544,42.661093608844226,50.09732710743374,80.16105949409122
dataset/archive/audio_speech_actors_01-24/Actor_20/03-01-02-01-02-02-20.wav,45.28498941628787,50.4732867616101,41.03783906514151,47.34782539653637,56.12862112157387
dataset/archive/audio_speech_actors_01-24/Actor_20/03-01-02-02-01-01-20.wav,83.18681784264197,71.46331726883226,60.498649492155806,86.48933372810241,41.82267662531926
dataset/archive/audio_speech_actors_01-24/Actor_20/03-01-02-02-01-02-20.wav,58.49947222524249,55.50543855120024,66.43190941684725,66.18575985435162,60.36006014346484
dataset/archive/audio_speech_actors_01-24/Actor_20/03-01-02-02-02-01-20.wav,65.60949656958054,51.90740842242273,73.63804826738323,85.53695725577725,75.70366979707126
dataset/archive/audio_speech_actors_01-24/Actor_20/03-01-02-02-02-02-20.wav,86.42592731758526,78.80665367862969,53.091922493979425,55.15877044336943,69.21436426418427
dataset/archive/audio_speech_actors_01-24/Actor_20/03-01-03-01-01-01-20.wav,87.29536264142897,48.07482481409356,61.16784505282136,40.221217194735246,77.41593615215726
dataset/archive/audio_speech_actors_01-24/Actor_20/03-01-03-01-01-02-20.wav,45.70612200533413,83.06067082205823,65.26420386002141,59.76065457573603,49.58794988146164
dataset/archive/audio_speech_actors_01-24/Actor_20/03-01-03-01-02-01-20.wav,89.807504336932,69.02574309814187,41.918766364120245,65.10602557983543,42.574636570307746
dataset/archive/audio_speech_actors_01-24/Actor_20/03-01-03-01-02-02-20.wav,85.52620323172286,85.77612177021035,78.67442297638684,63.4843571921181,51.02316339636338
dataset/archive/audio_speech_actors_01-24/Actor_20/03-01-03-02-01-01-20.wav,73.9734452961584,61.83121811936947,72.53623708488158,48.6530834330792,65.02993331511163
dataset/archive/audio_speech_actors_01-24/Actor_20/03-01-03-02-01-02-20.wav,64.10893302156808,85.40118110430583,79.32058870482737,79.34463633867537,89.97399658522879
dataset/archive/audio_speech_actors_01-24/Actor_20/03-01-03-02-02-01-20.wav,79.06509495771061,42.65609533422729,46.05610463240763,62.8605253626461,42.452962971901826
dataset/archive/audio_speech_actors_01-24/Actor_20/03-01-03-02-02-02-20.wav,70.78201866747136,80.38342136438693,44.16656408012056,44.378277761148865,76.66194037876505
dataset/archive/audio_speech_actors_01-24/Actor_20/03-01-04-01-01-01-20.wav,50.71994519951073,67.38295204126129,69.5118204964509,60.77535723773364,64.97246523998376
dataset/archive/audio_speech_actors_01-24/Actor_20/03-01-04-01-01-02-20.wav,64.13365551725092,77.6412183647841,70.20632223015939,71.13354934961023,43.064641039293406
dataset/archive/audio_speech_actors_01-24/Actor_20/03-01-04-01-02-01-20.wav,63.51936094572925,82.79522254768082,64.95117755393468,76.22065841954921,54.29700342682705
dataset/archive/audio_speech_actors_01-24/Actor_20/03-01-04-01-02-02-20.wav,43.99021876450247,63.203016695805545,54.50433127759035,50.390887816279374,73.39516012790668
dataset/archive/audio_speech_actors_01-24/Actor_20/03-01-04-02-01-01-20.wav,52.26021044890659,49.17495531107118,74.68179045777623,45.95025449130681,63.91921139710717
dataset/archive/audio_speech_actors_01-24/Actor_20/03-01-04-02-01-02-20.wav,81.32285714111666,58.6574864600728,46.60202952228011,84.72192550197813,79.45969626640505
dataset/archive/audio_speech_actors_01-24/Actor_20/03-01-04-02-02-01-20.wav,68.65599085958814,75.06091970403708,73.8197209013588,82.70906136088297,77.67700102442292
dataset/archive/audio_speech_actors_01-24/Actor_20/03-01-04-02-02-02-20.wav,66.10576385546328,58.589354761733915,81.66472970041391,41.10119579774343,86.54237300804097
dataset/archive/audio_speech_actors_01-24/Actor_20/03-01-05-01-01-01-20.wav,85.34050228531423,80.6056027407993,42.50956339393239,40.87086633928384,50.63155283300642
dataset/archive/audio_speech_actors_01-24/Actor_20/03-01-05-01-01-02-20.wav,68.61995197869342,63.69720599257827,44.787636576695995,83.45173745422896,45.524913738226886
dataset/archive/audio_speech_actors_01-24/Actor_20/03-01-05-01-02-01-20.wav,55.75009242159585,65.1105577127265,66.4132211201552,70.33438952795564,63.28976844892189
dataset/archive/audio_speech_actors_01-24/Actor_20/03-01-05-01-02-02-20.wav,48.2913373674133,47.46917574536721,44.37567838544822,87.45877547922993,44.4093172662231
dataset/archive/audio_speech_actors_01-24/Actor_20/03-01-05-02-01-01-20.wav,40.22452862122084,84.3234877674995,64.34921521196515,58.3958596261362,88.24360581388987
dataset/archive/audio_speech_actors_01-24/Actor_20/03-01-05-02-01-02-20.wav,76.35547514866025,53.609762506975954,48.191204865633935,75.83085683098773,41.77577913019281
dataset/archive/audio_speech_actors_01-24/Actor_20/03-01-05-02-02-01-20.wav,77.24337087244143,67.6269332523406,58.46361424090404,54.00251491185657,50.68472522127283
dataset/archive/audio_speech_actors_01-24/Actor_20/03-01-05-02-02-02-20.wav,57.430879393402435,79.14784653436512,53.659854637084145,84.13640932843842,46.06813124604909
dataset/archive/audio_speech_actors_01-24/Actor_20/03-01-06-01-01-01-20.wav,84.77460642041484,78.65954366489609,64.93797277228117,86.72464388911365,68.07289049870786
dataset/archive/audio_speech_actors_01-24/Actor_20/03-01-06-01-01-02-20.wav,69.6123317350329,75.93520671628315,73.60861635164898,72.87509283629483,75.61881310737692
dataset/archive/audio_speech_actors_01-24/Actor_20/03-01-06-01-02-01-20.wav,53.3024122799488,66.76599134473307,66.77695328958174,67.85653894451806,72.76843497695995
dataset/archive/audio_speech_actors_01-24/Actor_20/03-01-06-01-02-02-20.wav,72.51899580887198,41.98501071964194,85.45610595456361,80.41604754600385,85.0176044181277
dataset/archive/audio_speech_actors_01-24/Actor_20/03-01-06-02-01-01-20.wav,60.78555063720006,59.99647478815196,56.66575308228858,41.35899761304004,64.9926724170935
dataset/archive/audio_speech_actors_01-24/Actor_20/03-01-06-02-01-02-20.wav,78.91655195149059,42.28735612523318,69.51255359882586,66.31508965632227,84.37696765472248
dataset/archive/audio_speech_actors_01-24/Actor_20/03-01-06-02-02-01-20.wav,59.46548538015102,40.30958187511483,61.63095546387182,76.28746947566461,64.78981614381485
dataset/archive/audio_speech_actors_01-24/Actor_20/03-01-06-02-02-02-20.wav,88.46877155494205,56.36086905078186,49.81324236882837,74.91988179221843,44.18289550699281
dataset/archive/audio_speech_actors_01-24/Actor_20/03-01-07-01-01-01-20.wav,85.50864939597962,56.17458621750259,66.5454970023402,61.50990764314443,45.864110352705076
dataset/archive/audio_speech_actors_01-24/Actor_20/03-01-07-01-01-02-20.wav,47.766510782801845,71.1873286313102,85.99814955944044,76.33267463223353,81.74983810561181
dataset/archive/audio_speech_actors_01-24/Actor_20/03-01-07-01-02-01-20.wav,61.89031185737957,58.69500001522102,55.003581031402085,59.4617436455196,43.62652673533152
dataset/archive/audio_speech_actors_01-24/Actor_20/03-01-07-01-02-02-20.wav,55.47709677507996,79.39413593275371,80.94051404750905,53.075009899962076,49.148789740571985
dataset/archive/audio_speech_actors_01-24/Actor_20/03-01-07-02-01-01-20.wav,80.4927743746992,69.91658931406792,60.292765104728794,86.76919635268251,77.8630368304492
dataset/archive/audio_speech_actors_01-24/Actor_20/03-01-07-02-01-02-20.wav,65.65291443084337,83.32006898517179,86.11073319068262,85.35071403482499,72.17260151391784
dataset/archive/audio_speech_actors_01-24/Actor_20/03-01-07-02-02-01-20.wav,89.82923301859893,62.63228467179178,40.821493632598774,66.03151020929441,56.462915754162466
dataset/archive/audio_speech_actors_01-24/Actor_20/03-01-07-02-02-02-20.wav,68.06674900590603,55.801446228524554,74.28491948796247,77.74182734143145,58.541968097896685
dataset/archive/audio_speech_actors_01-24/Actor_20/03-01-08-01-01-01-20.wav,50.21656286680654,66.82747126484517,53.573200657564996,71.66355014957738,68.80121966610204
dataset/archive/audio_speech_actors_01-24/Actor_20/03-01-08-01-01-02-20.wav,62.31403544453709,53.826973777109046,89.03468034609294,88.50148041582777,83.44267375796925
dataset/archive/audio_speech_actors_01-24/Actor_20/03-01-08-01-02-01-20.wav,50.76418774600836,46.84679190608592,78.70518749986809,42.32643652329737,82.3863160528556
dataset/archive/audio_speech_actors_01-24/Actor_20/03-01-08-01-02-02-20.wav,60.09317916296526,48.07076292747944,47.34905352093164,84.72033891726812,69.51557925366126
dataset/archive/audio_speech_actors_01-24/Actor_20/03-01-08-02-01-01-20.wav,73.54080272470267,86.75242856591072,61.27652443194411,88.81761469295,80.49491112689785
dataset/archive/audio_speech_actors_01-24/Actor_20/03-01-08-02-01-02-20.wav,70.72989292511593,56.55625515020623,78.52417986735196,64.47016088662632,81.48028749551887
dataset/archive/audio_speech_actors_01-24/Actor_20/03-01-08-02-02-01-20.wav,87.79574498979011,72.19688465608243,83.21433619147501,80.84726247804004,67.04254563920684
dataset/archive/audio_speech_actors_01-24/Actor_20/03-01-08-02-02-02-20.wav,59.61602978937404,64.49649355498643,63.490894989717546,78.93396287132745,57.47002090357681
dataset/archive/audio_speech_actors_01-24/Actor_21/03-01-01-01-01-01-21.wav,71.76965930068219,71.57213522579849,81.79233954152184,75.38384526061454,67.22866118600136
dataset/archive/audio_speech_actors_01-24/Actor_21/03-01-01-01-01-02-21.wav,57.857574468852135,53.16340341431232,80.79167153432623,77.00560522852228,87.65780768246894
dataset/archive/audio_speech_actors_01-24/Actor_21/03-01-01-01-02-01-21.wav,76.97676169943992,42.16378726069611,75.45240968409698,69.10102623913636,49.139077510577195
dataset/archive/audio_speech_actors_01-24/Actor_21/03-01-01-01-02-02-21.wav,59.549742949297794,77.03418324899013,40.661844785852814,56.12993552986008,81.55769637145214
dataset/archive/audio_speech_actors_01-24/Actor_21/03-01-02-01-01-01-21.wav,45.65930895558977,59.174979513024375,67.99995552675713,87.83663600506296,41.8339611458756
dataset/archive/audio_speech_actors_01-24/Actor_21/03-01-02-01-01-02-21.wav,81.48707015177978,51.93049972033288,65.06137811819565,60.458602579807405,76.06992749111818
dataset/archive/audio_speech_actors_01-24/Actor_21/03-01-02-01-02-01-21.wav,42.579172716175066,77.88980133269138,42.06923917213329,50.48073223170503,76.01792488735
dataset/archive/audio_speech_actors_01-24/Actor_21/03-01-02-01-02-02-21.wav,46.317529473842114,61.60498491640344,57.140030358791506,45.5598504601446,48.83533036591024
dataset/archive/audio_speech_actors_01-24/Actor_21/03-01-02-02-01-01-21.wav,79.31544744567138,51.75806523368353,85.5165643246223,77.90326765852302,49.349248717344096
dataset/archive/audio_speech_actors_01-24/Actor_21/03-01-02-02-01-02-21.wav,56.430830679589704,78.17413999645797,78.74702168776909,87.31640424667518,81.89338570738573
dataset/archive/audio_speech_actors_01-24/Actor_21/03-01-02-02-02-01-21.wav,51.997817937849405,75.38925161594474,63.97670417187723,59.094554000924006,74.1931819133411
dataset/archive/audio_speech_actors_01-24/Actor_21/03-01-02-02-02-02-21.wav,78.10930368014974,87.85618915924056,51.20023079310272,84.28437339986138,81.55604114714487
dataset/archive/audio_speech_actors_01-24/Actor_21/03-01-03-01-01-01-21.wav,64.78895592849834,56.929637364478666,55.66764499558643,54.6767342563765,56.67351475063036
dataset/archive/audio_speech_actors_01-24/Actor_21/03-01-03-01-01-02-21.wav,58.88355788828295,49.43394106262274,40.51270081210238,82.03905589524351,63.474701145976475
dataset/archive/audio_speech_actors_01-24/Actor_21/03-01-03-01-02-01-21.wav,46.90977244639207,52.83517733459375,87.33310538918036,66.59443251526967,85.96923481840099
dataset/archive/audio_speech_actors_01-24/Actor_21/03-01-03-01-02-02-21.wav,42.16764011031496,60.14939135609567,59.0454685791126,84.52997388728087,72.44997178767981
dataset/archive/audio_speech_actors_01-24/Actor_21/03-01-03-02-01-01-21.wav,52.50340783664601,47.73001859019903,71.89369742665576,61.42203968959453,54.97957380694589
dataset/archive/audio_speech_actors_01-24/Actor_21/03-01-03-02-01-02-21.wav,68.88315954582134,80.29693616578078,44.10198173498162,87.94320661566536,84.3621673169888
dataset/archive/audio_speech_actors_01-24/Actor_21/03-01-03-02-02-01-21.wav,53.304432303833735,87.79000761499438,83.42356433065089,65.52164808421016,88.5284075081614
dataset/archive/audio_speech_actors_01-24/Actor_21/03-01-03-02-02-02-21.wav,64.29723807876084,67.41906988604012,65.57219429250831,79.17863117295185,81.89573923616172
dataset/archive/audio_speech_actors_01-24/Actor_21/03-01-04-01-01-01-21.wav,82.46697242191296,84.1867421788006,50.318679768315725,54.268159453218054,49.83932151387876
dataset/archive/audio_speech_actors_01-24/Actor_21/03-01-04-01-01-02-21.wav,66.82016955824163,89.36225039961519,64.04695009140409,61.1110002404767,89.73827027650383
dataset/archive/audio_speech_actors_01-24/Actor_21/03-01-04-01-02-01-21.wav,42.30857625893749,87.6498764011938,87.24865185921942,79.98977350396002,46.632555921328326
dataset/archive/audio_speech_actors_01-24/Actor_21/03-01-04-01-02-02-21.wav,78.01285215847471,84.41630498808959,59.21005844183808,40.819637831164115,57.953963777546974
dataset/archive/audio_speech_actors_01-24/Actor_21/03-01-04-02-01-01-21.wav,58.61331618455604,53.75815150339674,54.554922452942336,61.15950506921963,57.01681503931532
dataset/archive/audio_speech_actors_01-24/Actor_21/03-01-04-02-01-02-21.wav,42.593345386933564,53.08589352780505,53.7513048167599,66.05813834226691,88.13176388328384
dataset/archive/audio_speech_actors_01-24/Actor_21/03-01-04-02-02-01-21.wav,52.0612008978608,59.418386602926745,78.0399456974948,75.61245529907829,52.076763413205654
dataset/archive/audio_speech_actors_01-24/Actor_21/03-01-04-02-02-02-21.wav,43.341434193076516,51.41205000720507,49.1351636115197,58.05265305468851,72.48911888515576
dataset/archive/audio_speech_actors_01-24/Actor_21/03-01-05-01-01-01-21.wav,67.53180438036262,46.34505934582708,54.51860237689981,66.54661737383036,54.166956985536274
dataset/archive/audio_speech_actors_01-24/Actor_21/03-01-05-01-01-02-21.wav,70.70555966909063,55.84328548285785,56.607758874672285,83.57304275627015,69.86562561769905
dataset/archive/audio_speech_actors_01-24/Actor_21/03-01-05-01-02-01-21.wav,51.90350115019041,85.38626481825759,44.383157198184485,50.85890955952136,81.8374033292743
dataset/archive/audio_speech_actors_01-24/Actor_21/03-01-05-01-02-02-21.wav,70.82988339954161,69.73745636302263,81.05189337972749,50.67181694301923,73.16569702840174
dataset/archive/audio_speech_actors_01-24/Actor_21/03-01-05-02-01-01-21.wav,43.879334622074154,79.18896587332306,62.13657400509214,43.18246272772531,52.491487572076
dataset/archive/audio_speech_actors_01-24/Actor_21/03-01-05-02-01-02-21.wav,79.00195168753632,47.446571503020586,76.231465818642,54.92415378757853,61.60606723542479
dataset/archive/audio_speech_actors_01-24/Actor_21/03-01-05-02-02-01-21.wav,87.77139016829348,47.17840552081378,51.471701678298615,84.65456390832074,56.63861298245248
dataset/archive/audio_speech_actors_01-24/Actor_21/03-01-05-02-02-02-21.wav,54.82367638531008,45.02188867013984,88.46590907735207,61.005156726489204,75.94282550299133
dataset/archive/audio_speech_actors_01-24/Actor_21/03-01-06-01-01-01-21.wav,81.00595288617131,51.65878010334377,87.53325910045436,66.52710226103623,55.70197099581696
dataset/archive/audio_speech_actors_01-24/Actor_21/03-01-06-01-01-02-21.wav,63.893803155651085,48.19231980068245,49.98369528095675,76.57454282040001,85.39821381997945
dataset/archive/audio_speech_actors_01-24/Actor_21/03-01-06-01-02-01-21.wav,69.85701363904319,43.094065764495305,84.54096803853697,50.69531052310063,58.3618554368487
dataset/archive/audio_speech_actors_01-24/Actor_21/03-01-06-01-02-02-21.wav,62.01182058918708,53.1478797755804,85.3853035446333,70.79387470568432,45.52465639560848
dataset/archive/audio_speech_actors_01-24/Actor_21/03-01-06-02-01-01-21.wav,75.61443657785503,51.37946728799593,78.62454569000326,59.24960228418601,64.5822595952713
dataset/archive/audio_speech_actors_01-24/Actor_21/03-01-06-02-01-02-21.wav,65.47035129538392,49.69436918710664,71.49643434287208,77.83145473606153,64.25517193873692
dataset/archive/audio_speech_actors_01-24/Actor_21/03-01-06-02-02-01-21.wav,69.97474015969235,60.51067610351382,50.85784878202655,63.47118598399904,47.16229497049218
dataset/archive/audio_speech_actors_01-24/Actor_21/03-01-06-02-02-02-21.wav,41.31605618420964,53.88200110790074,62.947399314745724,75.03863083311748,45.03779140752653
dataset/archive/audio_speech_actors_01-24/Actor_21/03-01-07-01-01-01-21.wav,51.13520147526756,83.36029376623196,62.41762432620858,43.17028782421641,86.95584968970275
dataset/archive/audio_speech_actors_01-24/Actor_21/03-01-07-01-01-02-21.wav,78.80929680178289,76.16559971734429,67.0876526183608,54.01862562477537,62.68815851794082
dataset/archive/audio_speech_actors_01-24/Actor_21/03-01-07-01-02-01-21.wav,64.6500427615035,56.139617810949495,62.1259260355211,61.83487791377563,51.61956077998369
dataset/archive/audio_speech_actors_01-24/Actor_21/03-01-07-01-02-02-21.wav,55.24197315922153,73.48198028805584,76.72893490812578,82.66435098754789,41.72163171858914
dataset/archive/audio_speech_actors_01-24/Actor_21/03-01-07-02-01-01-21.wav,88.51238488132003,54.50933581052925,67.09524048761222,64.36389811044839,59.18654158196256
dataset/archive/audio_speech_actors_01-24/Actor_21/03-01-07-02-01-02-21.wav,66.86407258469647,84.19331583892483,89.35370692883657,64.12904980818912,56.89795238139223
dataset/archive/audio_speech_actors_01-24/Actor_21/03-01-07-02-02-01-21.wav,41.16233716603476,63.15378276992313,40.112710503462104,47.02563128089669,78.09340098482787
dataset/archive/audio_speech_actors_01-24/Actor_21/03-01-07-02-02-02-21.wav,59.90310132093677,89.53585682051016,57.17197385727971,63.10662186147376,67.4744711742643
dataset/archive/audio_speech_actors_01-24/Actor_21/03-01-08-01-01-01-21.wav,50.30333366357052,84.99333822516132,83.63368245571505,71.3320677359479,57.554357380653784
dataset/archive/audio_speech_actors_01-24/Actor_21/03-01-08-01-01-02-21.wav,67.87428464539511,65.00108571738647,56.93619729653625,74.40221665213353,88.89992024293812
dataset/archive/audio_speech_actors_01-24/Actor_21/03-01-08-01-02-01-21.wav,84.75678688503842,55.11078725921088,78.96501012585031,61.62679510154638,48.87200535696007
dataset/archive/audio_speech_actors_01-24/Actor_21/03-01-08-01-02-02-21.wav,40.85037624402035,62.79991409104424,71.10592969610035,47.077233244809996,45.74902227109778
dataset/archive/audio_speech_actors_01-24/Actor_21/03-01-08-02-01-01-21.wav,55.87297114830154,72.47898799224754,81.23557333695362,59.54208281740749,88.28616011641688
dataset/archive/audio_speech_actors_01-24/Actor_21/03-01-08-02-01-02-21.wav,47.932935887571986,71.00204264084363,47.19207681484093,69.7692029501558,47.68983049320256
dataset/archive/audio_speech_actors_01-24/Actor_21/03-01-08-02-02-01-21.wav,89.08225663906912,65.2838836309763,41.86257855783423,61.21540105183517,58.17560483407963
dataset/archive/audio_speech_actors_01-24/Actor_21/03-01-08-02-02-02-21.wav,40.40688663037023,52.77592655443559,83.25640476294134,78.50380747701865,40.32393652612636
dataset/archive/audio_speech_actors_01-24/Actor_22/03-01-01-01-01-01-22.wav,57.67256286988882,41.1325125976397,71.842009446195,76.41696470813942,89.54577091446153
dataset/archive/audio_speech_actors_01-24/Actor_22/03-01-01-01-01-02-22.wav,72.15632204436369,67.8309454732825,61.51983344544157,69.41536389443782,83.3817057003505
dataset/archive/audio_speech_actors_01-24/Actor_22/03-01-01-01-02-01-22.wav,62.35051830461798,66.95297764647813,63.13657437762555,50.05850539211313,83.91867699933505
dataset/archive/audio_speech_actors_01-24/Actor_22/03-01-01-01-02-02-22.wav,76.18476898180529,88.06696236809272,62.632370499404516,70.9173850843465,42.45601732838217
dataset/archive/audio_speech_actors_01-24/Actor_22/03-01-02-01-01-01-22.wav,80.598260930578,50.340365702409656,54.72770862374292,60.61086081939156,74.80734222051798
dataset/archive/audio_speech_actors_01-24/Actor_22/03-01-02-01-01-02-22.wav,79.43713404554592,79.1814425691856,75.19114983324468,47.795178663563306,59.66187519502965
dataset/archive/audio_speech_actors_01-24/Actor_22/03-01-02-01-02-01-22.wav,83.42609428648896,41.714053834249256,51.631510341106264,75.21319613284533,68.04188219122916
dataset/archive/audio_speech_actors_01-24/Actor_22/03-01-02-01-02-02-22.wav,63.106952709404524,49.36867174433557,86.85707980245755,64.21966647651422,78.1668055739504
dataset/archive/audio_speech_actors_01-24/Actor_22/03-01-02-02-01-01-22.wav,64.8906862770403,62.11699567319803,69.91039439010694,44.37700234448868,41.8533760469067
dataset/archive/audio_speech_actors_01-24/Actor_22/03-01-02-02-01-02-22.wav,43.56067481548242,44.66721438283177,86.47241085866514,46.33357796403462,87.69700158655354
dataset/archive/audio_speech_actors_01-24/Actor_22/03-01-02-02-02-01-22.wav,40.69248208057863,62.26667523316485,78.35220931710059,71.3167396992846,50.454158407169004
dataset/archive/audio_speech_actors_01-24/Actor_22/03-01-02-02-02-02-22.wav,78.80485420505283,40.58155487211468,61.26570931234477,73.9273084985202,77.76633665048257
dataset/archive/audio_speech_actors_01-24/Actor_22/03-01-03-01-01-01-22.wav,65.45469517547748,72.9174747634543,49.44439089340353,78.40222771198643,53.509965605534894
dataset/archive/audio_speech_actors_01-24/Actor_22/03-01-03-01-01-02-22.wav,76.88715069873498,53.170455460550954,73.10007617378353,89.8827398560354,73.26717169449631
dataset/archive/audio_speech_actors_01-24/Actor_22/03-01-03-01-02-01-22.wav,73.51256266456458,84.60185053288669,55.19592976978059,77.78580849309805,45.259186782871446
dataset/archive/audio_speech_actors_01-24/Actor_22/03-01-03-01-02-02-22.wav,82.51162716260822,79.88543393804672,40.404559139253706,48.58193872435314,70.54890780359901
dataset/archive/audio_speech_actors_01-24/Actor_22/03-01-03-02-01-01-22.wav,89.00359811897059,89.53719513706446,75.84628090064068,57.56754139513375,78.49617305938297
dataset/archive/audio_speech_actors_01-24/Actor_22/03-01-03-02-01-02-22.wav,68.40607787294316,66.31707724982175,49.34301180006183,74.71094796476007,78.64356453357237
dataset/archive/audio_speech_actors_01-24/Actor_22/03-01-03-02-02-01-22.wav,45.43807667668585,88.37763978197306,79.24999183951527,78.37613801102563,72.41363014775521
dataset/archive/audio_speech_actors_01-24/Actor_22/03-01-03-02-02-02-22.wav,80.64588744347586,73.3134644104292,40.20805458215711,81.64700382104235,42.979859813351865
dataset/archive/audio_speech_actors_01-24/Actor_22/03-01-04-01-01-01-22.wav,83.7512470556746,45.9505947546924,87.46498179871824,63.92761520186118,53.135680244097244
dataset/archive/audio_speech_actors_01-24/Actor_22/03-01-04-01-01-02-22.wav,46.602679672423506,67.43419333437132,86.31565313665465,77.38639922464293,63.626824749827676
dataset/archive/audio_speech_actors_01-24/Actor_22/03-01-04-01-02-01-22.wav,88.97945426381463,66.67289404969193,77.59029321170567,56.95241531509225,60.94867716128738
dataset/archive/audio_speech_actors_01-24/Actor_22/03-01-04-01-02-02-22.wav,44.341474850192654,47.24488205208459,88.6327686329212,76.19496863541458,79.67031253933249
dataset/archive/audio_speech_actors_01-24/Actor_22/03-01-04-02-01-01-22.wav,64.13426713864399,70.94377119248324,60.60404159300329,42.6787555133385,52.007951808034946
dataset/archive/audio_speech_actors_01-24/Actor_22/03-01-04-02-01-02-22.wav,67.03351421922713,51.61018728110484,63.130044386531516,60.986841358740215,42.41165297116359
dataset/archive/audio_speech_actors_01-24/Actor_22/03-01-04-02-02-01-22.wav,66.10911726332142,68.6476665749202,62.39568774414423,76.50088051923085,48.540039493059595
dataset/archive/audio_speech_actors_01-24/Actor_22/03-01-04-02-02-02-22.wav,54.04289342158323,53.048664605190126,87.32161279100009,64.63477280611909,40.27386586199903
dataset/archive/audio_speech_actors_01-24/Actor_22/03-01-05-01-01-01-22.wav,67.47310864255533,77.74325558247271,48.369491732062976,77.87822721061036,81.85510007918359
dataset/archive/audio_speech_actors_01-24/Actor_22/03-01-05-01-01-02-22.wav,55.78539595967166,44.68190039245472,63.80213402378881,46.66389278031774,53.62954748800309
dataset/archive/audio_speech_actors_01-24/Actor_22/03-01-05-01-02-01-22.wav,88.52478412525156,79.84648168196537,72.2749566047004,59.62713668214246,84.81551126816595
dataset/archive/audio_speech_actors_01-24/Actor_22/03-01-05-01-02-02-22.wav,54.433978171195236,88.79652406039406,57.93438322548279,52.44915119631835,59.901823032809915
dataset/archive/audio_speech_actors_01-24/Actor_22/03-01-05-02-01-01-22.wav,77.45304532074707,70.00110722395686,61.37638191197513,58.64550901394154,68.94834311789381
dataset/archive/audio_speech_actors_01-24/Actor_22/03-01-05-02-01-02-22.wav,80.78110798792268,49.793168863912484,47.18324150267999,70.78835076639163,81.95868597783223
dataset/archive/audio_speech_actors_01-24/Actor_22/03-01-05-02-02-01-22.wav,49.623109965021804,58.89643135978916,48.81471070259199,75.08979743704091,79.7157708006691
dataset/archive/audio_speech_actors_01-24/Actor_22/03-01-05-02-02-02-22.wav,46.53773838869401,71.57116641930996,53.60924520181321,78.62125719920192,79.93273867723855
dataset/archive/audio_speech_actors_01-24/Actor_22/03-01-06-01-01-01-22.wav,82.10459792540605,57.82683921476476,71.4016350774994,80.12660006585156,70.05916239779148
dataset/archive/audio_speech_actors_01-24/Actor_22/03-01-06-01-01-02-22.wav,89.71038375142909,42.686343278171506,70.7674470186362,89.16200086861082,56.39503160434487
dataset/archive/audio_speech_actors_01-24/Actor_22/03-01-06-01-02-01-22.wav,42.74521142966934,45.72651314639002,48.95995150323632,85.99691947808601,78.86564079298171
dataset/archive/audio_speech_actors_01-24/Actor_22/03-01-06-01-02-02-22.wav,48.78291364800084,40.92840878223498,46.56150554984546,44.01004533083801,42.019811231166265
dataset/archive/audio_speech_actors_01-24/Actor_22/03-01-06-02-01-01-22.wav,77.10924174744184,82.79366508064263,46.29324724811883,44.96876857883978,75.63430825616155
dataset/archive/audio_speech_actors_01-24/Actor_22/03-01-06-02-01-02-22.wav,86.33736795446875,57.81535464166009,83.52974722516642,81.72576033649439,51.68178076901394
dataset/archive/audio_speech_actors_01-24/Actor_22/03-01-06-02-02-01-22.wav,88.58666362336061,63.87527149246639,41.78689436893339,64.21110041345213,86.37343538865355
dataset/archive/audio_speech_actors_01-24/Actor_22/03-01-06-02-02-02-22.wav,43.054000492685574,69.95840717219279,48.90731345370228,71.28057712277551,46.975893783032
dataset/archive/audio_speech_actors_01-24/Actor_22/03-01-07-01-01-01-22.wav,64.93639519393443,53.36858551248216,64.35769430698976,87.69558508314336,50.99779378176989
dataset/archive/audio_speech_actors_01-24/Actor_22/03-01-07-01-01-02-22.wav,65.74456540535611,58.60318785232057,61.46117370838202,85.42785520528965,80.65218860428425
dataset/archive/audio_speech_actors_01-24/Actor_22/03-01-07-01-02-01-22.wav,63.10440900991099,43.0771025724313,67.44795778378132,62.011056018725284,82.0562077324416
dataset/archive/audio_speech_actors_01-24/Actor_22/03-01-07-01-02-02-22.wav,86.3013601566438,40.62714812933162,53.74273786128772,54.7085859398898,75.16947027990733
dataset/archive/audio_speech_actors_01-24/Actor_22/03-01-07-02-01-01-22.wav,48.09928573433611,52.69682671554416,84.26165850384905,58.697647982646686,44.856088946931166
dataset/archive/audio_speech_actors_01-24/Actor_22/03-01-07-02-01-02-22.wav,52.019754647548474,77.59029208645455,57.51869183180271,84.01994401882286,89.4662972980658
dataset/archive/audio_speech_actors_01-24/Actor_22/03-01-07-02-02-01-22.wav,65.58653687005813,85.45332387726327,63.8555465960216,49.33325271836621,79.98345700209683
dataset/archive/audio_speech_actors_01-24/Actor_22/03-01-07-02-02-02-22.wav,71.59248648246569,44.48055334251229,64.94221493876087,65.48333476754516,82.19796196394404
dataset/archive/audio_speech_actors_01-24/Actor_22/03-01-08-01-01-01-22.wav,68.28202742365363,56.36131566283002,50.29575627172161,59.58890812791656,42.17318402330331
dataset/archive/audio_speech_actors_01-24/Actor_22/03-01-08-01-01-02-22.wav,40.93317448986106,87.89618957653047,56.31566998114671,59.72034332831301,54.97443915205092
dataset/archive/audio_speech_actors_01-24/Actor_22/03-01-08-01-02-01-22.wav,56.95579012699006,78.0782582265449,47.0327796654552,87.06615395836582,51.719529052142434
dataset/archive/audio_speech_actors_01-24/Actor_22/03-01-08-01-02-02-22.wav,77.19922968132465,76.87603520914274,79.20692524289237,43.964871565657205,68.43597601691923
dataset/archive/audio_speech_actors_01-24/Actor_22/03-01-08-02-01-01-22.wav,69.2747833229276,67.16426803017264,55.422391925717946,87.66114853884946,83.34170338904634
dataset/archive/audio_speech_actors_01-24/Actor_22/03-01-08-02-01-02-22.wav,88.2910418605614,72.62750586112107,57.36626828530497,65.39350680196318,54.196376062312815
dataset/archive/audio_speech_actors_01-24/Actor_22/03-01-08-02-02-01-22.wav,78.26669134311229,51.55787263309364,46.30955338491639,64.92843216702826,88.20841098988188
dataset/archive/audio_speech_actors_01-24/Actor_22/03-01-08-02-02-02-22.wav,76.38188969438588,87.97434116536127,80.82429459411553,73.92803179504759,68.25056743500085
dataset/archive/audio_speech_actors_01-24/Actor_23/03-01-01-01-01-01-23.wav,56.23694746512735,40.93342523638302,47.36219279204957,42.08028532501217,47.82555508281628
dataset/archive/audio_speech_actors_01-24/Actor_23/03-01-01-01-01-02-23.wav,76.67456013893715,41.798411700285094,54.67559682790986,48.99507856829673,43.13103359562664
dataset/archive/audio_speech_actors_01-24/Actor_23/03-01-01-01-02-01-23.wav,66.4695012205793,84.20052214581415,87.74741085878983,78.5268300985586,44.047231800290405
dataset/archive/audio_speech_actors_01-24/Actor_23/03-01-01-01-02-02-23.wav,84.86254250713421,53.24982973688108,57.06914048153401,47.699124161384056,82.72624764541897
dataset/archive/audio_speech_actors_01-24/Actor_23/03-01-02-01-01-01-23.wav,65.663129986092,87.64521749193159,88.2389080602029,81.93313778119959,55.831931965061024
dataset/archive/audio_speech_actors_01-24/Actor_23/03-01-02-01-01-02-23.wav,68.28759176690444,81.2373823119797,54.64827655807878,68.35368259055751,47.76757741626699
dataset/archive/audio_speech_actors_01-24/Actor_23/03-01-02-01-02-01-23.wav,55.06605151727816,81.71577989821878,58.77424362350219,40.63201639087778,75.66323549193672
dataset/archive/audio_speech_actors_01-24/Actor_23/03-01-02-01-02-02-23.wav,66.06068251408729,63.34975974852193,59.92722306578642,61.44362337994799,87.75626987220221
dataset/archive/audio_speech_actors_01-24/Actor_23/03-01-02-02-01-01-23.wav,50.651975814481,60.92887511840068,41.93942461948655,87.23328374504914,60.05826371006219
dataset/archive/audio_speech_actors_01-24/Actor_23/03-01-02-02-01-02-23.wav,85.65076909595562,79.50910923839862,49.05739405973621,75.16992753907775,61.075481506707874
dataset/archive/audio_speech_actors_01-24/Actor_23/03-01-02-02-02-01-23.wav,66.92220374239048,69.4322406486121,73.27173303090291,81.99574348755385,87.02953318308046
dataset/archive/audio_speech_actors_01-24/Actor_23/03-01-02-02-02-02-23.wav,66.37190946522718,71.38444572990042,60.042294340411985,56.44676443250237,40.90155816611587
dataset/archive/audio_speech_actors_01-24/Actor_23/03-01-03-01-01-01-23.wav,52.93671053508961,44.55043184974861,77.93897442324135,51.90990585829314,59.796711947231344
dataset/archive/audio_speech_actors_01-24/Actor_23/03-01-03-01-01-02-23.wav,48.6073341822332,55.67765619872842,42.75799736357797,76.72550049675877,50.186182846248535
dataset/archive/audio_speech_actors_01-24/Actor_23/03-01-03-01-02-01-23.wav,43.12958320343211,80.18911434367999,43.49115274523783,63.14917773464917,45.747734583090924
dataset/archive/audio_speech_actors_01-24/Actor_23/03-01-03-01-02-02-23.wav,87.12961151858264,70.28192341035364,45.888133407593585,66.3095734520483,67.73320013097886
dataset/archive/audio_speech_actors_01-24/Actor_23/03-01-03-02-01-01-23.wav,51.95657039004499,83.62245877734475,87.43577771385598,68.73464601429085,58.75739865994375
dataset/archive/audio_speech_actors_01-24/Actor_23/03-01-03-02-01-02-23.wav,69.30889510182959,50.7018514265218,46.01071718893931,89.35153152645357,64.44526189227236
dataset/archive/audio_speech_actors_01-24/Actor_23/03-01-03-02-02-01-23.wav,65.35071598158206,77.11140943195025,74.30937029630354,40.48400363334107,79.46637451058831
dataset/archive/audio_speech_actors_01-24/Actor_23/03-01-03-02-02-02-23.wav,68.16118756107365,66.67076204034676,84.59352510002734,82.412019191263,74.46041196339841
dataset/archive/audio_speech_actors_01-24/Actor_23/03-01-04-01-01-01-23.wav,87.41164390549352,64.3213309445735,82.98171336481542,57.785858156791356,43.003319749041616
dataset/archive/audio_speech_actors_01-24/Actor_23/03-01-04-01-01-02-23.wav,66.81945194119912,62.98761982139895,56.61444911510717,47.11958978028681,70.92674186904176
dataset/archive/audio_speech_actors_01-24/Actor_23/03-01-04-01-02-01-23.wav,59.88408530106571,75.79456039880762,70.24173771921622,45.666629391402054,78.82263800828774
dataset/archive/audio_speech_actors_01-24/Actor_23/03-01-04-01-02-02-23.wav,40.000339705023514,71.26382805493648,66.96996707590941,87.0657678472484,63.073829445806744
dataset/archive/audio_speech_actors_01-24/Actor_23/03-01-04-02-01-01-23.wav,70.69911662378587,73.08884184759935,61.957057401444544,61.03320910740897,49.9625526230273
dataset/archive/audio_speech_actors_01-24/Actor_23/03-01-04-02-01-02-23.wav,45.591573353307126,62.026684594192716,64.95139363806479,65.3225304931374,62.05005294045847
dataset/archive/audio_speech_actors_01-24/Actor_23/03-01-04-02-02-01-23.wav,84.81448584693153,61.92792812644411,75.36985942386147,45.61110562975677,68.9531575456754
dataset/archive/audio_speech_actors_01-24/Actor_23/03-01-04-02-02-02-23.wav,47.98915529050957,65.16642862826723,85.76959471008261,63.963604335286774,78.96723458214042
dataset/archive/audio_speech_actors_01-24/Actor_23/03-01-05-01-01-01-23.wav,66.23772507178116,49.95916632076809,48.573410178496694,85.0079965396569,86.36135389778768
dataset/archive/audio_speech_actors_01-24/Actor_23/03-01-05-01-01-02-23.wav,73.07578883929739,52.41788994775285,42.9128313221562,59.61932121993068,45.90011157605709
dataset/archive/audio_speech_actors_01-24/Actor_23/03-01-05-01-02-01-23.wav,61.80492436071013,55.23811340960887,44.515873958591534,78.78980904276288,77.86785428756397
dataset/archive/audio_speech_actors_01-24/Actor_23/03-01-05-01-02-02-23.wav,57.89164962848975,48.506709519315194,88.44174201938586,79.38768768321394,60.8644309939595
dataset/archive/audio_speech_actors_01-24/Actor_23/03-01-05-02-01-01-23.wav,55.799884556737695,71.90860962948466,78.08579101991114,64.4467674461509,46.816340011125064
dataset/archive/audio_speech_actors_01-24/Actor_23/03-01-05-02-01-02-23.wav,77.09511659331943,72.80391855961727,44.729085289046935,44.015640649098785,55.38093531083003
dataset/archive/audio_speech_actors_01-24/Actor_23/03-01-05-02-02-01-23.wav,73.32407393812241,66.0292537994841,67.69164496357496,47.280116098977395,54.68305754382539
dataset/archive/audio_speech_actors_01-24/Actor_23/03-01-05-02-02-02-23.wav,74.32416583450777,65.19977840925323,44.9315636717777,71.05094862271254,59.52356944015711
dataset/archive/audio_speech_actors_01-24/Actor_23/03-01-06-01-01-01-23.wav,71.00912499852255,77.14038349099309,43.53240450352924,59.25289451457711,46.17192707886663
dataset/archive/audio_speech_actors_01-24/Actor_23/03-01-06-01-01-02-23.wav,64.58270091350784,78.52233740596705,54.4587475227552,86.15614478798997,87.37351387956897
dataset/archive/audio_speech_actors_01-24/Actor_23/03-01-06-01-02-01-23.wav,82.01651830740056,54.562960197358805,42.81966602433582,56.04719839365242,85.6604882763782
dataset/archive/audio_speech_actors_01-24/Actor_23/03-01-06-01-02-02-23.wav,80.42220282204956,55.44925647919752,45.15245850494425,43.9767609078783,56.74887178431275
dataset/archive/audio_speech_actors_01-24/Actor_23/03-01-06-02-01-01-23.wav,51.839042098878814,72.35038415702755,82.17948327509069,88.8626269374499,63.16240425564866
dataset/archive/audio_speech_actors_01-24/Actor_23/03-01-06-02-01-02-23.wav,60.90353625871418,78.1825516442238,54.2456833605284,68.31014892881741,41.98066006079654
dataset/archive/audio_speech_actors_01-24/Actor_23/03-01-06-02-02-01-23.wav,41.44003480677281,84.44252726080624,44.072379348327566,56.43788617839455,71.66343472303873
dataset/archive/audio_speech_actors_01-24/Actor_23/03-01-06-02-02-02-23.wav,82.13710962040795,41.53836963168998,41.917908905576994,58.55423169729616,60.53058814660099
dataset/archive/audio_speech_actors_01-24/Actor_23/03-01-07-01-01-01-23.wav,89.36507692605475,68.7000349270869,43.10959943408961,51.775763198684274,83.09818064862617
dataset/archive/audio_speech_actors_01-24/Actor_23/03-01-07-01-01-02-23.wav,73.05477014970137,44.65359796382502,51.55151195618815,83.1873795288156,40.90595456454863
dataset/archive/audio_speech_actors_01-24/Actor_23/03-01-07-01-02-01-23.wav,88.17304204741507,56.315129861810334,50.15837178330768,64.46052078102443,61.21516906838854
dataset/archive/audio_speech_actors_01-24/Actor_23/03-01-07-01-02-02-23.wav,73.9245668252744,78.40207844280783,80.93755384907568,67.65082904709001,73.6950178796186
dataset/archive/audio_speech_actors_01-24/Actor_23/03-01-07-02-01-01-23.wav,70.47950545421494,50.231589676090294,70.98520828193772,67.74848574168799,76.24762772227788
dataset/archive/audio_speech_actors_01-24/Actor_23/03-01-07-02-01-02-23.wav,58.287772343683926,45.69515648421585,56.71637391362294,57.1929694721758,81.75514161831038
dataset/archive/audio_speech_actors_01-24/Actor_23/03-01-07-02-02-01-23.wav,80.02653855670397,77.69590277766558,52.295947483113245,55.563777130284954,79.04156052884116
dataset/archive/audio_speech_actors_01-24/Actor_23/03-01-07-02-02-02-23.wav,69.7430834859446,87.45806190309787,81.31791241322249,73.79448894335908,45.97336952137852
dataset/archive/audio_speech_actors_01-24/Actor_23/03-01-08-01-01-01-23.wav,67.62584769387692,74.00921392668926,85.87245283798417,79.68373350942514,42.94332584372037
dataset/archive/audio_speech_actors_01-24/Actor_23/03-01-08-01-01-02-23.wav,56.42483068855337,80.81161644136094,48.333869182150934,75.3920332523758,44.06285743504301
dataset/archive/audio_speech_actors_01-24/Actor_23/03-01-08-01-02-01-23.wav,41.29898380861525,54.04802695726977,54.18004841789408,82.4641719778216,77.66581909943682
dataset/archive/audio_speech_actors_01-24/Actor_23/03-01-08-01-02-02-23.wav,58.290277368399906,79.88120162221361,63.943868214166685,81.5601392958203,87.28078305366829
dataset/archive/audio_speech_actors_01-24/Actor_23/03-01-08-02-01-01-23.wav,80.02997690680147,40.26065253238419,80.14999068011555,89.99719856462347,75.89442510661587
dataset/archive/audio_speech_actors_01-24/Actor_23/03-01-08-02-01-02-23.wav,53.96346366034588,57.769446784488096,49.642824293888154,58.08701075232419,71.90676619492547
dataset/archive/audio_speech_actors_01-24/Actor_23/03-01-08-02-02-01-23.wav,53.649857483374824,84.95078513651627,44.11647074398536,61.93812914537273,81.53028661146618
dataset/archive/audio_speech_actors_01-24/Actor_23/03-01-08-02-02-02-23.wav,63.49086801733728,43.46155013995992,78.79230141179207,43.925279338085346,63.367416512008646
dataset/archive/audio_speech_actors_01-24/Actor_24/03-01-01-01-01-01-24.wav,78.48874769656393,61.30883660735365,62.42133111906769,86.29083516524042,74.38274878100032
dataset/archive/audio_speech_actors_01-24/Actor_24/03-01-01-01-01-02-24.wav,72.09505515165264,60.51812742629799,40.657480636139404,44.0424516757493,78.37330360638055
dataset/archive/audio_speech_actors_01-24/Actor_24/03-01-01-01-02-01-24.wav,62.61070393153332,47.007161548819695,71.32209798643368,81.88538991483298,43.82508990482728
dataset/archive/audio_speech_actors_01-24/Actor_24/03-01-01-01-02-02-24.wav,80.19071100020605,75.47654089588809,42.26659064272677,67.22693885157847,83.89081460378534
dataset/archive/audio_speech_actors_01-24/Actor_24/03-01-02-01-01-01-24.wav,66.55986251082734,71.65129730684896,58.97274583756441,87.30404552068228,81.1607546612272
dataset/archive/audio_speech_actors_01-24/Actor_24/03-01-02-01-01-02-24.wav,58.11264804493322,78.29839420500093,65.63997590220805,61.69634182882478,83.97794751187789
dataset/archive/audio_speech_actors_01-24/Actor_24/03-01-02-01-02-01-24.wav,84.74674376201273,71.21121660194856,55.20530354970859,65.76249775800173,49.36225989061449
dataset/archive/audio_speech_actors_01-24/Actor_24/03-01-02-01-02-02-24.wav,78.53177716604984,70.42181133063804,85.85904384748774,81.98677461097391,84.28568015280939
dataset/archive/audio_speech_actors_01-24/Actor_24/03-01-02-02-01-01-24.wav,79.64580559651372,69.95118594168653,66.85287879561531,66.48118624518773,45.42787447739786
dataset/archive/audio_speech_actors_01-24/Actor_24/03-01-02-02-01-02-24.wav,76.6273161261345,62.47696373658563,54.885832778624405,51.21142729157549,72.85622296841515
dataset/archive/audio_speech_actors_01-24/Actor_24/03-01-02-02-02-01-24.wav,82.36886952216972,89.47350473665628,49.79018937592314,47.056495210231475,71.12857112856447
dataset/archive/audio_speech_actors_01-24/Actor_24/03-01-02-02-02-02-24.wav,79.89567776188191,72.96679335262056,72.9596703608249,89.0813050310246,72.3250155468483
dataset/archive/audio_speech_actors_01-24/Actor_24/03-01-03-01-01-01-24.wav,58.51573770120115,84.24375911088794,76.33291949873308,40.49582648680836,85.73021197188307
dataset/archive/audio_speech_actors_01-24/Actor_24/03-01-03-01-01-02-24.wav,61.01962750970875,79.29571771046997,86.1693062531625,46.654929943103525,40.11332735225115
dataset/archive/audio_speech_actors_01-24/Actor_24/03-01-03-01-02-01-24.wav,61.977454305708235,84.3784417410618,88.91078699216934,69.3067023944721,57.86115618915096
dataset/archive/audio_speech_actors_01-24/Actor_24/03-01-03-01-02-02-24.wav,61.21691480283852,70.4718519908026,47.898637643861676,66.80939909159454,81.59541301020195
dataset/archive/audio_speech_actors_01-24/Actor_24/03-01-03-02-01-01-24.wav,75.66997530519481,42.86752806070717,89.48487331789093,83.09359304387296,62.22103143805494
dataset/archive/audio_speech_actors_01-24/Actor_24/03-01-03-02-01-02-24.wav,78.94090159653263,82.30857506699313,51.49166498417718,67.18576513556486,58.418967846680395
dataset/archive/audio_speech_actors_01-24/Actor_24/03-01-03-02-02-01-24.wav,83.95471249848464,61.38986150044062,79.98870620628284,89.35411858039603,42.57071413431875
dataset/archive/audio_speech_actors_01-24/Actor_24/03-01-03-02-02-02-24.wav,82.57487555774021,55.387152707105244,51.829346448614686,59.43364338648786,62.037497057535575
dataset/archive/audio_speech_actors_01-24/Actor_24/03-01-04-01-01-01-24.wav,86.31147313780225,42.16355934449612,42.9533077420521,68.48883655374522,84.50363346493785
dataset/archive/audio_speech_actors_01-24/Actor_24/03-01-04-01-01-02-24.wav,64.52288987857031,52.90962723273331,79.92283626681336,80.85936229751434,45.86180633899745
dataset/archive/audio_speech_actors_01-24/Actor_24/03-01-04-01-02-01-24.wav,45.72942068771767,75.44141963692927,53.58004985286989,88.49300566312209,44.67505575148016
dataset/archive/audio_speech_actors_01-24/Actor_24/03-01-04-01-02-02-24.wav,43.865128851687125,60.57864039953224,53.3559199582738,54.73156409178196,56.12503925525981
dataset/archive/audio_speech_actors_01-24/Actor_24/03-01-04-02-01-01-24.wav,88.64646880003151,77.9276041784108,64.23433666092956,57.243035603024666,84.11370959777082
dataset/archive/audio_speech_actors_01-24/Actor_24/03-01-04-02-01-02-24.wav,49.745518625063774,70.57665742932492,84.58297517477342,67.51946793016877,45.8194430389195
dataset/archive/audio_speech_actors_01-24/Actor_24/03-01-04-02-02-01-24.wav,40.08174754173024,56.4910621850442,44.87416813358955,54.83253765339387,79.15197494486036
dataset/archive/audio_speech_actors_01-24/Actor_24/03-01-04-02-02-02-24.wav,57.72672361313838,51.11385480055724,42.750106143180766,56.342386760073765,47.13360053518048
dataset/archive/audio_speech_actors_01-24/Actor_24/03-01-05-01-01-01-24.wav,75.37540098643288,65.58852308791936,40.2895045409273,89.53814229286678,69.77392975862469
dataset/archive/audio_speech_actors_01-24/Actor_24/03-01-05-01-01-02-24.wav,77.33981662610674,60.01994291612219,44.46031670343527,87.99302128518971,61.3599743678559
dataset/archive/audio_speech_actors_01-24/Actor_24/03-01-05-01-02-01-24.wav,53.63447390456657,58.64882236408201,50.23362846348346,89.66892027258962,47.41714022351435
dataset/archive/audio_speech_actors_01-24/Actor_24/03-01-05-01-02-02-24.wav,83.94245763253741,49.25744598886391,61.640293175591246,72.93129345166466,46.21457088131649
dataset/archive/audio_speech_actors_01-24/Actor_24/03-01-05-02-01-01-24.wav,78.44079712831754,55.644578107689405,79.69090844137051,86.73976631013998,57.387380679514976
dataset/archive/audio_speech_actors_01-24/Actor_24/03-01-05-02-01-02-24.wav,83.70974922390184,41.56815615039175,60.63094804068983,84.3225882665752,63.707310994616066
dataset/archive/audio_speech_actors_01-24/Actor_24/03-01-05-02-02-01-24.wav,43.73375307467536,55.50874113326023,47.07055821977478,68.2493071518281,87.21580449662775
dataset/archive/audio_speech_actors_01-24/Actor_24/03-01-05-02-02-02-24.wav,69.70303538721924,41.55949044583077,57.79087349187587,48.36220557797603,67.86012891430825
dataset/archive/audio_speech_actors_01-24/Actor_24/03-01-06-01-01-01-24.wav,78.46918922670288,57.68562790153565,82.78733040865978,87.05118633664142,50.62185268417392
dataset/archive/audio_speech_actors_01-24/Actor_24/03-01-06-01-01-02-24.wav,61.91078745404522,68.89105957881907,41.083894306742664,72.6301495679466,62.918906221578595
dataset/archive/audio_speech_actors_01-24/Actor_24/03-01-06-01-02-01-24.wav,43.715804650168884,53.82986492373259,87.23906342707691,47.998978636433606,43.37655477716551
dataset/archive/audio_speech_actors_01-24/Actor_24/03-01-06-01-02-02-24.wav,59.85038998391688,54.830942608371096,84.43453554935256,50.15175629206506,41.26169612900713
dataset/archive/audio_speech_actors_01-24/Actor_24/03-01-06-02-01-01-24.wav,74.3984829142112,42.569430486827294,53.25073992045978,89.04213754276698,74.33872814840842
dataset/archive/audio_speech_actors_01-24/Actor_24/03-01-06-02-01-02-24.wav,61.971817319000294,40.70293338082554,60.29411349052382,89.19266159188199,56.94641573972738
dataset/archive/audio_speech_actors_01-24/Actor_24/03-01-06-02-02-01-24.wav,47.94913379579476,85.09064312542172,72.0276841975909,66.10656692932386,48.55363709420306
dataset/archive/audio_speech_actors_01-24/Actor_24/03-01-06-02-02-02-24.wav,45.943094754426326,48.39837181264735,48.60672547126269,45.25684234191546,85.4867040973862
dataset/archive/audio_speech_actors_01-24/Actor_24/03-01-07-01-01-01-24.wav,81.87955325880418,86.45776215295669,71.90160262308547,50.167461228733366,57.583500861608016
dataset/archive/audio_speech_actors_01-24/Actor_24/03-01-07-01-01-02-24.wav,65.8307976297553,50.27912629018717,60.46330759354506,43.82898168618086,55.62110144593916
dataset/archive/audio_speech_actors_01-24/Actor_24/03-01-07-01-02-01-24.wav,56.81954639985734,66.82266437411174,71.54911662175053,50.38697065110533,84.56465232058946
dataset/archive/audio_speech_actors_01-24/Actor_24/03-01-07-01-02-02-24.wav,73.6725055346138,41.9042768613822,50.61209410570345,60.846243344037724,65.336676895405
dataset/archive/audio_speech_actors_01-24/Actor_24/03-01-07-02-01-01-24.wav,42.04357184546924,83.15410953151603,70.78098950979097,62.698871855593026,47.98117769371044
dataset/archive/audio_speech_actors_01-24/Actor_24/03-01-07-02-01-02-24.wav,55.35497981224104,56.11521875883212,67.75708931032797,54.47636048556819,51.19964284123619
dataset/archive/audio_speech_actors_01-24/Actor_24/03-01-07-02-02-01-24.wav,83.27617409627945,57.04674043774705,55.419532911882634,51.80999458068838,84.77871013996176
dataset/archive/audio_speech_actors_01-24/Actor_24/03-01-07-02-02-02-24.wav,82.52056592931666,82.53124941202039,68.3586947358125,56.29091209240108,52.74465120308534
dataset/archive/audio_speech_actors_01-24/Actor_24/03-01-08-01-01-01-24.wav,68.64019551856353,60.4112741574054,85.28661728527726,52.799742790499266,74.16592955179148
dataset/archive/audio_speech_actors_01-24/Actor_24/03-01-08-01-01-02-24.wav,63.973009159771166,59.326302256010784,56.09789151659524,60.30952841157923,46.04392903733706
dataset/archive/audio_speech_actors_01-24/Actor_24/03-01-08-01-02-01-24.wav,89.85616041072782,58.42259550470603,69.64241714787883,82.7837644777085,45.5674261780268
dataset/archive/audio_speech_actors_01-24/Actor_24/03-01-08-01-02-02-24.wav,80.59149375444687,58.60616473043581,54.48116854528199,75.79605984505378,77.24743853707683
dataset/archive/audio_speech_actors_01-24/Actor_24/03-01-08-02-01-01-24.wav,70.689188151412,42.34630666205571,49.420285652259224,85.01383253153898,76.40188163083995
dataset/archive/audio_speech_actors_01-24/Actor_24/03-01-08-02-01-02-24.wav,49.91595946939396,89.58869317461489,73.18030589654364,59.73710810077925,55.54196475194318
dataset/archive/audio_speech_actors_01-24/Actor_24/03-01-08-02-02-01-24.wav,68.12389967156045,72.45426895547675,58.35575370747023,85.99565014859076,50.46686039360819
dataset/archive/audio_speech_actors_01-24/Actor_24/03-01-08-02-02-02-24.wav,81.6023860098811,65.12212457594113,71.13151093525077,55.7495168652375,72.52411068612835
